sponsor_name,facebook_followers_sponsor,x_followers_sponsor,instagram_followers_sponsor,youtube_followers_sponsor,category,source_sheet,snapshot_year_sponsor,social_followers_total_sponsor,platforms_available,facebook_share_sponsor,x_share_sponsor,instagram_share_sponsor,youtube_share_sponsor,log_facebook_followers_sponsor,log_x_followers_sponsor,log_instagram_followers_sponsor,log_youtube_followers_sponsor,log_social_followers_total_sponsor,sponsor_social_total,sponsor_facebook_share,sponsor_x_share,sponsor_instagram_share,sponsor_youtube_share,club_name,facebook_followers_club,x_followers_club,instagram_followers_club,youtube_followers_club,snapshot_year_club,social_followers_total_club,social_platforms_available,facebook_share_club,x_share_club,instagram_share_club,youtube_share_club,log_facebook_followers_club,log_x_followers_club,log_instagram_followers_club,log_youtube_followers_club,log_social_followers_total_club,social_data_status,social_data_notes,sponsor_club_digital_fit,sponsor_club_platform_mix_fit,league,country,SVI_2025,svi_rank,predicted_sponsorship_eur_m,match_based_roi_base_pct,aev_cost_coverage_pct,roi_efficiency_index,roi_proxy_available,sponsor_entity_key,sponsor_club_rank,digital_fit_percentile,svi_percentile,recommendation_class,roi_support,recommendation_evidence,recommendation_priority_order,final_recommendation_rank
Acqua Lete,133405.0,5231.0,24300.0,7040.0,BEVANDE,BEVANDE,2025,169976.0,4,0.7848460959194239,0.030774932931708,0.1429613592507177,0.0414176118981503,11.801152388963446,8.562548893137034,10.098272780745283,8.859505484519133,12.043418412761676,169976.0,0.7848460959194239,0.030774932931708,0.1429613592507177,0.0414176118981503,Inter,35000000.0,2886796.0,14300000.0,4010000.0,2025,56196796.0,4,0.6228113076055083,0.0513694054728671,0.2544629056788219,0.0713563812428025,17.370858648025116,14.875658140966744,16.475770165160203,15.20430204865928,17.8443703203572,WORKBOOK,,97.65980305428027,83.79652116860844,Serie A,Italy,54.34,15,107.45,,,,0,Acqua Lete | BEVANDE,9,91.66666666666666,85.41666666666666,PRIORITY,ROI_NOT_AVAILABLE,SPONSOR_FIT + SVI,1,1
Acqua Lete,133405.0,5231.0,24300.0,7040.0,BEVANDE,BEVANDE,2025,169976.0,4,0.7848460959194239,0.030774932931708,0.1429613592507177,0.0414176118981503,11.801152388963446,8.562548893137034,10.098272780745283,8.859505484519133,12.043418412761676,169976.0,0.7848460959194239,0.030774932931708,0.1429613592507177,0.0414176118981503,Tottenham Hotspur,37000000.0,8700983.0,17400000.0,4900000.0,2025,68000983.0,4,0.5441097814718355,0.1279537826681123,0.2558786539894577,0.0720577818705944,17.426428497635523,15.978946680677376,16.67198082165602,15.404745967162468,18.03503273362392,WORKBOOK,,95.09770854965691,75.92636855524117,Premier League,England,75.82,6,145.22,,,,0,Acqua Lete | BEVANDE,16,84.375,94.79166666666666,PRIORITY,ROI_NOT_AVAILABLE,SPONSOR_FIT + SVI,1,2
Acqua Lete,133405.0,5231.0,24300.0,7040.0,BEVANDE,BEVANDE,2025,169976.0,4,0.7848460959194239,0.030774932931708,0.1429613592507177,0.0414176118981503,11.801152388963446,8.562548893137034,10.098272780745283,8.859505484519133,12.043418412761676,169976.0,0.7848460959194239,0.030774932931708,0.1429613592507177,0.0414176118981503,Milan,29000000.0,7920765.0,18200000.0,2190000.0,2025,57310765.0,4,0.5060131373224559,0.138207280953238,0.317566865492024,0.038212716232282,17.182806422433504,15.884998476285524,16.716932206992077,14.599412558413585,17.863999052343328,WORKBOOK,,91.2915170708328,71.79621457371637,Serie A,Italy,48.15,22,96.56,-81.99956062385442,18.00043937614558,36.26878184590585,1,Acqua Lete | BEVANDE,25,75.0,78.125,PRIORITY,ROI_AVAILABLE,SPONSOR_FIT + SVI + ROI_PROXY,1,3
Adidas,43000000.0,4120476.0,29400000.0,2190000.0,ABBIGLIAMENTO SPORTIVO,ABBIGLIAMENTO SPORTIVO,2025,78710476.0,4,0.5463059326435785,0.05234977870036,0.3735208004586327,0.0278234881974287,17.57671069691365,15.231479491323134,17.196505266322514,14.599412558413585,18.181286830321337,78710476.0,0.5463059326435785,0.05234977870036,0.3735208004586327,0.0278234881974287,Bayern Munich,64000000.0,6494125.0,44100000.0,5120000.0,2025,119714125.0,4,0.5346069229508214,0.0542469403673125,0.3683775828458003,0.0427685538360657,17.974393656948944,15.68640863398211,17.60197036309281,15.448665192328171,18.600617175261277,WORKBOOK,,99.97037127166456,98.31577726944106,Bundesliga,Germany,90.74,3,171.46,-85.76043760399334,14.239562396006654,26.21589395300713,1,Adidas | ABBIGLIAMENTO SPORTIVO,1,100.0,97.91666666666666,PRIORITY,ROI_AVAILABLE,SPONSOR_FIT + SVI + ROI_PROXY,1,1
Adidas,43000000.0,4120476.0,29400000.0,2190000.0,ABBIGLIAMENTO SPORTIVO,ABBIGLIAMENTO SPORTIVO,2025,78710476.0,4,0.5463059326435785,0.05234977870036,0.3735208004586327,0.0278234881974287,17.57671069691365,15.231479491323134,17.196505266322514,14.599412558413585,18.181286830321337,78710476.0,0.5463059326435785,0.05234977870036,0.3735208004586327,0.0278234881974287,Milan,29000000.0,7920765.0,18200000.0,2190000.0,2025,57310765.0,4,0.5060131373224559,0.138207280953238,0.317566865492024,0.038212716232282,17.182806422433504,15.884998476285524,16.716932206992077,14.599412558413585,17.863999052343328,WORKBOOK,,98.80855669421852,90.37532697122688,Serie A,Italy,48.15,22,96.56,-81.99956062385442,18.00043937614558,36.26878184590585,1,Adidas | ABBIGLIAMENTO SPORTIVO,5,95.83333333333334,78.125,PRIORITY,ROI_AVAILABLE,SPONSOR_FIT + SVI + ROI_PROXY,1,2
Adidas,43000000.0,4120476.0,29400000.0,2190000.0,ABBIGLIAMENTO SPORTIVO,ABBIGLIAMENTO SPORTIVO,2025,78710476.0,4,0.5463059326435785,0.05234977870036,0.3735208004586327,0.0278234881974287,17.57671069691365,15.231479491323134,17.196505266322514,14.599412558413585,18.181286830321337,78710476.0,0.5463059326435785,0.05234977870036,0.3735208004586327,0.0278234881974287,Aston Villa,7100000.0,2368453.0,4400000.0,757000.0,2025,14625453.0,4,0.4854550488111376,0.1619404882706881,0.3008453823618318,0.0517590805563424,15.775605482856603,14.677747979582506,15.29711532616119,13.537119853422675,16.49827399333542,WORKBOOK,,97.86989042156216,86.64736980707582,Premier League,England,55.92,14,110.23,,,,0,Adidas | ABBIGLIAMENTO SPORTIVO,10,90.625,86.45833333333334,PRIORITY,ROI_NOT_AVAILABLE,SPONSOR_FIT + SVI,1,3
Allianz,3900000.0,53011.0,152000.0,29800.0,ASSICURAZIONI,ASSICURAZIONI,2025,4134811.0,4,0.943211189096672,0.0128206585500522,0.0367610514724856,0.0072071008807899,15.1764873675101,10.878273582000569,11.93164237875414,10.30229722897745,15.23495241986825,4134811.0,0.943211189096672,0.0128206585500522,0.0367610514724856,0.0072071008807899,Inter,35000000.0,2886796.0,14300000.0,4010000.0,2025,56196796.0,4,0.6228113076055083,0.0513694054728671,0.2544629056788219,0.0713563812428025,17.370858648025116,14.875658140966744,16.475770165160203,15.20430204865928,17.8443703203572,WORKBOOK,,93.35373973740596,67.96001185088362,Serie A,Italy,54.34,15,107.45,,,,0,Allianz | ASSICURAZIONI,11,89.58333333333334,85.41666666666666,PRIORITY,ROI_NOT_AVAILABLE,SPONSOR_FIT + SVI,1,1
Allianz,3900000.0,53011.0,152000.0,29800.0,ASSICURAZIONI,ASSICURAZIONI,2025,4134811.0,4,0.943211189096672,0.0128206585500522,0.0367610514724856,0.0072071008807899,15.1764873675101,10.878273582000569,11.93164237875414,10.30229722897745,15.23495241986825,4134811.0,0.943211189096672,0.0128206585500522,0.0367610514724856,0.0072071008807899,Tottenham Hotspur,37000000.0,8700983.0,17400000.0,4900000.0,2025,68000983.0,4,0.5441097814718355,0.1279537826681123,0.2558786539894577,0.0720577818705944,17.426428497635523,15.978946680677376,16.67198082165602,15.404745967162468,18.03503273362392,WORKBOOK,,89.81122359338293,60.08985923751633,Premier League,England,75.82,6,145.22,,,,0,Allianz | ASSICURAZIONI,17,83.33333333333334,94.79166666666666,PRIORITY,ROI_NOT_AVAILABLE,SPONSOR_FIT + SVI,1,2
Allianz,3900000.0,53011.0,152000.0,29800.0,ASSICURAZIONI,ASSICURAZIONI,2025,4134811.0,4,0.943211189096672,0.0128206585500522,0.0367610514724856,0.0072071008807899,15.1764873675101,10.878273582000569,11.93164237875414,10.30229722897745,15.23495241986825,4134811.0,0.943211189096672,0.0128206585500522,0.0367610514724856,0.0072071008807899,Athletic Bilbao,4300000.0,984531.0,1600000.0,746000.0,2025,7630531.0,4,0.5635256576508241,0.1290252277331682,0.2096839656375159,0.0977651489784918,15.274125813221904,13.79992168034212,14.285514812209817,13.522482219667571,15.847668125600624,WORKBOOK,,92.13252354091532,62.0314468554152,La Liga,Spain,31.48,41,67.25,,,,0,Allianz | ASSICURAZIONI,14,86.45833333333334,58.333333333333336,STRONG_FIT,ROI_NOT_AVAILABLE,SPONSOR_FIT + SVI,2,3
Armani,810422.0,3147936.0,5500000.0,257000.0,MODA,MODA,2025,9715358.0,4,0.083416586398566,0.3240164695938122,0.566113981594914,0.0264529624127078,13.605311612560271,14.962257875612694,15.520258832020865,12.456835254920373,16.089218593276133,9715358.0,0.083416586398566,0.3240164695938122,0.566113981594914,0.0264529624127078,SC Freiburg,393528.0,275132.0,619000.0,24300.0,2025,1311960.0,4,0.299954266898381,0.2097106619104241,0.4718131650355194,0.0185219061556754,12.88291004170983,12.525009896097972,13.335862167174314,10.098272780745283,14.0870335224346,WORKBOOK,,91.7054504812831,78.34623195001849,Bundesliga,Germany,45.12,25,91.23,,,,0,Armani | MODA,1,100.0,75.0,PRIORITY,ROI_NOT_AVAILABLE,SPONSOR_FIT + SVI,1,1
Armani,810422.0,3147936.0,5500000.0,257000.0,MODA,MODA,2025,9715358.0,4,0.083416586398566,0.3240164695938122,0.566113981594914,0.0264529624127078,13.605311612560271,14.962257875612694,15.520258832020865,12.456835254920373,16.089218593276133,9715358.0,0.083416586398566,0.3240164695938122,0.566113981594914,0.0264529624127078,VfB Stuttgart,630221.0,502745.0,725000.0,92700.0,2025,1950666.0,4,0.3230799121940916,0.257729924036201,0.3716679329008656,0.0475222308688417,13.35382741724851,13.127840351362572,13.493928313146206,11.437134538982278,14.483681923335778,WORKBOOK,,87.7387978851694,73.92674057483404,Bundesliga,Germany,45.64,24,92.16,,,,0,Armani | MODA,8,92.70833333333334,76.04166666666666,PRIORITY,ROI_NOT_AVAILABLE,SPONSOR_FIT + SVI,1,2
Armani,810422.0,3147936.0,5500000.0,257000.0,MODA,MODA,2025,9715358.0,4,0.083416586398566,0.3240164695938122,0.566113981594914,0.0264529624127078,13.605311612560271,14.962257875612694,15.520258832020865,12.456835254920373,16.089218593276133,9715358.0,0.083416586398566,0.3240164695938122,0.566113981594914,0.0264529624127078,Real Madrid,132000000.0,48892183.0,180000000.0,19000000.0,2025,379892183.0,4,0.3474670075009151,0.1287001554333114,0.4738186465921569,0.0500141904736165,18.6983124881264,17.705128105269083,19.00846741441004,16.759949589762293,19.75539804411099,WORKBOOK,,85.65449293521546,71.23883508367422,La Liga,Spain,100.0,1,187.75,,,,0,Armani | MODA,13,87.5,100.0,PRIORITY,ROI_NOT_AVAILABLE,SPONSOR_FIT + SVI,1,3
Asics,4800000.0,133440.0,1400000.0,47400.0,ABBIGLIAMENTO SPORTIVO,ABBIGLIAMENTO SPORTIVO,2025,6380840.0,4,0.7522520545884241,0.0209126071175581,0.219406849254957,0.0074284890390606,15.38412668421143,11.80141471156929,14.151983508870948,10.766398604507042,15.668810464815538,6380840.0,0.7522520545884241,0.0209126071175581,0.219406849254957,0.0074284890390606,Inter,35000000.0,2886796.0,14300000.0,4010000.0,2025,56196796.0,4,0.6228113076055083,0.0513694054728671,0.2544629056788219,0.0713563812428025,17.370858648025116,14.875658140966744,16.475770165160203,15.20430204865928,17.8443703203572,WORKBOOK,,98.8823788319134,87.05592530170843,Serie A,Italy,54.34,15,107.45,,,,0,Asics | ABBIGLIAMENTO SPORTIVO,3,97.91666666666666,85.41666666666666,PRIORITY,ROI_NOT_AVAILABLE,SPONSOR_FIT + SVI,1,1
Asics,4800000.0,133440.0,1400000.0,47400.0,ABBIGLIAMENTO SPORTIVO,ABBIGLIAMENTO SPORTIVO,2025,6380840.0,4,0.7522520545884241,0.0209126071175581,0.219406849254957,0.0074284890390606,15.38412668421143,11.80141471156929,14.151983508870948,10.766398604507042,15.668810464815538,6380840.0,0.7522520545884241,0.0209126071175581,0.219406849254957,0.0074284890390606,Tottenham Hotspur,37000000.0,8700983.0,17400000.0,4900000.0,2025,68000983.0,4,0.5441097814718355,0.1279537826681123,0.2558786539894577,0.0720577818705944,17.426428497635523,15.978946680677376,16.67198082165602,15.404745967162468,18.03503273362392,WORKBOOK,,96.59160464466646,79.18577268834113,Premier League,England,75.82,6,145.22,,,,0,Asics | ABBIGLIAMENTO SPORTIVO,14,86.45833333333334,94.79166666666666,PRIORITY,ROI_NOT_AVAILABLE,SPONSOR_FIT + SVI,1,2
Asics,4800000.0,133440.0,1400000.0,47400.0,ABBIGLIAMENTO SPORTIVO,ABBIGLIAMENTO SPORTIVO,2025,6380840.0,4,0.7522520545884241,0.0209126071175581,0.219406849254957,0.0074284890390606,15.38412668421143,11.80141471156929,14.151983508870948,10.766398604507042,15.668810464815538,6380840.0,0.7522520545884241,0.0209126071175581,0.219406849254957,0.0074284890390606,Bayern Munich,64000000.0,6494125.0,44100000.0,5120000.0,2025,119714125.0,4,0.5346069229508214,0.0542469403673125,0.3683775828458003,0.0427685538360657,17.974393656948944,15.68640863398211,17.60197036309281,15.448665192328171,18.600617175261277,WORKBOOK,,94.65059091006157,78.23548683623972,Bundesliga,Germany,90.74,3,171.46,-85.76043760399334,14.239562396006654,26.21589395300713,1,Asics | ABBIGLIAMENTO SPORTIVO,18,82.29166666666666,97.91666666666666,PRIORITY,ROI_AVAILABLE,SPONSOR_FIT + SVI + ROI_PROXY,1,3
Audi,1300000.0,611009.0,5800000.0,335000.0,AUTO,AUTO,2025,8046009.0,4,0.1615707862121456,0.0759393880866899,0.7208542769464961,0.0416355487546683,14.077875591662238,13.322868604631912,15.573368647930426,12.721888795877376,15.90068687434469,8046009.0,0.1615707862121456,0.0759393880866899,0.7208542769464961,0.0416355487546683,RB Leipzig,1400000.0,278845.0,2200000.0,225000.0,2025,4103845.0,4,0.3411434886064167,0.067947254343183,0.5360826249529405,0.0548266320974598,14.151983508870948,12.538414937085085,14.603968372873895,12.323860125621126,15.227435140762214,WORKBOOK,,94.11634119975332,80.72362142629375,Bundesliga,Germany,49.99,19,99.8,,,,0,Audi | AUTO,5,95.83333333333334,81.25,PRIORITY,ROI_NOT_AVAILABLE,SPONSOR_FIT + SVI,1,1
Audi,1300000.0,611009.0,5800000.0,335000.0,AUTO,AUTO,2025,8046009.0,4,0.1615707862121456,0.0759393880866899,0.7208542769464961,0.0416355487546683,14.077875591662238,13.322868604631912,15.573368647930426,12.721888795877376,15.90068687434469,8046009.0,0.1615707862121456,0.0759393880866899,0.7208542769464961,0.0416355487546683,Bayer Leverkusen,3000000.0,482000.0,4600000.0,500000.0,2025,8582000.0,4,0.3495688650664181,0.0561640643206711,0.536005593101841,0.0582614775110696,14.914123179965662,13.085701467719382,15.341567078850604,13.122365377402328,,MANUAL_ESTIMATE_2025,"Manual 2025 approximation from public social-media sources; Facebook=3.0m, X=482k, Instagram=4.6m, YouTube=500k.",93.70290997835367,79.53759923893261,Bundesliga,Germany,52.23,17,103.75,,,,0,Audi | AUTO,6,94.79166666666666,83.33333333333334,PRIORITY,ROI_NOT_AVAILABLE,SPONSOR_FIT + SVI,1,2
Audi,1300000.0,611009.0,5800000.0,335000.0,AUTO,AUTO,2025,8046009.0,4,0.1615707862121456,0.0759393880866899,0.7208542769464961,0.0416355487546683,14.077875591662238,13.322868604631912,15.573368647930426,12.721888795877376,15.90068687434469,8046009.0,0.1615707862121456,0.0759393880866899,0.7208542769464961,0.0416355487546683,Real Madrid,132000000.0,48892183.0,180000000.0,19000000.0,2025,379892183.0,4,0.3474670075009151,0.1287001554333114,0.4738186465921569,0.0500141904736165,18.6983124881264,17.705128105269083,19.00846741441004,16.759949589762293,19.75539804411099,WORKBOOK,,91.22649525826112,75.29643696456608,La Liga,Spain,100.0,1,187.75,,,,0,Audi | AUTO,9,91.66666666666666,100.0,PRIORITY,ROI_NOT_AVAILABLE,SPONSOR_FIT + SVI,1,3
BMW,20000000.0,2669046.0,43400000.0,1920000.0,AUTO,AUTO,2025,67989046.0,4,0.294165033584969,0.0392570003114913,0.6383381228793826,0.028239843224157,16.811242881518265,14.79723203782322,17.585970022112107,14.467836264837162,18.034857176637235,67989046.0,0.294165033584969,0.0392570003114913,0.6383381228793826,0.028239843224157,RB Leipzig,1400000.0,278845.0,2200000.0,225000.0,2025,4103845.0,4,0.3411434886064167,0.067947254343183,0.5360826249529405,0.0548266320974598,14.151983508870948,12.538414937085085,14.603968372873895,12.323860125621126,15.227435140762214,WORKBOOK,,98.87044210165146,89.77445020735578,Bundesliga,Germany,49.99,19,99.8,,,,0,BMW | AUTO,4,96.875,81.25,PRIORITY,ROI_NOT_AVAILABLE,SPONSOR_FIT + SVI,1,1
BMW,20000000.0,2669046.0,43400000.0,1920000.0,AUTO,AUTO,2025,67989046.0,4,0.294165033584969,0.0392570003114913,0.6383381228793826,0.028239843224157,16.811242881518265,14.79723203782322,17.585970022112107,14.467836264837162,18.034857176637235,67989046.0,0.294165033584969,0.0392570003114913,0.6383381228793826,0.028239843224157,Bayer Leverkusen,3000000.0,482000.0,4600000.0,500000.0,2025,8582000.0,4,0.3495688650664181,0.0561640643206711,0.536005593101841,0.0582614775110696,14.914123179965662,13.085701467719382,15.341567078850604,13.122365377402328,,MANUAL_ESTIMATE_2025,"Manual 2025 approximation from public social-media sources; Facebook=3.0m, X=482k, Instagram=4.6m, YouTube=500k.",98.7689600910923,89.76674702224584,Bundesliga,Germany,52.23,17,103.75,,,,0,BMW | AUTO,5,95.83333333333334,83.33333333333334,PRIORITY,ROI_NOT_AVAILABLE,SPONSOR_FIT + SVI,1,2
BMW,20000000.0,2669046.0,43400000.0,1920000.0,AUTO,AUTO,2025,67989046.0,4,0.294165033584969,0.0392570003114913,0.6383381228793826,0.028239843224157,16.811242881518265,14.79723203782322,17.585970022112107,14.467836264837162,18.034857176637235,67989046.0,0.294165033584969,0.0392570003114913,0.6383381228793826,0.028239843224157,Borussia Dortmund,16000000.0,4062923.0,20800000.0,1570000.0,2025,42432923.0,4,0.3770657043824202,0.0957493076779085,0.4901854156971463,0.0369995722425249,16.588099342704055,15.21741346940481,16.85046359274847,14.266586814266963,17.563435128308676,WORKBOOK,,97.04927261722789,85.18472928177636,Bundesliga,Germany,68.72,8,132.75,-92.09067523851078,7.909324761489218,9.295061495237812,1,BMW | AUTO,7,93.75,92.70833333333334,PRIORITY,ROI_AVAILABLE,SPONSOR_FIT + SVI + ROI_PROXY,1,3
BNL BNP Paribas,238145.0,1917.0,2674.0,10500.0,BANCHE,BANCHE,2025,253236.0,4,0.940407367041021,0.0075700137421219,0.0105593201598508,0.0414632990570061,12.38063920995106,7.559038255443384,7.891704659330107,9.259225769705994,12.44208108811814,253236.0,0.940407367041021,0.0075700137421219,0.0105593201598508,0.0414632990570061,Inter,35000000.0,2886796.0,14300000.0,4010000.0,2025,56196796.0,4,0.6228113076055083,0.0513694054728671,0.2544629056788219,0.0713563812428025,17.370858648025116,14.875658140966744,16.475770165160203,15.20430204865928,17.8443703203572,WORKBOOK,,92.63792667734177,68.24039405644872,Serie A,Italy,54.34,15,107.45,,,,0,BNL BNP Paribas | BANCHE,11,89.58333333333334,85.41666666666666,PRIORITY,ROI_NOT_AVAILABLE,SPONSOR_FIT + SVI,1,1
BNL BNP Paribas,238145.0,1917.0,2674.0,10500.0,BANCHE,BANCHE,2025,253236.0,4,0.940407367041021,0.0075700137421219,0.0105593201598508,0.0414632990570061,12.38063920995106,7.559038255443384,7.891704659330107,9.259225769705994,12.44208108811814,253236.0,0.940407367041021,0.0075700137421219,0.0105593201598508,0.0414632990570061,Tottenham Hotspur,37000000.0,8700983.0,17400000.0,4900000.0,2025,68000983.0,4,0.5441097814718355,0.1279537826681123,0.2558786539894577,0.0720577818705944,17.426428497635523,15.978946680677376,16.67198082165602,15.404745967162468,18.03503273362392,WORKBOOK,,88.95812986291689,60.370241443081454,Premier League,England,75.82,6,145.22,,,,0,BNL BNP Paribas | BANCHE,18,82.29166666666666,94.79166666666666,PRIORITY,ROI_NOT_AVAILABLE,SPONSOR_FIT + SVI,1,2
BNL BNP Paribas,238145.0,1917.0,2674.0,10500.0,BANCHE,BANCHE,2025,253236.0,4,0.940407367041021,0.0075700137421219,0.0105593201598508,0.0414632990570061,12.38063920995106,7.559038255443384,7.891704659330107,9.259225769705994,12.44208108811814,253236.0,0.940407367041021,0.0075700137421219,0.0105593201598508,0.0414632990570061,Athletic Bilbao,4300000.0,984531.0,1600000.0,746000.0,2025,7630531.0,4,0.5635256576508241,0.1290252277331682,0.2096839656375159,0.0977651489784918,15.274125813221904,13.79992168034212,14.285514812209817,13.522482219667571,15.847668125600624,WORKBOOK,,91.63900494807176,62.31182906098031,La Liga,Spain,31.48,41,67.25,,,,0,BNL BNP Paribas | BANCHE,14,86.45833333333334,58.333333333333336,STRONG_FIT,ROI_NOT_AVAILABLE,SPONSOR_FIT + SVI,2,3
BYD,356612.0,87910.0,247000.0,28900.0,AUTO,AUTO,2025,720422.0,4,0.495004316914253,0.1220257016026717,0.3428546046622674,0.0401153768208078,12.78440643915892,11.38408021805069,12.417147664184917,10.27163147557801,13.487593818481676,720422.0,0.495004316914253,0.1220257016026717,0.3428546046622674,0.0401153768208078,Milan,29000000.0,7920765.0,18200000.0,2190000.0,2025,57310765.0,4,0.5060131373224559,0.138207280953238,0.317566865492024,0.038212716232282,17.182806422433504,15.884998476285524,16.716932206992077,14.599412558413585,17.863999052343328,WORKBOOK,,99.86459384805354,97.28096002412308,Serie A,Italy,48.15,22,96.56,-81.99956062385442,18.00043937614558,36.26878184590585,1,BYD | AUTO,2,98.95833333333334,78.125,PRIORITY,ROI_AVAILABLE,SPONSOR_FIT + SVI + ROI_PROXY,1,1
BYD,356612.0,87910.0,247000.0,28900.0,AUTO,AUTO,2025,720422.0,4,0.495004316914253,0.1220257016026717,0.3428546046622674,0.0401153768208078,12.78440643915892,11.38408021805069,12.417147664184917,10.27163147557801,13.487593818481676,720422.0,0.495004316914253,0.1220257016026717,0.3428546046622674,0.0401153768208078,Aston Villa,7100000.0,2368453.0,4400000.0,757000.0,2025,14625453.0,4,0.4854550488111376,0.1619404882706881,0.3008453823618318,0.0517590805563424,15.775605482856603,14.677747979582506,15.29711532616119,13.537119853422675,16.49827399333542,WORKBOOK,,99.5649358262958,94.8441509596449,Premier League,England,55.92,14,110.23,,,,0,BYD | AUTO,5,95.83333333333334,86.45833333333334,PRIORITY,ROI_NOT_AVAILABLE,SPONSOR_FIT + SVI,1,2
BYD,356612.0,87910.0,247000.0,28900.0,AUTO,AUTO,2025,720422.0,4,0.495004316914253,0.1220257016026717,0.3428546046622674,0.0401153768208078,12.78440643915892,11.38408021805069,12.417147664184917,10.27163147557801,13.487593818481676,720422.0,0.495004316914253,0.1220257016026717,0.3428546046622674,0.0401153768208078,Bayern Munich,64000000.0,6494125.0,44100000.0,5120000.0,2025,119714125.0,4,0.5346069229508214,0.0542469403673125,0.3683775828458003,0.0427685538360657,17.974393656948944,15.68640863398211,17.60197036309281,15.448665192328171,18.600617175261277,WORKBOOK,,99.3238030489844,93.22212387646408,Bundesliga,Germany,90.74,3,171.46,-85.76043760399334,14.239562396006654,26.21589395300713,1,BYD | AUTO,6,94.79166666666666,97.91666666666666,PRIORITY,ROI_AVAILABLE,SPONSOR_FIT + SVI + ROI_PROXY,1,3
Banca popolare di Milano,11855.0,2109.0,5667.0,1350.0,BANCHE,BANCHE,2025,20981.0,4,0.5650350316953434,0.1005195176588341,0.2701015204232401,0.0643439302225823,9.380589347535867,7.654443226470112,8.64259160081057,7.208600337960199,9.95142020629143,20981.0,0.5650350316953434,0.1005195176588341,0.2701015204232401,0.0643439302225823,Tottenham Hotspur,37000000.0,8700983.0,17400000.0,4900000.0,2025,68000983.0,4,0.5441097814718355,0.1279537826681123,0.2558786539894577,0.0720577818705944,17.426428497635523,15.978946680677376,16.67198082165602,15.404745967162468,18.03503273362392,WORKBOOK,,99.85981415207024,96.48518833427096,Premier League,England,75.82,6,145.22,,,,0,Banca popolare di Milano | BANCHE,1,100.0,94.79166666666666,PRIORITY,ROI_NOT_AVAILABLE,SPONSOR_FIT + SVI,1,1
Banca popolare di Milano,11855.0,2109.0,5667.0,1350.0,BANCHE,BANCHE,2025,20981.0,4,0.5650350316953434,0.1005195176588341,0.2701015204232401,0.0643439302225823,9.380589347535867,7.654443226470112,8.64259160081057,7.208600337960199,9.95142020629143,20981.0,0.5650350316953434,0.1005195176588341,0.2701015204232401,0.0643439302225823,Inter,35000000.0,2886796.0,14300000.0,4010000.0,2025,56196796.0,4,0.6228113076055083,0.0513694054728671,0.2544629056788219,0.0713563812428025,17.370858648025116,14.875658140966744,16.475770165160203,15.20430204865928,17.8443703203572,WORKBOOK,,99.4949559463165,93.52112730696147,Serie A,Italy,54.34,15,107.45,,,,0,Banca popolare di Milano | BANCHE,4,96.875,85.41666666666666,PRIORITY,ROI_NOT_AVAILABLE,SPONSOR_FIT + SVI,1,2
Banca popolare di Milano,11855.0,2109.0,5667.0,1350.0,BANCHE,BANCHE,2025,20981.0,4,0.5650350316953434,0.1005195176588341,0.2701015204232401,0.0643439302225823,9.380589347535867,7.654443226470112,8.64259160081057,7.208600337960199,9.95142020629143,20981.0,0.5650350316953434,0.1005195176588341,0.2701015204232401,0.0643439302225823,Milan,29000000.0,7920765.0,18200000.0,2190000.0,2025,57310765.0,4,0.5060131373224559,0.138207280953238,0.317566865492024,0.038212716232282,17.182806422433504,15.884998476285524,16.716932206992077,14.599412558413585,17.863999052343328,WORKBOOK,,99.06776472640104,91.48468916368122,Serie A,Italy,48.15,22,96.56,-81.99956062385442,18.00043937614558,36.26878184590585,1,Banca popolare di Milano | BANCHE,10,90.625,78.125,PRIORITY,ROI_AVAILABLE,SPONSOR_FIT + SVI + ROI_PROXY,1,3
Barclays,625108.0,298042.0,76200.0,30800.0,BANCHE,BANCHE,2025,1030150.0,4,0.6068126001067806,0.2893190312090472,0.0739698102218123,0.0298985584623598,13.345681313512626,12.604993050379989,11.241129864948206,10.335302435967074,13.845215951402553,1030150.0,0.6068126001067806,0.2893190312090472,0.0739698102218123,0.0298985584623598,SV Werder Bremen,1100000.0,476903.0,582000.0,167000.0,2025,2325903.0,4,0.4729345978744599,0.205039935027385,0.2502253963299415,0.0718000707682134,13.910821646859096,13.07507049175376,13.274227444925158,12.025755079404917,14.659619338638072,WORKBOOK,,93.86750899732306,78.18429015860173,Bundesliga,Germany,46.73,23,94.08,,,,0,Barclays | BANCHE,13,87.5,77.08333333333334,PRIORITY,ROI_NOT_AVAILABLE,SPONSOR_FIT + SVI,1,1
Barclays,625108.0,298042.0,76200.0,30800.0,BANCHE,BANCHE,2025,1030150.0,4,0.6068126001067806,0.2893190312090472,0.0739698102218123,0.0298985584623598,13.345681313512626,12.604993050379989,11.241129864948206,10.335302435967074,13.845215951402553,1030150.0,0.6068126001067806,0.2893190312090472,0.0739698102218123,0.0298985584623598,Tottenham Hotspur,37000000.0,8700983.0,17400000.0,4900000.0,2025,68000983.0,4,0.5441097814718355,0.1279537826681123,0.2558786539894577,0.0720577818705944,17.426428497635523,15.978946680677376,16.67198082165602,15.404745967162468,18.03503273362392,WORKBOOK,,92.66467270970716,77.593193282412,Premier League,England,75.82,6,145.22,,,,0,Barclays | BANCHE,18,82.29166666666666,94.79166666666666,PRIORITY,ROI_NOT_AVAILABLE,SPONSOR_FIT + SVI,1,2
Barclays,625108.0,298042.0,76200.0,30800.0,BANCHE,BANCHE,2025,1030150.0,4,0.6068126001067806,0.2893190312090472,0.0739698102218123,0.0298985584623598,13.345681313512626,12.604993050379989,11.241129864948206,10.335302435967074,13.845215951402553,1030150.0,0.6068126001067806,0.2893190312090472,0.0739698102218123,0.0298985584623598,Lens,1200000.0,370482.0,490000.0,135000.0,2025,2195482.0,4,0.5465770158899048,0.1687474550007697,0.2231856148217111,0.0614899142876142,13.997832948091215,12.822562838724958,13.102162710901052,11.81303746480054,14.601912625843022,WORKBOOK,,95.4705409872536,81.91928395748468,Ligue 1,France,32.44,40,68.94,,,,0,Barclays | BANCHE,6,94.79166666666666,59.375,STRONG_FIT,ROI_NOT_AVAILABLE,SPONSOR_FIT + SVI,2,3
Barilla,2700000.0,18679.0,203000.0,67500.0,ALIMENTARI,ALIMENTARI,2025,2989179.0,4,0.9032580517928168,0.0062488730183103,0.0679116238940525,0.0225814512948204,14.80876270134486,9.835208711782832,12.220966184120163,11.119897691565695,14.91050966026251,2989179.0,0.9032580517928168,0.0062488730183103,0.0679116238940525,0.0225814512948204,Inter,35000000.0,2886796.0,14300000.0,4010000.0,2025,56196796.0,4,0.6228113076055083,0.0513694054728671,0.2544629056788219,0.0713563812428025,17.370858648025116,14.875658140966744,16.475770165160203,15.20430204865928,17.8443703203572,WORKBOOK,,94.62718438278964,71.95532558126916,Serie A,Italy,54.34,15,107.45,,,,0,Barilla | ALIMENTARI,11,89.58333333333334,85.41666666666666,PRIORITY,ROI_NOT_AVAILABLE,SPONSOR_FIT + SVI,1,1
Barilla,2700000.0,18679.0,203000.0,67500.0,ALIMENTARI,ALIMENTARI,2025,2989179.0,4,0.9032580517928168,0.0062488730183103,0.0679116238940525,0.0225814512948204,14.80876270134486,9.835208711782832,12.220966184120163,11.119897691565695,14.91050966026251,2989179.0,0.9032580517928168,0.0062488730183103,0.0679116238940525,0.0225814512948204,Tottenham Hotspur,37000000.0,8700983.0,17400000.0,4900000.0,2025,68000983.0,4,0.5441097814718355,0.1279537826681123,0.2558786539894577,0.0720577818705944,17.426428497635523,15.978946680677376,16.67198082165602,15.404745967162468,18.03503273362392,WORKBOOK,,91.16354580112784,64.08517296790188,Premier League,England,75.82,6,145.22,,,,0,Barilla | ALIMENTARI,17,83.33333333333334,94.79166666666666,PRIORITY,ROI_NOT_AVAILABLE,SPONSOR_FIT + SVI,1,2
Barilla,2700000.0,18679.0,203000.0,67500.0,ALIMENTARI,ALIMENTARI,2025,2989179.0,4,0.9032580517928168,0.0062488730183103,0.0679116238940525,0.0225814512948204,14.80876270134486,9.835208711782832,12.220966184120163,11.119897691565695,14.91050966026251,2989179.0,0.9032580517928168,0.0062488730183103,0.0679116238940525,0.0225814512948204,Athletic Bilbao,4300000.0,984531.0,1600000.0,746000.0,2025,7630531.0,4,0.5635256576508241,0.1290252277331682,0.2096839656375159,0.0977651489784918,15.274125813221904,13.79992168034212,14.285514812209817,13.522482219667571,15.847668125600624,WORKBOOK,,93.27274234170672,66.02676058580073,La Liga,Spain,31.48,41,67.25,,,,0,Barilla | ALIMENTARI,14,86.45833333333334,58.333333333333336,STRONG_FIT,ROI_NOT_AVAILABLE,SPONSOR_FIT + SVI,2,3
Bosch,1200000.0,241848.0,177000.0,34500.0,ALTRO,ALTRO,2025,1653348.0,4,0.7258000130644002,0.1462777346329992,0.107055501926999,0.0208667503756015,13.997832948091215,12.396068843448289,12.08391066125752,10.448743588106623,14.318313485794556,1653348.0,0.7258000130644002,0.1462777346329992,0.107055501926999,0.0208667503756015,Inter,35000000.0,2886796.0,14300000.0,4010000.0,2025,56196796.0,4,0.6228113076055083,0.0513694054728671,0.2544629056788219,0.0713563812428025,17.370858648025116,14.875658140966744,16.475770165160203,15.20430204865928,17.8443703203572,WORKBOOK,,96.15881827602024,80.21029653809761,Serie A,Italy,54.34,15,107.45,,,,0,Bosch | ALTRO,14,86.45833333333334,85.41666666666666,PRIORITY,ROI_NOT_AVAILABLE,SPONSOR_FIT + SVI,1,1
Bosch,1200000.0,241848.0,177000.0,34500.0,ALTRO,ALTRO,2025,1653348.0,4,0.7258000130644002,0.1462777346329992,0.107055501926999,0.0208667503756015,13.997832948091215,12.396068843448289,12.08391066125752,10.448743588106623,14.318313485794556,1653348.0,0.7258000130644002,0.1462777346329992,0.107055501926999,0.0208667503756015,Tottenham Hotspur,37000000.0,8700983.0,17400000.0,4900000.0,2025,68000983.0,4,0.5441097814718355,0.1279537826681123,0.2558786539894577,0.0720577818705944,17.426428497635523,15.978946680677376,16.67198082165602,15.404745967162468,18.03503273362392,WORKBOOK,,95.53532214020356,79.99858164425484,Premier League,England,75.82,6,145.22,,,,0,Bosch | ALTRO,17,83.33333333333334,94.79166666666666,PRIORITY,ROI_NOT_AVAILABLE,SPONSOR_FIT + SVI,1,2
Bosch,1200000.0,241848.0,177000.0,34500.0,ALTRO,ALTRO,2025,1653348.0,4,0.7258000130644002,0.1462777346329992,0.107055501926999,0.0208667503756015,13.997832948091215,12.396068843448289,12.08391066125752,10.448743588106623,14.318313485794556,1653348.0,0.7258000130644002,0.1462777346329992,0.107055501926999,0.0208667503756015,SV Werder Bremen,1100000.0,476903.0,582000.0,167000.0,2025,2325903.0,4,0.4729345978744599,0.205039935027385,0.2502253963299415,0.0718000707682134,13.910821646859096,13.07507049175376,13.274227444925158,12.025755079404917,14.659619338638072,WORKBOOK,,92.9107652392475,74.71345848100597,Bundesliga,Germany,46.73,23,94.08,,,,0,Bosch | ALTRO,23,77.08333333333334,77.08333333333334,PRIORITY,ROI_NOT_AVAILABLE,SPONSOR_FIT + SVI,1,3
Bridgestone,496048.0,120154.0,139000.0,18000.0,PNEUMATICI,PNEUMATICI,2025,773202.0,4,0.6415503322547019,0.1553979425816281,0.1797719095398098,0.0232798156238602,13.114429991150203,11.696537854947106,11.842236406331557,9.798182590890704,13.558296906288092,773202.0,0.6415503322547019,0.1553979425816281,0.1797719095398098,0.0232798156238602,Tottenham Hotspur,37000000.0,8700983.0,17400000.0,4900000.0,2025,68000983.0,4,0.5441097814718355,0.1279537826681123,0.2558786539894577,0.0720577818705944,17.426428497635523,15.978946680677376,16.67198082165602,15.404745967162468,18.03503273362392,WORKBOOK,,98.33408460436252,87.51152893036178,Premier League,England,75.82,6,145.22,,,,0,Bridgestone | PNEUMATICI,12,88.54166666666666,94.79166666666666,PRIORITY,ROI_NOT_AVAILABLE,SPONSOR_FIT + SVI,1,1
Bridgestone,496048.0,120154.0,139000.0,18000.0,PNEUMATICI,PNEUMATICI,2025,773202.0,4,0.6415503322547019,0.1553979425816281,0.1797719095398098,0.0232798156238602,13.114429991150203,11.696537854947106,11.842236406331557,9.798182590890704,13.558296906288092,773202.0,0.6415503322547019,0.1553979425816281,0.1797719095398098,0.0232798156238602,Inter,35000000.0,2886796.0,14300000.0,4010000.0,2025,56196796.0,4,0.6228113076055083,0.0513694054728671,0.2544629056788219,0.0713563812428025,17.370858648025116,14.875658140966744,16.475770165160203,15.20430204865928,17.8443703203572,WORKBOOK,,97.95175855259504,87.72324382420456,Serie A,Italy,54.34,15,107.45,,,,0,Bridgestone | PNEUMATICI,15,85.41666666666666,85.41666666666666,PRIORITY,ROI_NOT_AVAILABLE,SPONSOR_FIT + SVI,1,2
Bridgestone,496048.0,120154.0,139000.0,18000.0,PNEUMATICI,PNEUMATICI,2025,773202.0,4,0.6415503322547019,0.1553979425816281,0.1797719095398098,0.0232798156238602,13.114429991150203,11.696537854947106,11.842236406331557,9.798182590890704,13.558296906288092,773202.0,0.6415503322547019,0.1553979425816281,0.1797719095398098,0.0232798156238602,SV Werder Bremen,1100000.0,476903.0,582000.0,167000.0,2025,2325903.0,4,0.4729345978744599,0.205039935027385,0.2502253963299415,0.0718000707682134,13.910821646859096,13.07507049175376,13.274227444925158,12.025755079404917,14.659619338638072,WORKBOOK,,96.61648122329612,83.1384265619758,Bundesliga,Germany,46.73,23,94.08,,,,0,Bridgestone | PNEUMATICI,20,80.20833333333334,77.08333333333334,PRIORITY,ROI_NOT_AVAILABLE,SPONSOR_FIT + SVI,1,3
Budweiser,14000000.0,33683.0,735000.0,223000.0,BIRRA,BIRRA,2025,14991683.0,4,0.9338511226524734,0.0022467790974502,0.0490271839392548,0.0148749143108215,16.454567959008102,10.424778226149884,13.507627138738266,12.314931534737134,16.52300620532998,14991683.0,0.9338511226524734,0.0022467790974502,0.0490271839392548,0.0148749143108215,Inter,35000000.0,2886796.0,14300000.0,4010000.0,2025,56196796.0,4,0.6228113076055083,0.0513694054728671,0.2544629056788219,0.0713563812428025,17.370858648025116,14.875658140966744,16.475770165160203,15.20430204865928,17.8443703203572,WORKBOOK,,93.80433447902868,68.8960184953035,Serie A,Italy,54.34,15,107.45,,,,0,Budweiser | BIRRA,11,89.58333333333334,85.41666666666666,PRIORITY,ROI_NOT_AVAILABLE,SPONSOR_FIT + SVI,1,1
Budweiser,14000000.0,33683.0,735000.0,223000.0,BIRRA,BIRRA,2025,14991683.0,4,0.9338511226524734,0.0022467790974502,0.0490271839392548,0.0148749143108215,16.454567959008102,10.424778226149884,13.507627138738266,12.314931534737134,16.52300620532998,14991683.0,0.9338511226524734,0.0022467790974502,0.0490271839392548,0.0148749143108215,Tottenham Hotspur,37000000.0,8700983.0,17400000.0,4900000.0,2025,68000983.0,4,0.5441097814718355,0.1279537826681123,0.2558786539894577,0.0720577818705944,17.426428497635523,15.978946680677376,16.67198082165602,15.404745967162468,18.03503273362392,WORKBOOK,,90.17883070470045,61.02586588193621,Premier League,England,75.82,6,145.22,,,,0,Budweiser | BIRRA,17,83.33333333333334,94.79166666666666,PRIORITY,ROI_NOT_AVAILABLE,SPONSOR_FIT + SVI,1,2
Budweiser,14000000.0,33683.0,735000.0,223000.0,BIRRA,BIRRA,2025,14991683.0,4,0.9338511226524734,0.0022467790974502,0.0490271839392548,0.0148749143108215,16.454567959008102,10.424778226149884,13.507627138738266,12.314931534737134,16.52300620532998,14991683.0,0.9338511226524734,0.0022467790974502,0.0490271839392548,0.0148749143108215,Athletic Bilbao,4300000.0,984531.0,1600000.0,746000.0,2025,7630531.0,4,0.5635256576508241,0.1290252277331682,0.2096839656375159,0.0977651489784918,15.274125813221904,13.79992168034212,14.285514812209817,13.522482219667571,15.847668125600624,WORKBOOK,,92.42818677958616,62.96745349983507,La Liga,Spain,31.48,41,67.25,,,,0,Budweiser | BIRRA,14,86.45833333333334,58.333333333333336,STRONG_FIT,ROI_NOT_AVAILABLE,SPONSOR_FIT + SVI,2,3
Burberry,17000000.0,7286918.0,20200000.0,430000.0,MODA,MODA,2025,44916918.0,4,0.3784765464095288,0.1622310328593783,0.4497191904395577,0.0095732302915351,16.648723960844016,15.801591380905172,16.821193211876384,12.971542813248435,17.62032509688025,44916918.0,0.3784765464095288,0.1622310328593783,0.4497191904395577,0.0095732302915351,Real Madrid,132000000.0,48892183.0,180000000.0,19000000.0,2025,379892183.0,4,0.3474670075009151,0.1287001554333114,0.4738186465921569,0.0500141904736165,18.6983124881264,17.705128105269083,19.00846741441004,16.759949589762293,19.75539804411099,WORKBOOK,,99.4209267590621,93.54595836653196,La Liga,Spain,100.0,1,187.75,,,,0,Burberry | MODA,6,94.79166666666666,100.0,PRIORITY,ROI_NOT_AVAILABLE,SPONSOR_FIT + SVI,1,1
Burberry,17000000.0,7286918.0,20200000.0,430000.0,MODA,MODA,2025,44916918.0,4,0.3784765464095288,0.1622310328593783,0.4497191904395577,0.0095732302915351,16.648723960844016,15.801591380905172,16.821193211876384,12.971542813248435,17.62032509688025,44916918.0,0.3784765464095288,0.1622310328593783,0.4497191904395577,0.0095732302915351,Barcelona,123000000.0,46132210.0,146000000.0,25100000.0,2025,340232210.0,4,0.3615177998579264,0.1355903663559661,0.4291186892622541,0.0737731445238532,18.627694921466773,17.64702198414912,18.79911718652193,17.038378443942648,19.64513891598361,WORKBOOK,,99.32859513438564,93.58000857676818,La Liga,Spain,91.92,2,173.54,-59.50436463636013,40.49563536363987,96.398821883193,1,Burberry | MODA,7,93.75,98.95833333333334,PRIORITY,ROI_RELATIVELY_STRONG,SPONSOR_FIT + SVI + ROI_PROXY,1,2
Burberry,17000000.0,7286918.0,20200000.0,430000.0,MODA,MODA,2025,44916918.0,4,0.3784765464095288,0.1622310328593783,0.4497191904395577,0.0095732302915351,16.648723960844016,15.801591380905172,16.821193211876384,12.971542813248435,17.62032509688025,44916918.0,0.3784765464095288,0.1622310328593783,0.4497191904395577,0.0095732302915351,Borussia Dortmund,16000000.0,4062923.0,20800000.0,1570000.0,2025,42432923.0,4,0.3770657043824202,0.0957493076779085,0.4901854156971463,0.0369995722425249,16.588099342704055,15.21741346940481,16.85046359274847,14.266586814266963,17.563435128308676,WORKBOOK,,99.14719859899265,93.21074327914216,Bundesliga,Germany,68.72,8,132.75,-92.09067523851078,7.909324761489218,9.295061495237812,1,Burberry | MODA,8,92.70833333333334,92.70833333333334,PRIORITY,ROI_AVAILABLE,SPONSOR_FIT + SVI + ROI_PROXY,1,3
Carlsberg,3200000.0,29895.0,85200.0,974.0,BIRRA,BIRRA,2025,3316069.0,4,0.9649980142150238,0.0090151923859244,0.025693072128475,0.0002937212705766,14.978661680269909,10.30547997116532,11.352768449837727,6.882437470997847,15.014290904785325,3316069.0,0.9649980142150238,0.0090151923859244,0.025693072128475,0.0002937212705766,Inter,35000000.0,2886796.0,14300000.0,4010000.0,2025,56196796.0,4,0.6228113076055083,0.0513694054728671,0.2544629056788219,0.0713563812428025,17.370858648025116,14.875658140966744,16.475770165160203,15.20430204865928,17.8443703203572,WORKBOOK,,92.82652879835706,65.78132933904844,Serie A,Italy,54.34,15,107.45,,,,0,Carlsberg | BIRRA,11,89.58333333333334,85.41666666666666,PRIORITY,ROI_NOT_AVAILABLE,SPONSOR_FIT + SVI,1,1
Carlsberg,3200000.0,29895.0,85200.0,974.0,BIRRA,BIRRA,2025,3316069.0,4,0.9649980142150238,0.0090151923859244,0.025693072128475,0.0002937212705766,14.978661680269909,10.30547997116532,11.352768449837727,6.882437470997847,15.014290904785325,3316069.0,0.9649980142150238,0.0090151923859244,0.025693072128475,0.0002937212705766,Tottenham Hotspur,37000000.0,8700983.0,17400000.0,4900000.0,2025,68000983.0,4,0.5441097814718355,0.1279537826681123,0.2558786539894577,0.0720577818705944,17.426428497635523,15.978946680677376,16.67198082165602,15.404745967162468,18.03503273362392,WORKBOOK,,89.17100802919326,57.911176725681166,Premier League,England,75.82,6,145.22,,,,0,Carlsberg | BIRRA,17,83.33333333333334,94.79166666666666,PRIORITY,ROI_NOT_AVAILABLE,SPONSOR_FIT + SVI,1,2
Carlsberg,3200000.0,29895.0,85200.0,974.0,BIRRA,BIRRA,2025,3316069.0,4,0.9649980142150238,0.0090151923859244,0.025693072128475,0.0002937212705766,14.978661680269909,10.30547997116532,11.352768449837727,6.882437470997847,15.014290904785325,3316069.0,0.9649980142150238,0.0090151923859244,0.025693072128475,0.0002937212705766,Athletic Bilbao,4300000.0,984531.0,1600000.0,746000.0,2025,7630531.0,4,0.5635256576508241,0.1290252277331682,0.2096839656375159,0.0977651489784918,15.274125813221904,13.79992168034212,14.285514812209817,13.522482219667571,15.847668125600624,WORKBOOK,,91.55810125338448,59.85276434358002,La Liga,Spain,31.48,41,67.25,,,,0,Carlsberg | BIRRA,14,86.45833333333334,58.333333333333336,STRONG_FIT,ROI_NOT_AVAILABLE,SPONSOR_FIT + SVI,2,3
Carrefour,12000000.0,193752.0,71500.0,23300.0,E-COMMERCE/RETAIL,E-COMMERCERETAIL,2025,12288552.0,4,0.9765186329520352,0.0157668698476435,0.0058184235213392,0.0018960736789818,16.300417291085605,12.174339430966688,11.177466714598282,10.056251557087757,16.324178736612183,12288552.0,0.9765186329520352,0.0157668698476435,0.0058184235213392,0.0018960736789818,Inter,35000000.0,2886796.0,14300000.0,4010000.0,2025,56196796.0,4,0.6228113076055083,0.0513694054728671,0.2544629056788219,0.0713563812428025,17.370858648025116,14.875658140966744,16.475770165160203,15.20430204865928,17.8443703203572,WORKBOOK,,92.14332352605012,64.6292674653473,Serie A,Italy,54.34,15,107.45,,,,0,Carrefour | E-COMMERCE/RETAIL,11,89.58333333333334,85.41666666666666,PRIORITY,ROI_NOT_AVAILABLE,SPONSOR_FIT + SVI,1,1
Carrefour,12000000.0,193752.0,71500.0,23300.0,E-COMMERCE/RETAIL,E-COMMERCERETAIL,2025,12288552.0,4,0.9765186329520352,0.0157668698476435,0.0058184235213392,0.0018960736789818,16.300417291085605,12.174339430966688,11.177466714598282,10.056251557087757,16.324178736612183,12288552.0,0.9765186329520352,0.0157668698476435,0.0058184235213392,0.0018960736789818,Tottenham Hotspur,37000000.0,8700983.0,17400000.0,4900000.0,2025,68000983.0,4,0.5441097814718355,0.1279537826681123,0.2558786539894577,0.0720577818705944,17.426428497635523,15.978946680677376,16.67198082165602,15.404745967162468,18.03503273362392,WORKBOOK,,88.49856435176852,56.759114851980016,Premier League,England,75.82,6,145.22,,,,0,Carrefour | E-COMMERCE/RETAIL,17,83.33333333333334,94.79166666666666,PRIORITY,ROI_NOT_AVAILABLE,SPONSOR_FIT + SVI,1,2
Carrefour,12000000.0,193752.0,71500.0,23300.0,E-COMMERCE/RETAIL,E-COMMERCERETAIL,2025,12288552.0,4,0.9765186329520352,0.0157668698476435,0.0058184235213392,0.0018960736789818,16.300417291085605,12.174339430966688,11.177466714598282,10.056251557087757,16.324178736612183,12288552.0,0.9765186329520352,0.0157668698476435,0.0058184235213392,0.0018960736789818,Athletic Bilbao,4300000.0,984531.0,1600000.0,746000.0,2025,7630531.0,4,0.5635256576508241,0.1290252277331682,0.2096839656375159,0.0977651489784918,15.274125813221904,13.79992168034212,14.285514812209817,13.522482219667571,15.847668125600624,WORKBOOK,,91.05164320104689,58.70070246987886,La Liga,Spain,31.48,41,67.25,,,,0,Carrefour | E-COMMERCE/RETAIL,14,86.45833333333334,58.333333333333336,STRONG_FIT,ROI_NOT_AVAILABLE,SPONSOR_FIT + SVI,2,3
Caterpillar,2000000.0,150635.0,1000000.0,92600.0,ALTRO,ALTRO,2025,3243235.0,4,0.6166682340317615,0.0464459097166871,0.3083341170158807,0.0285517392356705,14.508658238524095,11.922621609606209,13.815511557963774,11.43605521971203,14.992082154766267,3243235.0,0.6166682340317615,0.0464459097166871,0.3083341170158807,0.0285517392356705,Inter,35000000.0,2886796.0,14300000.0,4010000.0,2025,56196796.0,4,0.6228113076055083,0.0513694054728671,0.2544629056788219,0.0713563812428025,17.370858648025116,14.875658140966744,16.475770165160203,15.20430204865928,17.8443703203572,WORKBOOK,,99.50723199483524,94.61287886629412,Serie A,Italy,54.34,15,107.45,,,,0,Caterpillar | ALTRO,2,98.95833333333334,85.41666666666666,PRIORITY,ROI_NOT_AVAILABLE,SPONSOR_FIT + SVI,1,1
Caterpillar,2000000.0,150635.0,1000000.0,92600.0,ALTRO,ALTRO,2025,3243235.0,4,0.6166682340317615,0.0464459097166871,0.3083341170158807,0.0285517392356705,14.508658238524095,11.922621609606209,13.815511557963774,11.43605521971203,14.992082154766267,3243235.0,0.6166682340317615,0.0464459097166871,0.3083341170158807,0.0285517392356705,Bayern Munich,64000000.0,6494125.0,44100000.0,5120000.0,2025,119714125.0,4,0.5346069229508214,0.0542469403673125,0.3683775828458003,0.0427685538360657,17.974393656948944,15.68640863398211,17.60197036309281,15.448665192328171,18.600617175261277,WORKBOOK,,98.99192793454884,91.793868891906,Bundesliga,Germany,90.74,3,171.46,-85.76043760399334,14.239562396006654,26.21589395300713,1,Caterpillar | ALTRO,6,94.79166666666666,97.91666666666666,PRIORITY,ROI_AVAILABLE,SPONSOR_FIT + SVI + ROI_PROXY,1,2
Caterpillar,2000000.0,150635.0,1000000.0,92600.0,ALTRO,ALTRO,2025,3243235.0,4,0.6166682340317615,0.0464459097166871,0.3083341170158807,0.0285517392356705,14.508658238524095,11.922621609606209,13.815511557963774,11.43605521971203,14.992082154766267,3243235.0,0.6166682340317615,0.0464459097166871,0.3083341170158807,0.0285517392356705,Tottenham Hotspur,37000000.0,8700983.0,17400000.0,4900000.0,2025,68000983.0,4,0.5441097814718355,0.1279537826681123,0.2558786539894577,0.0720577818705944,17.426428497635523,15.978946680677376,16.67198082165602,15.404745967162468,18.03503273362392,WORKBOOK,,98.68329754231026,87.49860844136509,Premier League,England,75.82,6,145.22,,,,0,Caterpillar | ALTRO,8,92.70833333333334,94.79166666666666,PRIORITY,ROI_NOT_AVAILABLE,SPONSOR_FIT + SVI,1,3
Champion,1800000.0,46480.0,4500000.0,4860.0,ABBIGLIAMENTO SPORTIVO,ABBIGLIAMENTO SPORTIVO,2025,6351340.0,4,0.2834047618297871,0.0073181407388047,0.7085119045744678,0.0007651928569404,14.403297778421797,10.746798905924305,15.319588176962746,8.488999457045455,15.664176529675649,6351340.0,0.2834047618297871,0.0073181407388047,0.7085119045744678,0.0007651928569404,RB Leipzig,1400000.0,278845.0,2200000.0,225000.0,2025,4103845.0,4,0.3411434886064167,0.067947254343183,0.5360826249529405,0.0548266320974598,14.151983508870948,12.538414937085085,14.603968372873895,12.323860125621126,15.227435140762214,WORKBOOK,,97.46197877326574,82.75707203784727,Bundesliga,Germany,49.99,19,99.8,,,,0,Champion | ABBIGLIAMENTO SPORTIVO,4,96.875,81.25,PRIORITY,ROI_NOT_AVAILABLE,SPONSOR_FIT + SVI,1,1
Champion,1800000.0,46480.0,4500000.0,4860.0,ABBIGLIAMENTO SPORTIVO,ABBIGLIAMENTO SPORTIVO,2025,6351340.0,4,0.2834047618297871,0.0073181407388047,0.7085119045744678,0.0007651928569404,14.403297778421797,10.746798905924305,15.319588176962746,8.488999457045455,15.664176529675649,6351340.0,0.2834047618297871,0.0073181407388047,0.7085119045744678,0.0007651928569404,Bayer Leverkusen,3000000.0,482000.0,4600000.0,500000.0,2025,8582000.0,4,0.3495688650664181,0.0561640643206711,0.536005593101841,0.0582614775110696,14.914123179965662,13.085701467719382,15.341567078850604,13.122365377402328,,MANUAL_ESTIMATE_2025,"Manual 2025 approximation from public social-media sources; Facebook=3.0m, X=482k, Instagram=4.6m, YouTube=500k.",97.37130302993256,82.74936885273732,Bundesliga,Germany,52.23,17,103.75,,,,0,Champion | ABBIGLIAMENTO SPORTIVO,5,95.83333333333334,83.33333333333334,PRIORITY,ROI_NOT_AVAILABLE,SPONSOR_FIT + SVI,1,2
Champion,1800000.0,46480.0,4500000.0,4860.0,ABBIGLIAMENTO SPORTIVO,ABBIGLIAMENTO SPORTIVO,2025,6351340.0,4,0.2834047618297871,0.0073181407388047,0.7085119045744678,0.0007651928569404,14.403297778421797,10.746798905924305,15.319588176962746,8.488999457045455,15.664176529675649,6351340.0,0.2834047618297871,0.0073181407388047,0.7085119045744678,0.0007651928569404,Borussia Dortmund,16000000.0,4062923.0,20800000.0,1570000.0,2025,42432923.0,4,0.3770657043824202,0.0957493076779085,0.4901854156971463,0.0369995722425249,16.588099342704055,15.21741346940481,16.85046359274847,14.266586814266963,17.563435128308676,WORKBOOK,,95.08644624327198,78.16735111226785,Bundesliga,Germany,68.72,8,132.75,-92.09067523851078,7.909324761489218,9.295061495237812,1,Champion | ABBIGLIAMENTO SPORTIVO,7,93.75,92.70833333333334,PRIORITY,ROI_AVAILABLE,SPONSOR_FIT + SVI + ROI_PROXY,1,3
Chanel,24000000.0,11470973.0,59800000.0,2820000.0,MODA,MODA,2025,98090973.0,4,0.2446708322487534,0.1169421879422074,0.6096381570198106,0.0287488227892285,16.993564429978885,16.255330402675533,17.906516235643267,14.852247797524162,18.40140591214764,98090973.0,0.2446708322487534,0.1169421879422074,0.6096381570198106,0.0287488227892285,RB Leipzig,1400000.0,278845.0,2200000.0,225000.0,2025,4103845.0,4,0.3411434886064167,0.067947254343183,0.5360826249529405,0.0548266320974598,14.151983508870948,12.538414937085085,14.603968372873895,12.323860125621126,15.227435140762214,WORKBOOK,,98.00422825691852,87.74495343341054,Bundesliga,Germany,49.99,19,99.8,,,,0,Chanel | MODA,4,96.875,81.25,PRIORITY,ROI_NOT_AVAILABLE,SPONSOR_FIT + SVI,1,1
Chanel,24000000.0,11470973.0,59800000.0,2820000.0,MODA,MODA,2025,98090973.0,4,0.2446708322487534,0.1169421879422074,0.6096381570198106,0.0287488227892285,16.993564429978885,16.255330402675533,17.906516235643267,14.852247797524162,18.40140591214764,98090973.0,0.2446708322487534,0.1169421879422074,0.6096381570198106,0.0287488227892285,Bayer Leverkusen,3000000.0,482000.0,4600000.0,500000.0,2025,8582000.0,4,0.3495688650664181,0.0561640643206711,0.536005593101841,0.0582614775110696,14.914123179965662,13.085701467719382,15.341567078850604,13.122365377402328,,MANUAL_ESTIMATE_2025,"Manual 2025 approximation from public social-media sources; Facebook=3.0m, X=482k, Instagram=4.6m, YouTube=500k.",97.62416831836272,86.55893124604941,Bundesliga,Germany,52.23,17,103.75,,,,0,Chanel | MODA,7,93.75,83.33333333333334,PRIORITY,ROI_NOT_AVAILABLE,SPONSOR_FIT + SVI,1,2
Chanel,24000000.0,11470973.0,59800000.0,2820000.0,MODA,MODA,2025,98090973.0,4,0.2446708322487534,0.1169421879422074,0.6096381570198106,0.0287488227892285,16.993564429978885,16.255330402675533,17.906516235643267,14.852247797524162,18.40140591214764,98090973.0,0.2446708322487534,0.1169421879422074,0.6096381570198106,0.0287488227892285,Real Madrid,132000000.0,48892183.0,180000000.0,19000000.0,2025,379892183.0,4,0.3474670075009151,0.1287001554333114,0.4738186465921569,0.0500141904736165,18.6983124881264,17.705128105269083,19.00846741441004,16.759949589762293,19.75539804411099,WORKBOOK,,96.84033526217088,86.41804895723463,La Liga,Spain,100.0,1,187.75,,,,0,Chanel | MODA,8,92.70833333333334,100.0,PRIORITY,ROI_NOT_AVAILABLE,SPONSOR_FIT + SVI,1,3
Coca-Cola,108000000.0,2743443.0,3200000.0,4760000.0,BEVANDE,BEVANDE,2025,118703443.0,4,0.9098303913560452,0.023111739058824,0.0269579375216605,0.0400999320634701,18.497641794347754,14.82472462339021,14.978661680269909,15.375758436291614,18.59213887348081,118703443.0,0.9098303913560452,0.023111739058824,0.0269579375216605,0.0400999320634701,Inter,35000000.0,2886796.0,14300000.0,4010000.0,2025,56196796.0,4,0.6228113076055083,0.0513694054728671,0.2544629056788219,0.0713563812428025,17.370858648025116,14.875658140966744,16.475770165160203,15.20430204865928,17.8443703203572,WORKBOOK,,93.39635816761916,71.29809162494631,Serie A,Italy,54.34,15,107.45,,,,0,Coca-Cola | BEVANDE,11,89.58333333333334,85.41666666666666,PRIORITY,ROI_NOT_AVAILABLE,SPONSOR_FIT + SVI,1,1
Coca-Cola,108000000.0,2743443.0,3200000.0,4760000.0,BEVANDE,BEVANDE,2025,118703443.0,4,0.9098303913560452,0.023111739058824,0.0269579375216605,0.0400999320634701,18.497641794347754,14.82472462339021,14.978661680269909,15.375758436291614,18.59213887348081,118703443.0,0.9098303913560452,0.023111739058824,0.0269579375216605,0.0400999320634701,Tottenham Hotspur,37000000.0,8700983.0,17400000.0,4900000.0,2025,68000983.0,4,0.5441097814718355,0.1279537826681123,0.2558786539894577,0.0720577818705944,17.426428497635523,15.978946680677376,16.67198082165602,15.404745967162468,18.03503273362392,WORKBOOK,,90.01644155703848,63.427939011579035,Premier League,England,75.82,6,145.22,,,,0,Coca-Cola | BEVANDE,18,82.29166666666666,94.79166666666666,PRIORITY,ROI_NOT_AVAILABLE,SPONSOR_FIT + SVI,1,2
Coca-Cola,108000000.0,2743443.0,3200000.0,4760000.0,BEVANDE,BEVANDE,2025,118703443.0,4,0.9098303913560452,0.023111739058824,0.0269579375216605,0.0400999320634701,18.497641794347754,14.82472462339021,14.978661680269909,15.375758436291614,18.59213887348081,118703443.0,0.9098303913560452,0.023111739058824,0.0269579375216605,0.0400999320634701,Athletic Bilbao,4300000.0,984531.0,1600000.0,746000.0,2025,7630531.0,4,0.5635256576508241,0.1290252277331682,0.2096839656375159,0.0977651489784918,15.274125813221904,13.79992168034212,14.285514812209817,13.522482219667571,15.847668125600624,WORKBOOK,,92.55546817713348,65.36952662947787,La Liga,Spain,31.48,41,67.25,,,,0,Coca-Cola | BEVANDE,14,86.45833333333334,58.333333333333336,STRONG_FIT,ROI_NOT_AVAILABLE,SPONSOR_FIT + SVI,2,3
Columbia,2600000.0,122912.0,690000.0,156000.0,ABBIGLIAMENTO SPORTIVO,ABBIGLIAMENTO SPORTIVO,2025,3568912.0,4,0.7285133396396437,0.0344396275391491,0.1933362324428285,0.0437108003783786,14.77102238760702,11.719232067014644,13.444448325847754,11.95761769646754,15.087771625599112,3568912.0,0.7285133396396437,0.0344396275391491,0.1933362324428285,0.0437108003783786,Inter,35000000.0,2886796.0,14300000.0,4010000.0,2025,56196796.0,4,0.6228113076055083,0.0513694054728671,0.2544629056788219,0.0713563812428025,17.370858648025116,14.875658140966744,16.475770165160203,15.20430204865928,17.8443703203572,WORKBOOK,,99.02602197001868,89.42979679658646,Serie A,Italy,54.34,15,107.45,,,,0,Columbia | ABBIGLIAMENTO SPORTIVO,5,95.83333333333334,85.41666666666666,PRIORITY,ROI_NOT_AVAILABLE,SPONSOR_FIT + SVI,1,1
Columbia,2600000.0,122912.0,690000.0,156000.0,ABBIGLIAMENTO SPORTIVO,ABBIGLIAMENTO SPORTIVO,2025,3568912.0,4,0.7285133396396437,0.0344396275391491,0.1933362324428285,0.0437108003783786,14.77102238760702,11.719232067014644,13.444448325847754,11.95761769646754,15.087771625599112,3568912.0,0.7285133396396437,0.0344396275391491,0.1933362324428285,0.0437108003783786,Tottenham Hotspur,37000000.0,8700983.0,17400000.0,4900000.0,2025,68000983.0,4,0.5441097814718355,0.1279537826681123,0.2558786539894577,0.0720577818705944,17.426428497635523,15.978946680677376,16.67198082165602,15.404745967162468,18.03503273362392,WORKBOOK,,96.92806028452438,81.55964418321918,Premier League,England,75.82,6,145.22,,,,0,Columbia | ABBIGLIAMENTO SPORTIVO,15,85.41666666666666,94.79166666666666,PRIORITY,ROI_NOT_AVAILABLE,SPONSOR_FIT + SVI,1,2
Columbia,2600000.0,122912.0,690000.0,156000.0,ABBIGLIAMENTO SPORTIVO,ABBIGLIAMENTO SPORTIVO,2025,3568912.0,4,0.7285133396396437,0.0344396275391491,0.1933362324428285,0.0437108003783786,14.77102238760702,11.719232067014644,13.444448325847754,11.95761769646754,15.087771625599112,3568912.0,0.7285133396396437,0.0344396275391491,0.1933362324428285,0.0437108003783786,Bayern Munich,64000000.0,6494125.0,44100000.0,5120000.0,2025,119714125.0,4,0.5346069229508214,0.0542469403673125,0.3683775828458003,0.0427685538360657,17.974393656948944,15.68640863398211,17.60197036309281,15.448665192328171,18.600617175261277,WORKBOOK,,94.11819642614545,80.51513367688648,Bundesliga,Germany,90.74,3,171.46,-85.76043760399334,14.239562396006654,26.21589395300713,1,Columbia | ABBIGLIAMENTO SPORTIVO,21,79.16666666666666,97.91666666666666,PRIORITY,ROI_AVAILABLE,SPONSOR_FIT + SVI + ROI_PROXY,1,3
Converse,46000000.0,935286.0,10500000.0,157000.0,ABBIGLIAMENTO SPORTIVO,ABBIGLIAMENTO SPORTIVO,2025,57592286.0,4,0.7987180783204195,0.0162397790565215,0.1823160830948783,0.0027260595281805,17.6441519761925,13.748608713042394,16.166885910365842,11.964007453736912,17.86889921044988,57592286.0,0.7987180783204195,0.0162397790565215,0.1823160830948783,0.0027260595281805,Inter,35000000.0,2886796.0,14300000.0,4010000.0,2025,56196796.0,4,0.6228113076055083,0.0513694054728671,0.2544629056788219,0.0713563812428025,17.370858648025116,14.875658140966744,16.475770165160203,15.20430204865928,17.8443703203572,WORKBOOK,,98.0004188388232,82.40932292850887,Serie A,Italy,54.34,15,107.45,,,,0,Converse | ABBIGLIAMENTO SPORTIVO,6,94.79166666666666,85.41666666666666,PRIORITY,ROI_NOT_AVAILABLE,SPONSOR_FIT + SVI,1,1
Converse,46000000.0,935286.0,10500000.0,157000.0,ABBIGLIAMENTO SPORTIVO,ABBIGLIAMENTO SPORTIVO,2025,57592286.0,4,0.7987180783204195,0.0162397790565215,0.1823160830948783,0.0027260595281805,17.6441519761925,13.748608713042394,16.166885910365842,11.964007453736912,17.86889921044988,57592286.0,0.7987180783204195,0.0162397790565215,0.1823160830948783,0.0027260595281805,Tottenham Hotspur,37000000.0,8700983.0,17400000.0,4900000.0,2025,68000983.0,4,0.5441097814718355,0.1279537826681123,0.2558786539894577,0.0720577818705944,17.426428497635523,15.978946680677376,16.67198082165602,15.404745967162468,18.03503273362392,WORKBOOK,,95.33391971249426,74.5391703151416,Premier League,England,75.82,6,145.22,,,,0,Converse | ABBIGLIAMENTO SPORTIVO,15,85.41666666666666,94.79166666666666,PRIORITY,ROI_NOT_AVAILABLE,SPONSOR_FIT + SVI,1,2
Converse,46000000.0,935286.0,10500000.0,157000.0,ABBIGLIAMENTO SPORTIVO,ABBIGLIAMENTO SPORTIVO,2025,57592286.0,4,0.7987180783204195,0.0162397790565215,0.1823160830948783,0.0027260595281805,17.6441519761925,13.748608713042394,16.166885910365842,11.964007453736912,17.86889921044988,57592286.0,0.7987180783204195,0.0162397790565215,0.1823160830948783,0.0027260595281805,Bayern Munich,64000000.0,6494125.0,44100000.0,5120000.0,2025,119714125.0,4,0.5346069229508214,0.0542469403673125,0.3683775828458003,0.0427685538360657,17.974393656948944,15.68640863398211,17.60197036309281,15.448665192328171,18.600617175261277,WORKBOOK,,92.5523693016838,73.58888446304019,Bundesliga,Germany,90.74,3,171.46,-85.76043760399334,14.239562396006654,26.21589395300713,1,Converse | ABBIGLIAMENTO SPORTIVO,21,79.16666666666666,97.91666666666666,PRIORITY,ROI_AVAILABLE,SPONSOR_FIT + SVI + ROI_PROXY,1,3
Decathlon,1900000.0,166740.0,315000.0,52300.0,E-COMMERCE/RETAIL,E-COMMERCERETAIL,2025,2434040.0,4,0.780595224400585,0.0685033935350281,0.1294144714137812,0.0214869106506055,14.45736497045232,12.024196989307782,12.660331092405906,10.86477077032911,14.70506339708782,2434040.0,0.780595224400585,0.0685033935350281,0.1294144714137812,0.0214869106506055,Inter,35000000.0,2886796.0,14300000.0,4010000.0,2025,56196796.0,4,0.6228113076055083,0.0513694054728671,0.2544629056788219,0.0713563812428025,17.370858648025116,14.875658140966744,16.475770165160203,15.20430204865928,17.8443703203572,WORKBOOK,,97.230489924942,82.50820951427622,Serie A,Italy,54.34,15,107.45,,,,0,Decathlon | E-COMMERCE/RETAIL,10,90.625,85.41666666666666,PRIORITY,ROI_NOT_AVAILABLE,SPONSOR_FIT + SVI,1,1
Decathlon,1900000.0,166740.0,315000.0,52300.0,E-COMMERCE/RETAIL,E-COMMERCERETAIL,2025,2434040.0,4,0.780595224400585,0.0685033935350281,0.1294144714137812,0.0214869106506055,14.45736497045232,12.024196989307782,12.660331092405906,10.86477077032911,14.70506339708782,2434040.0,0.780595224400585,0.0685033935350281,0.1294144714137812,0.0214869106506055,Tottenham Hotspur,37000000.0,8700983.0,17400000.0,4900000.0,2025,68000983.0,4,0.5441097814718355,0.1279537826681123,0.2558786539894577,0.0720577818705944,17.426428497635523,15.978946680677376,16.67198082165602,15.404745967162468,18.03503273362392,WORKBOOK,,95.20178044375751,76.35145570712506,Premier League,England,75.82,6,145.22,,,,0,Decathlon | E-COMMERCE/RETAIL,17,83.33333333333334,94.79166666666666,PRIORITY,ROI_NOT_AVAILABLE,SPONSOR_FIT + SVI,1,2
Decathlon,1900000.0,166740.0,315000.0,52300.0,E-COMMERCE/RETAIL,E-COMMERCERETAIL,2025,2434040.0,4,0.780595224400585,0.0685033935350281,0.1294144714137812,0.0214869106506055,14.45736497045232,12.024196989307782,12.660331092405906,10.86477077032911,14.70506339708782,2434040.0,0.780595224400585,0.0685033935350281,0.1294144714137812,0.0214869106506055,Milan,29000000.0,7920765.0,18200000.0,2190000.0,2025,57310765.0,4,0.5060131373224559,0.138207280953238,0.317566865492024,0.038212716232282,17.182806422433504,15.884998476285524,16.716932206992077,14.599412558413585,17.863999052343328,WORKBOOK,,91.4477965062894,72.54179129218709,Serie A,Italy,48.15,22,96.56,-81.99956062385442,18.00043937614558,36.26878184590585,1,Decathlon | E-COMMERCE/RETAIL,25,75.0,78.125,PRIORITY,ROI_AVAILABLE,SPONSOR_FIT + SVI + ROI_PROXY,1,3
Dior,20000000.0,8850675.0,46800000.0,4130000.0,MODA,MODA,2025,79780675.0,4,0.2506872748319063,0.1109375798086441,0.5866082231066608,0.0517669222527886,16.811242881518265,15.99600439824778,17.661393782255395,15.233788207067937,18.194791877707218,79780675.0,0.2506872748319063,0.1109375798086441,0.5866082231066608,0.0517669222527886,RB Leipzig,1400000.0,278845.0,2200000.0,225000.0,2025,4103845.0,4,0.3411434886064167,0.067947254343183,0.5360826249529405,0.0548266320974598,14.151983508870948,12.538414937085085,14.603968372873895,12.323860125621126,15.227435140762214,WORKBOOK,,98.4967643372937,90.64840763808184,Bundesliga,Germany,49.99,19,99.8,,,,0,Dior | MODA,4,96.875,81.25,PRIORITY,ROI_NOT_AVAILABLE,SPONSOR_FIT + SVI,1,1
Dior,20000000.0,8850675.0,46800000.0,4130000.0,MODA,MODA,2025,79780675.0,4,0.2506872748319063,0.1109375798086441,0.5866082231066608,0.0517669222527886,16.811242881518265,15.99600439824778,17.661393782255395,15.233788207067937,18.194791877707218,79780675.0,0.2506872748319063,0.1109375798086441,0.5866082231066608,0.0517669222527886,Bayer Leverkusen,3000000.0,482000.0,4600000.0,500000.0,2025,8582000.0,4,0.3495688650664181,0.0561640643206711,0.536005593101841,0.0582614775110696,14.914123179965662,13.085701467719382,15.341567078850604,13.122365377402328,,MANUAL_ESTIMATE_2025,"Manual 2025 approximation from public social-media sources; Facebook=3.0m, X=482k, Instagram=4.6m, YouTube=500k.",98.16701940178343,89.46238545072073,Bundesliga,Germany,52.23,17,103.75,,,,0,Dior | MODA,7,93.75,83.33333333333334,PRIORITY,ROI_NOT_AVAILABLE,SPONSOR_FIT + SVI,1,2
Dior,20000000.0,8850675.0,46800000.0,4130000.0,MODA,MODA,2025,79780675.0,4,0.2506872748319063,0.1109375798086441,0.5866082231066608,0.0517669222527886,16.811242881518265,15.99600439824778,17.661393782255395,15.233788207067937,18.194791877707218,79780675.0,0.2506872748319063,0.1109375798086441,0.5866082231066608,0.0517669222527886,Real Madrid,132000000.0,48892183.0,180000000.0,19000000.0,2025,379892183.0,4,0.3474670075009151,0.1287001554333114,0.4738186465921569,0.0500141904736165,18.6983124881264,17.705128105269083,19.00846741441004,16.759949589762293,19.75539804411099,WORKBOOK,,97.41229599127811,88.5457691706324,La Liga,Spain,100.0,1,187.75,,,,0,Dior | MODA,8,92.70833333333334,100.0,PRIORITY,ROI_NOT_AVAILABLE,SPONSOR_FIT + SVI,1,3
Dolce e Gabbana,12000000.0,4805969.0,30500000.0,647000.0,MODA,MODA,2025,47952969.0,4,0.2502451933685274,0.1002225534773456,0.6360398664783404,0.0134923866757864,16.300417291085605,15.385369453061816,17.233237274364523,13.380103119076898,17.68573129689588,47952969.0,0.2502451933685274,0.1002225534773456,0.6360398664783404,0.0134923866757864,RB Leipzig,1400000.0,278845.0,2200000.0,225000.0,2025,4103845.0,4,0.3411434886064167,0.067947254343183,0.5360826249529405,0.0548266320974598,14.151983508870948,12.538414937085085,14.603968372873895,12.323860125621126,15.227435140762214,WORKBOOK,,97.90714970034456,86.77674593404375,Bundesliga,Germany,49.99,19,99.8,,,,0,Dolce e Gabbana | MODA,4,96.875,81.25,PRIORITY,ROI_NOT_AVAILABLE,SPONSOR_FIT + SVI,1,1
Dolce e Gabbana,12000000.0,4805969.0,30500000.0,647000.0,MODA,MODA,2025,47952969.0,4,0.2502451933685274,0.1002225534773456,0.6360398664783404,0.0134923866757864,16.300417291085605,15.385369453061816,17.233237274364523,13.380103119076898,17.68573129689588,47952969.0,0.2502451933685274,0.1002225534773456,0.6360398664783404,0.0134923866757864,Bayer Leverkusen,3000000.0,482000.0,4600000.0,500000.0,2025,8582000.0,4,0.3495688650664181,0.0561640643206711,0.536005593101841,0.0582614775110696,14.914123179965662,13.085701467719382,15.341567078850604,13.122365377402328,,MANUAL_ESTIMATE_2025,"Manual 2025 approximation from public social-media sources; Facebook=3.0m, X=482k, Instagram=4.6m, YouTube=500k.",97.56446104219802,85.59072374668261,Bundesliga,Germany,52.23,17,103.75,,,,0,Dolce e Gabbana | MODA,6,94.79166666666666,83.33333333333334,PRIORITY,ROI_NOT_AVAILABLE,SPONSOR_FIT + SVI,1,2
Dolce e Gabbana,12000000.0,4805969.0,30500000.0,647000.0,MODA,MODA,2025,47952969.0,4,0.2502451933685274,0.1002225534773456,0.6360398664783404,0.0134923866757864,16.300417291085605,15.385369453061816,17.233237274364523,13.380103119076898,17.68573129689588,47952969.0,0.2502451933685274,0.1002225534773456,0.6360398664783404,0.0134923866757864,Real Madrid,132000000.0,48892183.0,180000000.0,19000000.0,2025,379892183.0,4,0.3474670075009151,0.1287001554333114,0.4738186465921569,0.0500141904736165,18.6983124881264,17.705128105269083,19.00846741441004,16.759949589762293,19.75539804411099,WORKBOOK,,96.369566612638,83.77787801138165,La Liga,Spain,100.0,1,187.75,,,,0,Dolce e Gabbana | MODA,8,92.70833333333334,100.0,PRIORITY,ROI_NOT_AVAILABLE,SPONSOR_FIT + SVI,1,3
EA7,8600000.0,3147936.0,19600000.0,257000.0,ABBIGLIAMENTO SPORTIVO,ABBIGLIAMENTO SPORTIVO,2025,31604936.0,4,0.2721093945578627,0.0996026696589418,0.6201562945737337,0.0081316412094617,15.9672728775028,14.962257875612694,16.791040175221152,12.456835254920373,17.268823900531068,31604936.0,0.2721093945578627,0.0996026696589418,0.6201562945737337,0.0081316412094617,RB Leipzig,1400000.0,278845.0,2200000.0,225000.0,2025,4103845.0,4,0.3411434886064167,0.067947254343183,0.5360826249529405,0.0548266320974598,14.151983508870948,12.538414937085085,14.603968372873895,12.323860125621126,15.227435140762214,WORKBOOK,,98.50216886272804,88.4270915063448,Bundesliga,Germany,49.99,19,99.8,,,,0,EA7 | ABBIGLIAMENTO SPORTIVO,4,96.875,81.25,PRIORITY,ROI_NOT_AVAILABLE,SPONSOR_FIT + SVI,1,1
EA7,8600000.0,3147936.0,19600000.0,257000.0,ABBIGLIAMENTO SPORTIVO,ABBIGLIAMENTO SPORTIVO,2025,31604936.0,4,0.2721093945578627,0.0996026696589418,0.6201562945737337,0.0081316412094617,15.9672728775028,14.962257875612694,16.791040175221152,12.456835254920373,17.268823900531068,31604936.0,0.2721093945578627,0.0996026696589418,0.6201562945737337,0.0081316412094617,Bayer Leverkusen,3000000.0,482000.0,4600000.0,500000.0,2025,8582000.0,4,0.3495688650664181,0.0561640643206711,0.536005593101841,0.0582614775110696,14.914123179965662,13.085701467719382,15.341567078850604,13.122365377402328,,MANUAL_ESTIMATE_2025,"Manual 2025 approximation from public social-media sources; Facebook=3.0m, X=482k, Instagram=4.6m, YouTube=500k.",98.19755015606036,87.24106931898366,Bundesliga,Germany,52.23,17,103.75,,,,0,EA7 | ABBIGLIAMENTO SPORTIVO,6,94.79166666666666,83.33333333333334,PRIORITY,ROI_NOT_AVAILABLE,SPONSOR_FIT + SVI,1,2
EA7,8600000.0,3147936.0,19600000.0,257000.0,ABBIGLIAMENTO SPORTIVO,ABBIGLIAMENTO SPORTIVO,2025,31604936.0,4,0.2721093945578627,0.0996026696589418,0.6201562945737337,0.0081316412094617,15.9672728775028,14.962257875612694,16.791040175221152,12.456835254920373,17.268823900531068,31604936.0,0.2721093945578627,0.0996026696589418,0.6201562945737337,0.0081316412094617,Real Madrid,132000000.0,48892183.0,180000000.0,19000000.0,2025,379892183.0,4,0.3474670075009151,0.1287001554333114,0.4738186465921569,0.0500141904736165,18.6983124881264,17.705128105269083,19.00846741441004,16.759949589762293,19.75539804411099,WORKBOOK,,97.20034133285628,85.36623520184233,La Liga,Spain,100.0,1,187.75,,,,0,EA7 | ABBIGLIAMENTO SPORTIVO,8,92.70833333333334,100.0,PRIORITY,ROI_NOT_AVAILABLE,SPONSOR_FIT + SVI,1,3
Edison,75060.0,9148.0,14600.0,7510.0,ENERGIA,ENERGIA,2025,106318.0,4,0.7059952218815252,0.0860437555258752,0.1373238774243307,0.0706371451682687,11.226056395275458,9.121399862679535,9.588845298501564,8.924123891686012,11.574199287774798,106318.0,0.7059952218815252,0.0860437555258752,0.1373238774243307,0.0706371451682687,Inter,35000000.0,2886796.0,14300000.0,4010000.0,2025,56196796.0,4,0.6228113076055083,0.0513694054728671,0.2544629056788219,0.0713563812428025,17.370858648025116,14.875658140966744,16.475770165160203,15.20430204865928,17.8443703203572,WORKBOOK,,98.03414789241172,88.2141735670975,Serie A,Italy,54.34,15,107.45,,,,0,Edison | ENERGIA,11,89.58333333333334,85.41666666666666,PRIORITY,ROI_NOT_AVAILABLE,SPONSOR_FIT + SVI,1,1
Edison,75060.0,9148.0,14600.0,7510.0,ENERGIA,ENERGIA,2025,106318.0,4,0.7059952218815252,0.0860437555258752,0.1373238774243307,0.0706371451682687,11.226056395275458,9.121399862679535,9.588845298501564,8.924123891686012,11.574199287774798,106318.0,0.7059952218815252,0.0860437555258752,0.1373238774243307,0.0706371451682687,Tottenham Hotspur,37000000.0,8700983.0,17400000.0,4900000.0,2025,68000983.0,4,0.5441097814718355,0.1279537826681123,0.2558786539894577,0.0720577818705944,17.426428497635523,15.978946680677376,16.67198082165602,15.404745967162468,18.03503273362392,WORKBOOK,,96.65086676650245,83.81145595903104,Premier League,England,75.82,6,145.22,,,,0,Edison | ENERGIA,17,83.33333333333334,94.79166666666666,PRIORITY,ROI_NOT_AVAILABLE,SPONSOR_FIT + SVI,1,2
Edison,75060.0,9148.0,14600.0,7510.0,ENERGIA,ENERGIA,2025,106318.0,4,0.7059952218815252,0.0860437555258752,0.1373238774243307,0.0706371451682687,11.226056395275458,9.121399862679535,9.588845298501564,8.924123891686012,11.574199287774798,106318.0,0.7059952218815252,0.0860437555258752,0.1373238774243307,0.0706371451682687,Athletic Bilbao,4300000.0,984531.0,1600000.0,746000.0,2025,7630531.0,4,0.5635256576508241,0.1290252277331682,0.2096839656375159,0.0977651489784918,15.274125813221904,13.79992168034212,14.285514812209817,13.522482219667571,15.847668125600624,WORKBOOK,,98.11675276188804,85.75304357692988,La Liga,Spain,31.48,41,67.25,,,,0,Edison | ENERGIA,10,90.625,58.333333333333336,STRONG_FIT,ROI_NOT_AVAILABLE,SPONSOR_FIT + SVI,2,3
Emirates,12000000.0,1695409.0,8600000.0,1890000.0,AVIAZIONE,AVIAZIONE,2025,24185409.0,4,0.4961669244460575,0.0701004891006805,0.3555862958530079,0.078146290600254,16.300417291085605,14.343435157452127,15.9672728775028,14.452087916136216,17.001260116752132,24185409.0,0.4961669244460575,0.0701004891006805,0.3555862958530079,0.078146290600254,Bayern Munich,64000000.0,6494125.0,44100000.0,5120000.0,2025,119714125.0,4,0.5346069229508214,0.0542469403673125,0.3683775828458003,0.0427685538360657,17.974393656948944,15.68640863398211,17.60197036309281,15.448665192328171,18.600617175261277,WORKBOOK,,99.75009195936516,94.87687145024437,Bundesliga,Germany,90.74,3,171.46,-85.76043760399334,14.239562396006654,26.21589395300713,1,Emirates | AVIAZIONE,1,100.0,97.91666666666666,PRIORITY,ROI_AVAILABLE,SPONSOR_FIT + SVI + ROI_PROXY,1,1
Emirates,12000000.0,1695409.0,8600000.0,1890000.0,AVIAZIONE,AVIAZIONE,2025,24185409.0,4,0.4961669244460575,0.0701004891006805,0.3555862958530079,0.078146290600254,16.300417291085605,14.343435157452127,15.9672728775028,14.452087916136216,17.001260116752132,24185409.0,0.4961669244460575,0.0701004891006805,0.3555862958530079,0.078146290600254,Milan,29000000.0,7920765.0,18200000.0,2190000.0,2025,57310765.0,4,0.5060131373224559,0.138207280953238,0.317566865492024,0.038212716232282,17.182806422433504,15.884998476285524,16.716932206992077,14.599412558413585,17.863999052343328,WORKBOOK,,98.98163961797812,92.20469952710442,Serie A,Italy,48.15,22,96.56,-81.99956062385442,18.00043937614558,36.26878184590585,1,Emirates | AVIAZIONE,5,95.83333333333334,78.125,PRIORITY,ROI_AVAILABLE,SPONSOR_FIT + SVI + ROI_PROXY,1,2
Emirates,12000000.0,1695409.0,8600000.0,1890000.0,AVIAZIONE,AVIAZIONE,2025,24185409.0,4,0.4961669244460575,0.0701004891006805,0.3555862958530079,0.078146290600254,16.300417291085605,14.343435157452127,15.9672728775028,14.452087916136216,17.001260116752132,24185409.0,0.4961669244460575,0.0701004891006805,0.3555862958530079,0.078146290600254,Aston Villa,7100000.0,2368453.0,4400000.0,757000.0,2025,14625453.0,4,0.4854550488111376,0.1619404882706881,0.3008453823618318,0.0517590805563424,15.775605482856603,14.677747979582506,15.29711532616119,13.537119853422675,16.49827399333542,WORKBOOK,,98.41639923623116,90.81600008299924,Premier League,England,55.92,14,110.23,,,,0,Emirates | AVIAZIONE,10,90.625,86.45833333333334,PRIORITY,ROI_NOT_AVAILABLE,SPONSOR_FIT + SVI,1,3
Estathé,1300000.0,31502.0,97700.0,4150.0,BEVANDE,BEVANDE,2025,1433352.0,4,0.9069649325497156,0.0219778533116778,0.0681619030077747,0.0028953111308317,14.077875591662238,10.357838058374105,11.489667073393028,8.33110454805304,14.175527012831784,1433352.0,0.9069649325497156,0.0219778533116778,0.0681619030077747,0.0028953111308317,Inter,35000000.0,2886796.0,14300000.0,4010000.0,2025,56196796.0,4,0.6228113076055083,0.0513694054728671,0.2544629056788219,0.0713563812428025,17.370858648025116,14.875658140966744,16.475770165160203,15.20430204865928,17.8443703203572,WORKBOOK,,94.53182855128328,71.58463750557927,Serie A,Italy,54.34,15,107.45,,,,0,Estathé | BEVANDE,11,89.58333333333334,85.41666666666666,PRIORITY,ROI_NOT_AVAILABLE,SPONSOR_FIT + SVI,1,1
Estathé,1300000.0,31502.0,97700.0,4150.0,BEVANDE,BEVANDE,2025,1433352.0,4,0.9069649325497156,0.0219778533116778,0.0681619030077747,0.0028953111308317,14.077875591662238,10.357838058374105,11.489667073393028,8.33110454805304,14.175527012831784,1433352.0,0.9069649325497156,0.0219778533116778,0.0681619030077747,0.0028953111308317,Tottenham Hotspur,37000000.0,8700983.0,17400000.0,4900000.0,2025,68000983.0,4,0.5441097814718355,0.1279537826681123,0.2558786539894577,0.0720577818705944,17.426428497635523,15.978946680677376,16.67198082165602,15.404745967162468,18.03503273362392,WORKBOOK,,91.26961029234948,63.714484892211985,Premier League,England,75.82,6,145.22,,,,0,Estathé | BEVANDE,17,83.33333333333334,94.79166666666666,PRIORITY,ROI_NOT_AVAILABLE,SPONSOR_FIT + SVI,1,2
Estathé,1300000.0,31502.0,97700.0,4150.0,BEVANDE,BEVANDE,2025,1433352.0,4,0.9069649325497156,0.0219778533116778,0.0681619030077747,0.0028953111308317,14.077875591662238,10.357838058374105,11.489667073393028,8.33110454805304,14.175527012831784,1433352.0,0.9069649325497156,0.0219778533116778,0.0681619030077747,0.0028953111308317,Milan,29000000.0,7920765.0,18200000.0,2190000.0,2025,57310765.0,4,0.5060131373224559,0.138207280953238,0.317566865492024,0.038212716232282,17.182806422433504,15.884998476285524,16.716932206992077,14.599412558413585,17.863999052343328,WORKBOOK,,86.54174132600957,59.90482047727403,Serie A,Italy,48.15,22,96.56,-81.99956062385442,18.00043937614558,36.26878184590585,1,Estathé | BEVANDE,25,75.0,78.125,PRIORITY,ROI_AVAILABLE,SPONSOR_FIT + SVI + ROI_PROXY,1,3
Evian,1500000.0,37567.0,176000.0,220000.0,BEVANDE,BEVANDE,2025,1933567.0,4,0.7757683080027742,0.0194288586844934,0.0910234814723255,0.1137793518404068,14.220976332738882,10.53390790318777,12.07824495582233,12.301387370778713,14.474877558793011,1933567.0,0.7757683080027742,0.0194288586844934,0.0910234814723255,0.1137793518404068,Inter,35000000.0,2886796.0,14300000.0,4010000.0,2025,56196796.0,4,0.6228113076055083,0.0513694054728671,0.2544629056788219,0.0713563812428025,17.370858648025116,14.875658140966744,16.475770165160203,15.20430204865928,17.8443703203572,WORKBOOK,,96.21142502810854,80.46200290051297,Serie A,Italy,54.34,15,107.45,,,,0,Evian | BEVANDE,12,88.54166666666666,85.41666666666666,PRIORITY,ROI_NOT_AVAILABLE,SPONSOR_FIT + SVI,1,1
Evian,1500000.0,37567.0,176000.0,220000.0,BEVANDE,BEVANDE,2025,1933567.0,4,0.7757683080027742,0.0194288586844934,0.0910234814723255,0.1137793518404068,14.220976332738882,10.53390790318777,12.07824495582233,12.301387370778713,14.474877558793011,1933567.0,0.7757683080027742,0.0194288586844934,0.0910234814723255,0.1137793518404068,Tottenham Hotspur,37000000.0,8700983.0,17400000.0,4900000.0,2025,68000983.0,4,0.5441097814718355,0.1279537826681123,0.2558786539894577,0.0720577818705944,17.426428497635523,15.978946680677376,16.67198082165602,15.404745967162468,18.03503273362392,WORKBOOK,,93.32439546486438,72.66199034992489,Premier League,England,75.82,6,145.22,,,,0,Evian | BEVANDE,17,83.33333333333334,94.79166666666666,PRIORITY,ROI_NOT_AVAILABLE,SPONSOR_FIT + SVI,1,2
Evian,1500000.0,37567.0,176000.0,220000.0,BEVANDE,BEVANDE,2025,1933567.0,4,0.7757683080027742,0.0194288586844934,0.0910234814723255,0.1137793518404068,14.220976332738882,10.53390790318777,12.07824495582233,12.301387370778713,14.474877558793011,1933567.0,0.7757683080027742,0.0194288586844934,0.0910234814723255,0.1137793518404068,Athletic Bilbao,4300000.0,984531.0,1600000.0,746000.0,2025,7630531.0,4,0.5635256576508241,0.1290252277331682,0.2096839656375159,0.0977651489784918,15.274125813221904,13.79992168034212,14.285514812209817,13.522482219667571,15.847668125600624,WORKBOOK,,95.57178886518712,77.17431467861348,La Liga,Spain,31.48,41,67.25,,,,0,Evian | BEVANDE,13,87.5,58.333333333333336,STRONG_FIT,ROI_NOT_AVAILABLE,SPONSOR_FIT + SVI,2,3
Fendi,3700000.0,1113343.0,21100000.0,258000.0,MODA,MODA,2025,26171343.0,4,0.1413760081016858,0.0425405375643122,0.8062253434988033,0.0098581108351986,15.123843647884687,13.9228786570772,16.86478364583966,12.460718739865236,17.080175629702723,26171343.0,0.1413760081016858,0.0425405375643122,0.8062253434988033,0.0098581108351986,RB Leipzig,1400000.0,278845.0,2200000.0,225000.0,2025,4103845.0,4,0.3411434886064167,0.067947254343183,0.5360826249529405,0.0548266320974598,14.151983508870948,12.538414937085085,14.603968372873895,12.323860125621126,15.227435140762214,WORKBOOK,,92.03397160057511,72.98572814541372,Bundesliga,Germany,49.99,19,99.8,,,,0,Fendi | MODA,5,95.83333333333334,81.25,PRIORITY,ROI_NOT_AVAILABLE,SPONSOR_FIT + SVI,1,1
Fendi,3700000.0,1113343.0,21100000.0,258000.0,MODA,MODA,2025,26171343.0,4,0.1413760081016858,0.0425405375643122,0.8062253434988033,0.0098581108351986,15.123843647884687,13.9228786570772,16.86478364583966,12.460718739865236,17.080175629702723,26171343.0,0.1413760081016858,0.0425405375643122,0.8062253434988033,0.0098581108351986,Bayer Leverkusen,3000000.0,482000.0,4600000.0,500000.0,2025,8582000.0,4,0.3495688650664181,0.0561640643206711,0.536005593101841,0.0582614775110696,14.914123179965662,13.085701467719382,15.341567078850604,13.122365377402328,,MANUAL_ESTIMATE_2025,"Manual 2025 approximation from public social-media sources; Facebook=3.0m, X=482k, Instagram=4.6m, YouTube=500k.",91.64191613777388,72.97802496030378,Bundesliga,Germany,52.23,17,103.75,,,,0,Fendi | MODA,6,94.79166666666666,83.33333333333334,PRIORITY,ROI_NOT_AVAILABLE,SPONSOR_FIT + SVI,1,2
Fendi,3700000.0,1113343.0,21100000.0,258000.0,MODA,MODA,2025,26171343.0,4,0.1413760081016858,0.0425405375643122,0.8062253434988033,0.0098581108351986,15.123843647884687,13.9228786570772,16.86478364583966,12.460718739865236,17.080175629702723,26171343.0,0.1413760081016858,0.0425405375643122,0.8062253434988033,0.0098581108351986,Real Madrid,132000000.0,48892183.0,180000000.0,19000000.0,2025,379892183.0,4,0.3474670075009151,0.1287001554333114,0.4738186465921569,0.0500141904736165,18.6983124881264,17.705128105269083,19.00846741441004,16.759949589762293,19.75539804411099,WORKBOOK,,88.34778221334095,66.75933030933537,La Liga,Spain,100.0,1,187.75,,,,0,Fendi | MODA,9,91.66666666666666,100.0,PRIORITY,ROI_NOT_AVAILABLE,SPONSOR_FIT + SVI,1,3
Ferrarelle,206973.0,3117.0,12800.0,2410.0,BEVANDE,BEVANDE,2025,225300.0,4,0.9186551264980026,0.0138348868175765,0.0568131380381713,0.0106968486462494,12.240348460493946,8.044947049617722,9.45727857185611,7.787796878181171,12.325192564936897,225300.0,0.9186551264980026,0.0138348868175765,0.0568131380381713,0.0106968486462494,Inter,35000000.0,2886796.0,14300000.0,4010000.0,2025,56196796.0,4,0.6228113076055083,0.0513694054728671,0.2544629056788219,0.0713563812428025,17.370858648025116,14.875658140966744,16.475770165160203,15.20430204865928,17.8443703203572,WORKBOOK,,94.14994091728012,70.41561811075057,Serie A,Italy,54.34,15,107.45,,,,0,Ferrarelle | BEVANDE,11,89.58333333333334,85.41666666666666,PRIORITY,ROI_NOT_AVAILABLE,SPONSOR_FIT + SVI,1,1
Ferrarelle,206973.0,3117.0,12800.0,2410.0,BEVANDE,BEVANDE,2025,225300.0,4,0.9186551264980026,0.0138348868175765,0.0568131380381713,0.0106968486462494,12.240348460493946,8.044947049617722,9.45727857185611,7.787796878181171,12.325192564936897,225300.0,0.9186551264980026,0.0138348868175765,0.0568131380381713,0.0106968486462494,Tottenham Hotspur,37000000.0,8700983.0,17400000.0,4900000.0,2025,68000983.0,4,0.5441097814718355,0.1279537826681123,0.2558786539894577,0.0720577818705944,17.426428497635523,15.978946680677376,16.67198082165602,15.404745967162468,18.03503273362392,WORKBOOK,,90.72297193441004,62.54546549738329,Premier League,England,75.82,6,145.22,,,,0,Ferrarelle | BEVANDE,17,83.33333333333334,94.79166666666666,PRIORITY,ROI_NOT_AVAILABLE,SPONSOR_FIT + SVI,1,2
Ferrarelle,206973.0,3117.0,12800.0,2410.0,BEVANDE,BEVANDE,2025,225300.0,4,0.9186551264980026,0.0138348868175765,0.0568131380381713,0.0106968486462494,12.240348460493946,8.044947049617722,9.45727857185611,7.787796878181171,12.325192564936897,225300.0,0.9186551264980026,0.0138348868175765,0.0568131380381713,0.0106968486462494,Brest,900485.0,156703.0,395000.0,32000.0,2025,1484188.0,4,0.6067189601317353,0.10558163790571,0.2661387910426442,0.0215606109199104,13.710689896558916,11.962113954502044,12.886643575525625,10.373522431293592,14.210379053090625,WORKBOOK,,92.92112137219506,68.80638336337327,Ligue 1,France,28.92,46,62.75,,,,0,Ferrarelle | BEVANDE,14,86.45833333333334,53.125,STRONG_FIT,ROI_NOT_AVAILABLE,SPONSOR_FIT + SVI,2,3
Ferrero,164620.0,2418.0,67400.0,1740.0,ALIMENTARI,ALIMENTARI,2025,236178.0,4,0.697016656928249,0.0102380407997357,0.285377977627044,0.0073673246449711,12.011401141104225,7.791109510610028,11.118415133585586,7.462214939768189,12.37234527108754,236178.0,0.697016656928249,0.0102380407997357,0.285377977627044,0.0073673246449711,Inter,35000000.0,2886796.0,14300000.0,4010000.0,2025,56196796.0,4,0.6228113076055083,0.0513694054728671,0.2544629056788219,0.0713563812428025,17.370858648025116,14.875658140966744,16.475770165160203,15.20430204865928,17.8443703203572,WORKBOOK,,99.3486804224286,89.48795787290372,Serie A,Italy,54.34,15,107.45,,,,0,Ferrero | ALIMENTARI,2,98.95833333333334,85.41666666666666,PRIORITY,ROI_NOT_AVAILABLE,SPONSOR_FIT + SVI,1,1
Ferrero,164620.0,2418.0,67400.0,1740.0,ALIMENTARI,ALIMENTARI,2025,236178.0,4,0.697016656928249,0.0102380407997357,0.285377977627044,0.0073673246449711,12.011401141104225,7.791109510610028,11.118415133585586,7.462214939768189,12.37234527108754,236178.0,0.697016656928249,0.0102380407997357,0.285377977627044,0.0073673246449711,Tottenham Hotspur,37000000.0,8700983.0,17400000.0,4900000.0,2025,68000983.0,4,0.5441097814718355,0.1279537826681123,0.2558786539894577,0.0720577818705944,17.426428497635523,15.978946680677376,16.67198082165602,15.404745967162468,18.03503273362392,WORKBOOK,,97.39976395007974,81.75938009060002,Premier League,England,75.82,6,145.22,,,,0,Ferrero | ALIMENTARI,8,92.70833333333334,94.79166666666666,PRIORITY,ROI_NOT_AVAILABLE,SPONSOR_FIT + SVI,1,2
Ferrero,164620.0,2418.0,67400.0,1740.0,ALIMENTARI,ALIMENTARI,2025,236178.0,4,0.697016656928249,0.0102380407997357,0.285377977627044,0.0073673246449711,12.011401141104225,7.791109510610028,11.118415133585586,7.462214939768189,12.37234527108754,236178.0,0.697016656928249,0.0102380407997357,0.285377977627044,0.0073673246449711,Bayern Munich,64000000.0,6494125.0,44100000.0,5120000.0,2025,119714125.0,4,0.5346069229508214,0.0542469403673125,0.3683775828458003,0.0427685538360657,17.974393656948944,15.68640863398211,17.60197036309281,15.448665192328171,18.600617175261277,WORKBOOK,,97.31814902772192,83.75902660225724,Bundesliga,Germany,90.74,3,171.46,-85.76043760399334,14.239562396006654,26.21589395300713,1,Ferrero | ALIMENTARI,11,89.58333333333334,97.91666666666666,PRIORITY,ROI_AVAILABLE,SPONSOR_FIT + SVI + ROI_PROXY,1,3
Fiji,726276.0,47913.0,153000.0,5710.0,BEVANDE,BEVANDE,2025,932899.0,4,0.778515144726278,0.0513592575402053,0.1640048922766558,0.0061207054568608,13.495686763737751,10.777163016268934,11.938199736300923,8.650149418664864,13.746053292949052,932899.0,0.778515144726278,0.0513592575402053,0.1640048922766558,0.0061207054568608,Inter,35000000.0,2886796.0,14300000.0,4010000.0,2025,56196796.0,4,0.6228113076055083,0.0513694054728671,0.2544629056788219,0.0713563812428025,17.370858648025116,14.875658140966744,16.475770165160203,15.20430204865928,17.8443703203572,WORKBOOK,,97.91342490996269,84.42961628792303,Serie A,Italy,54.34,15,107.45,,,,0,Fiji | BEVANDE,8,92.70833333333334,85.41666666666666,PRIORITY,ROI_NOT_AVAILABLE,SPONSOR_FIT + SVI,1,1
Fiji,726276.0,47913.0,153000.0,5710.0,BEVANDE,BEVANDE,2025,932899.0,4,0.778515144726278,0.0513592575402053,0.1640048922766558,0.0061207054568608,13.495686763737751,10.777163016268934,11.938199736300923,8.650149418664864,13.746053292949052,932899.0,0.778515144726278,0.0513592575402053,0.1640048922766558,0.0061207054568608,Tottenham Hotspur,37000000.0,8700983.0,17400000.0,4900000.0,2025,68000983.0,4,0.5441097814718355,0.1279537826681123,0.2558786539894577,0.0720577818705944,17.426428497635523,15.978946680677376,16.67198082165602,15.404745967162468,18.03503273362392,WORKBOOK,,95.7650033685258,76.55946367455574,Premier League,England,75.82,6,145.22,,,,0,Fiji | BEVANDE,15,85.41666666666666,94.79166666666666,PRIORITY,ROI_NOT_AVAILABLE,SPONSOR_FIT + SVI,1,2
Fiji,726276.0,47913.0,153000.0,5710.0,BEVANDE,BEVANDE,2025,932899.0,4,0.778515144726278,0.0513592575402053,0.1640048922766558,0.0061207054568608,13.495686763737751,10.777163016268934,11.938199736300923,8.650149418664864,13.746053292949052,932899.0,0.778515144726278,0.0513592575402053,0.1640048922766558,0.0061207054568608,Milan,29000000.0,7920765.0,18200000.0,2190000.0,2025,57310765.0,4,0.5060131373224559,0.138207280953238,0.317566865492024,0.038212716232282,17.182806422433504,15.884998476285524,16.716932206992077,14.599412558413585,17.863999052343328,WORKBOOK,,92.55285960288954,72.74979925961779,Serie A,Italy,48.15,22,96.56,-81.99956062385442,18.00043937614558,36.26878184590585,1,Fiji | BEVANDE,24,76.04166666666666,78.125,PRIORITY,ROI_AVAILABLE,SPONSOR_FIT + SVI + ROI_PROXY,1,3
Gatorade,6200000.0,313656.0,1300000.0,222000.0,BEVANDE,BEVANDE,2025,8035656.0,4,0.7715611519457777,0.0390330297862427,0.1617789512144372,0.0276268670535423,15.64006001130563,12.656055311146089,14.077875591662238,12.310437165348777,15.89939932107919,8035656.0,0.7715611519457777,0.0390330297862427,0.1617789512144372,0.0276268670535423,Inter,35000000.0,2886796.0,14300000.0,4010000.0,2025,56196796.0,4,0.6228113076055083,0.0513694054728671,0.2544629056788219,0.0713563812428025,17.370858648025116,14.875658140966744,16.475770165160203,15.20430204865928,17.8443703203572,WORKBOOK,,98.09673694164618,85.12501556597306,Serie A,Italy,54.34,15,107.45,,,,0,Gatorade | BEVANDE,8,92.70833333333334,85.41666666666666,PRIORITY,ROI_NOT_AVAILABLE,SPONSOR_FIT + SVI,1,1
Gatorade,6200000.0,313656.0,1300000.0,222000.0,BEVANDE,BEVANDE,2025,8035656.0,4,0.7715611519457777,0.0390330297862427,0.1617789512144372,0.0276268670535423,15.64006001130563,12.656055311146089,14.077875591662238,12.310437165348777,15.89939932107919,8035656.0,0.7715611519457777,0.0390330297862427,0.1617789512144372,0.0276268670535423,Tottenham Hotspur,37000000.0,8700983.0,17400000.0,4900000.0,2025,68000983.0,4,0.5441097814718355,0.1279537826681123,0.2558786539894577,0.0720577818705944,17.426428497635523,15.978946680677376,16.67198082165602,15.404745967162468,18.03503273362392,WORKBOOK,,95.7774567453894,77.25486295260579,Premier League,England,75.82,6,145.22,,,,0,Gatorade | BEVANDE,16,84.375,94.79166666666666,PRIORITY,ROI_NOT_AVAILABLE,SPONSOR_FIT + SVI,1,2
Gatorade,6200000.0,313656.0,1300000.0,222000.0,BEVANDE,BEVANDE,2025,8035656.0,4,0.7715611519457777,0.0390330297862427,0.1617789512144372,0.0276268670535423,15.64006001130563,12.656055311146089,14.077875591662238,12.310437165348777,15.89939932107919,8035656.0,0.7715611519457777,0.0390330297862427,0.1617789512144372,0.0276268670535423,Milan,29000000.0,7920765.0,18200000.0,2190000.0,2025,57310765.0,4,0.5060131373224559,0.138207280953238,0.317566865492024,0.038212716232282,17.182806422433504,15.884998476285524,16.716932206992077,14.599412558413585,17.863999052343328,WORKBOOK,,92.3784168201818,73.44519853766782,Serie A,Italy,48.15,22,96.56,-81.99956062385442,18.00043937614558,36.26878184590585,1,Gatorade | BEVANDE,25,75.0,78.125,PRIORITY,ROI_AVAILABLE,SPONSOR_FIT + SVI + ROI_PROXY,1,3
Givenchy,2700000.0,1094921.0,16000000.0,116000.0,MODA,MODA,2025,19910921.0,4,0.135603973316955,0.0549909770622865,0.8035791011375114,0.0058259484832469,14.80876270134486,13.906193685818844,16.588099342704055,11.661354090741,16.806778983355922,19910921.0,0.135603973316955,0.0549909770622865,0.8035791011375114,0.0058259484832469,RB Leipzig,1400000.0,278845.0,2200000.0,225000.0,2025,4103845.0,4,0.3411434886064167,0.067947254343183,0.5360826249529405,0.0548266320974598,14.151983508870948,12.538414937085085,14.603968372873895,12.323860125621126,15.227435140762214,WORKBOOK,,91.8307410437516,73.25035238154291,Bundesliga,Germany,49.99,19,99.8,,,,0,Givenchy | MODA,5,95.83333333333334,81.25,PRIORITY,ROI_NOT_AVAILABLE,SPONSOR_FIT + SVI,1,1
Givenchy,2700000.0,1094921.0,16000000.0,116000.0,MODA,MODA,2025,19910921.0,4,0.135603973316955,0.0549909770622865,0.8035791011375114,0.0058259484832469,14.80876270134486,13.906193685818844,16.588099342704055,11.661354090741,16.806778983355922,19910921.0,0.135603973316955,0.0549909770622865,0.8035791011375114,0.0058259484832469,Bayer Leverkusen,3000000.0,482000.0,4600000.0,500000.0,2025,8582000.0,4,0.3495688650664181,0.0561640643206711,0.536005593101841,0.0582614775110696,14.914123179965662,13.085701467719382,15.341567078850604,13.122365377402328,,MANUAL_ESTIMATE_2025,"Manual 2025 approximation from public social-media sources; Facebook=3.0m, X=482k, Instagram=4.6m, YouTube=500k.",91.40060257493808,73.24264919643296,Bundesliga,Germany,52.23,17,103.75,,,,0,Givenchy | MODA,6,94.79166666666666,83.33333333333334,PRIORITY,ROI_NOT_AVAILABLE,SPONSOR_FIT + SVI,1,2
Givenchy,2700000.0,1094921.0,16000000.0,116000.0,MODA,MODA,2025,19910921.0,4,0.135603973316955,0.0549909770622865,0.8035791011375114,0.0058259484832469,14.80876270134486,13.906193685818844,16.588099342704055,11.661354090741,16.806778983355922,19910921.0,0.135603973316955,0.0549909770622865,0.8035791011375114,0.0058259484832469,SC Freiburg,393528.0,275132.0,619000.0,24300.0,2025,1311960.0,4,0.299954266898381,0.2097106619104241,0.4718131650355194,0.0185219061556754,12.88291004170983,12.525009896097972,13.335862167174314,10.098272780745283,14.0870335224346,WORKBOOK,,88.41725161266464,66.8234063898008,Bundesliga,Germany,45.12,25,91.23,,,,0,Givenchy | MODA,9,91.66666666666666,75.0,PRIORITY,ROI_NOT_AVAILABLE,SPONSOR_FIT + SVI,1,3
Givova,49900.0,2138.0,49600.0,498.0,ABBIGLIAMENTO SPORTIVO,ABBIGLIAMENTO SPORTIVO,2025,102136.0,4,0.4885642672515078,0.020932873815305,0.4856270071277512,0.0048758518054358,10.817796321618973,7.668093709082406,10.811766273800105,6.212606095751519,11.534070328319336,102136.0,0.4885642672515078,0.020932873815305,0.4856270071277512,0.0048758518054358,Borussia Dortmund,16000000.0,4062923.0,20800000.0,1570000.0,2025,42432923.0,4,0.3770657043824202,0.0957493076779085,0.4901854156971463,0.0369995722425249,16.588099342704055,15.21741346940481,16.85046359274847,14.266586814266963,17.563435128308676,WORKBOOK,,98.24086951802524,88.85014371309124,Bundesliga,Germany,68.72,8,132.75,-92.09067523851078,7.909324761489218,9.295061495237812,1,Givova | ABBIGLIAMENTO SPORTIVO,3,97.91666666666666,92.70833333333334,PRIORITY,ROI_AVAILABLE,SPONSOR_FIT + SVI + ROI_PROXY,1,1
Givova,49900.0,2138.0,49600.0,498.0,ABBIGLIAMENTO SPORTIVO,ABBIGLIAMENTO SPORTIVO,2025,102136.0,4,0.4885642672515078,0.020932873815305,0.4856270071277512,0.0048758518054358,10.817796321618973,7.668093709082406,10.811766273800105,6.212606095751519,11.534070328319336,102136.0,0.4885642672515078,0.020932873815305,0.4856270071277512,0.0048758518054358,Bayern Munich,64000000.0,6494125.0,44100000.0,5120000.0,2025,119714125.0,4,0.5346069229508214,0.0542469403673125,0.3683775828458003,0.0427685538360657,17.974393656948944,15.68640863398211,17.60197036309281,15.448665192328171,18.600617175261277,WORKBOOK,,98.10037916127156,88.27505757180492,Bundesliga,Germany,90.74,3,171.46,-85.76043760399334,14.239562396006654,26.21589395300713,1,Givova | ABBIGLIAMENTO SPORTIVO,4,96.875,97.91666666666666,PRIORITY,ROI_AVAILABLE,SPONSOR_FIT + SVI + ROI_PROXY,1,2
Givova,49900.0,2138.0,49600.0,498.0,ABBIGLIAMENTO SPORTIVO,ABBIGLIAMENTO SPORTIVO,2025,102136.0,4,0.4885642672515078,0.020932873815305,0.4856270071277512,0.0048758518054358,10.817796321618973,7.668093709082406,10.811766273800105,6.212606095751519,11.534070328319336,102136.0,0.4885642672515078,0.020932873815305,0.4856270071277512,0.0048758518054358,PSG,54000000.0,14613125.0,65700000.0,9930000.0,2025,144243125.0,4,0.374367929147403,0.101308987863373,0.4554809804626737,0.0688421025265502,17.804494623047066,16.49743072387907,18.00060949867554,16.111071136726284,18.787010808837476,WORKBOOK,,97.96040846797388,85.56576352308176,Ligue 1,France,87.38,4,165.55,-85.78582743410401,14.214172565895996,26.148026506911407,1,Givova | ABBIGLIAMENTO SPORTIVO,5,95.83333333333334,96.875,PRIORITY,ROI_AVAILABLE,SPONSOR_FIT + SVI + ROI_PROXY,1,3
Goodyear,3200000.0,38858.0,274000.0,14600.0,PNEUMATICI,PNEUMATICI,2025,3527458.0,4,0.9071688451003528,0.0110158646821592,0.0776763323617177,0.0041389578557703,14.978661680269909,10.567694989198364,12.520887034998584,9.588845298501564,15.07608833967912,3527458.0,0.9071688451003528,0.0110158646821592,0.0776763323617177,0.0041389578557703,Inter,35000000.0,2886796.0,14300000.0,4010000.0,2025,56196796.0,4,0.6228113076055083,0.0513694054728671,0.2544629056788219,0.0713563812428025,17.370858648025116,14.875658140966744,16.475770165160203,15.20430204865928,17.8443703203572,WORKBOOK,,94.78736896673894,71.56424625051557,Serie A,Italy,54.34,15,107.45,,,,0,Goodyear | PNEUMATICI,10,90.625,85.41666666666666,PRIORITY,ROI_NOT_AVAILABLE,SPONSOR_FIT + SVI,1,1
Goodyear,3200000.0,38858.0,274000.0,14600.0,PNEUMATICI,PNEUMATICI,2025,3527458.0,4,0.9071688451003528,0.0110158646821592,0.0776763323617177,0.0041389578557703,14.978661680269909,10.567694989198364,12.520887034998584,9.588845298501564,15.07608833967912,3527458.0,0.9071688451003528,0.0110158646821592,0.0776763323617177,0.0041389578557703,Tottenham Hotspur,37000000.0,8700983.0,17400000.0,4900000.0,2025,68000983.0,4,0.5441097814718355,0.1279537826681123,0.2558786539894577,0.0720577818705944,17.426428497635523,15.978946680677376,16.67198082165602,15.404745967162468,18.03503273362392,WORKBOOK,,91.41095420682414,63.694093637148285,Premier League,England,75.82,6,145.22,,,,0,Goodyear | PNEUMATICI,17,83.33333333333334,94.79166666666666,PRIORITY,ROI_NOT_AVAILABLE,SPONSOR_FIT + SVI,1,2
Goodyear,3200000.0,38858.0,274000.0,14600.0,PNEUMATICI,PNEUMATICI,2025,3527458.0,4,0.9071688451003528,0.0110158646821592,0.0776763323617177,0.0041389578557703,14.978661680269909,10.567694989198364,12.520887034998584,9.588845298501564,15.07608833967912,3527458.0,0.9071688451003528,0.0110158646821592,0.0776763323617177,0.0041389578557703,Milan,29000000.0,7920765.0,18200000.0,2190000.0,2025,57310765.0,4,0.5060131373224559,0.138207280953238,0.317566865492024,0.038212716232282,17.182806422433504,15.884998476285524,16.716932206992077,14.599412558413585,17.863999052343328,WORKBOOK,,86.76462874344291,59.88442922221032,Serie A,Italy,48.15,22,96.56,-81.99956062385442,18.00043937614558,36.26878184590585,1,Goodyear | PNEUMATICI,25,75.0,78.125,PRIORITY,ROI_AVAILABLE,SPONSOR_FIT + SVI + ROI_PROXY,1,3
Gucci,21000000.0,6861393.0,51500000.0,1460000.0,MODA,MODA,2025,80821393.0,4,0.2598321956663132,0.0848957527866415,0.6372075274673873,0.0180645240796579,16.860033043306743,15.741421186055408,17.75709238505144,14.19394767861579,18.207752265671743,80821393.0,0.2598321956663132,0.0848957527866415,0.6372075274673873,0.0180645240796579,RB Leipzig,1400000.0,278845.0,2200000.0,225000.0,2025,4103845.0,4,0.3411434886064167,0.067947254343183,0.5360826249529405,0.0548266320974598,14.151983508870948,12.538414937085085,14.603968372873895,12.323860125621126,15.227435140762214,WORKBOOK,,98.229698266987,88.19265990420946,Bundesliga,Germany,49.99,19,99.8,,,,0,Gucci | MODA,4,96.875,81.25,PRIORITY,ROI_NOT_AVAILABLE,SPONSOR_FIT + SVI,1,1
Gucci,21000000.0,6861393.0,51500000.0,1460000.0,MODA,MODA,2025,80821393.0,4,0.2598321956663132,0.0848957527866415,0.6372075274673873,0.0180645240796579,16.860033043306743,15.741421186055408,17.75709238505144,14.19394767861579,18.207752265671743,80821393.0,0.2598321956663132,0.0848957527866415,0.6372075274673873,0.0180645240796579,Bayer Leverkusen,3000000.0,482000.0,4600000.0,500000.0,2025,8582000.0,4,0.3495688650664181,0.0561640643206711,0.536005593101841,0.0582614775110696,14.914123179965662,13.085701467719382,15.341567078850604,13.122365377402328,,MANUAL_ESTIMATE_2025,"Manual 2025 approximation from public social-media sources; Facebook=3.0m, X=482k, Instagram=4.6m, YouTube=500k.",97.94631356921424,87.00663771684835,Bundesliga,Germany,52.23,17,103.75,,,,0,Gucci | MODA,6,94.79166666666666,83.33333333333334,PRIORITY,ROI_NOT_AVAILABLE,SPONSOR_FIT + SVI,1,2
Gucci,21000000.0,6861393.0,51500000.0,1460000.0,MODA,MODA,2025,80821393.0,4,0.2598321956663132,0.0848957527866415,0.6372075274673873,0.0180645240796579,16.860033043306743,15.741421186055408,17.75709238505144,14.19394767861579,18.207752265671743,80821393.0,0.2598321956663132,0.0848957527866415,0.6372075274673873,0.0180645240796579,Real Madrid,132000000.0,48892183.0,180000000.0,19000000.0,2025,379892183.0,4,0.3474670075009151,0.1287001554333114,0.4738186465921569,0.0500141904736165,18.6983124881264,17.705128105269083,19.00846741441004,16.759949589762293,19.75539804411099,WORKBOOK,,96.51119334882924,83.66111191247695,La Liga,Spain,100.0,1,187.75,,,,0,Gucci | MODA,8,92.70833333333334,100.0,PRIORITY,ROI_NOT_AVAILABLE,SPONSOR_FIT + SVI,1,3
Heineken,23000000.0,164277.0,853000.0,698000.0,BIRRA,BIRRA,2025,24715277.0,4,0.930598512005348,0.0066467796415957,0.0345130665539374,0.0282416417991188,16.951004817371683,12.009315393659888,13.656515998806071,13.45597581440824,17.022932152889755,24715277.0,0.930598512005348,0.0066467796415957,0.0345130665539374,0.0282416417991188,Inter,35000000.0,2886796.0,14300000.0,4010000.0,2025,56196796.0,4,0.6228113076055083,0.0513694054728671,0.2544629056788219,0.0713563812428025,17.370858648025116,14.875658140966744,16.475770165160203,15.20430204865928,17.8443703203572,WORKBOOK,,93.44552227321785,69.22127956001603,Serie A,Italy,54.34,15,107.45,,,,0,Heineken | BIRRA,11,89.58333333333334,85.41666666666666,PRIORITY,ROI_NOT_AVAILABLE,SPONSOR_FIT + SVI,1,1
Heineken,23000000.0,164277.0,853000.0,698000.0,BIRRA,BIRRA,2025,24715277.0,4,0.930598512005348,0.0066467796415957,0.0345130665539374,0.0282416417991188,16.951004817371683,12.009315393659888,13.656515998806071,13.45597581440824,17.022932152889755,24715277.0,0.930598512005348,0.0066467796415957,0.0345130665539374,0.0282416417991188,Tottenham Hotspur,37000000.0,8700983.0,17400000.0,4900000.0,2025,68000983.0,4,0.5441097814718355,0.1279537826681123,0.2558786539894577,0.0720577818705944,17.426428497635523,15.978946680677376,16.67198082165602,15.404745967162468,18.03503273362392,WORKBOOK,,89.83791989165293,61.35112694664876,Premier League,England,75.82,6,145.22,,,,0,Heineken | BIRRA,18,82.29166666666666,94.79166666666666,PRIORITY,ROI_NOT_AVAILABLE,SPONSOR_FIT + SVI,1,2
Heineken,23000000.0,164277.0,853000.0,698000.0,BIRRA,BIRRA,2025,24715277.0,4,0.930598512005348,0.0066467796415957,0.0345130665539374,0.0282416417991188,16.951004817371683,12.009315393659888,13.656515998806071,13.45597581440824,17.022932152889755,24715277.0,0.930598512005348,0.0066467796415957,0.0345130665539374,0.0282416417991188,Athletic Bilbao,4300000.0,984531.0,1600000.0,746000.0,2025,7630531.0,4,0.5635256576508241,0.1290252277331682,0.2096839656375159,0.0977651489784918,15.274125813221904,13.79992168034212,14.285514812209817,13.522482219667571,15.847668125600624,WORKBOOK,,92.26473621752444,63.292714564547616,La Liga,Spain,31.48,41,67.25,,,,0,Heineken | BIRRA,14,86.45833333333334,58.333333333333336,STRONG_FIT,ROI_NOT_AVAILABLE,SPONSOR_FIT + SVI,2,3
Hermes,4000000.0,160275.0,15400000.0,420000.0,MODA,MODA,2025,19980275.0,4,0.2001974447298648,0.0080216613635197,0.7707601622099796,0.0210207316966358,15.201805169084134,11.984652608112238,16.54987813231892,12.948012371209098,16.810256144903086,19980275.0,0.2001974447298648,0.0080216613635197,0.7707601622099796,0.0210207316966358,RB Leipzig,1400000.0,278845.0,2200000.0,225000.0,2025,4103845.0,4,0.3411434886064167,0.067947254343183,0.5360826249529405,0.0548266320974598,14.151983508870948,12.538414937085085,14.603968372873895,12.323860125621126,15.227435140762214,WORKBOOK,,94.5625038519057,76.53224627429609,Bundesliga,Germany,49.99,19,99.8,,,,0,Hermes | MODA,5,95.83333333333334,81.25,PRIORITY,ROI_NOT_AVAILABLE,SPONSOR_FIT + SVI,1,1
Hermes,4000000.0,160275.0,15400000.0,420000.0,MODA,MODA,2025,19980275.0,4,0.2001974447298648,0.0080216613635197,0.7707601622099796,0.0210207316966358,15.201805169084134,11.984652608112238,16.54987813231892,12.948012371209098,16.810256144903086,19980275.0,0.2001974447298648,0.0080216613635197,0.7707601622099796,0.0210207316966358,Bayer Leverkusen,3000000.0,482000.0,4600000.0,500000.0,2025,8582000.0,4,0.3495688650664181,0.0561640643206711,0.536005593101841,0.0582614775110696,14.914123179965662,13.085701467719382,15.341567078850604,13.122365377402328,,MANUAL_ESTIMATE_2025,"Manual 2025 approximation from public social-media sources; Facebook=3.0m, X=482k, Instagram=4.6m, YouTube=500k.",94.3434517694403,76.52454308918615,Bundesliga,Germany,52.23,17,103.75,,,,0,Hermes | MODA,6,94.79166666666666,83.33333333333334,PRIORITY,ROI_NOT_AVAILABLE,SPONSOR_FIT + SVI,1,2
Hermes,4000000.0,160275.0,15400000.0,420000.0,MODA,MODA,2025,19980275.0,4,0.2001974447298648,0.0080216613635197,0.7707601622099796,0.0210207316966358,15.201805169084134,11.984652608112238,16.54987813231892,12.948012371209098,16.810256144903086,19980275.0,0.2001974447298648,0.0080216613635197,0.7707601622099796,0.0210207316966358,Borussia Dortmund,16000000.0,4062923.0,20800000.0,1570000.0,2025,42432923.0,4,0.3770657043824202,0.0957493076779085,0.4901854156971463,0.0369995722425249,16.588099342704055,15.21741346940481,16.85046359274847,14.266586814266963,17.563435128308676,WORKBOOK,,91.0757984002232,71.94252534871669,Bundesliga,Germany,68.72,8,132.75,-92.09067523851078,7.909324761489218,9.295061495237812,1,Hermes | MODA,9,91.66666666666666,92.70833333333334,PRIORITY,ROI_AVAILABLE,SPONSOR_FIT + SVI + ROI_PROXY,1,3
Hugo Boss,8600000.0,648440.0,12300000.0,263000.0,MODA,MODA,2025,21811440.0,4,0.3942885018137271,0.029729353036755,0.5639242525940515,0.0120578925554663,15.9672728775028,13.38232629941705,16.325109901643454,12.479913113434042,16.89794520660506,21811440.0,0.3942885018137271,0.029729353036755,0.5639242525940515,0.0120578925554663,Bayer Leverkusen,3000000.0,482000.0,4600000.0,500000.0,2025,8582000.0,4,0.3495688650664181,0.0561640643206711,0.536005593101841,0.0582614775110696,14.914123179965662,13.085701467719382,15.341567078850604,13.122365377402328,,MANUAL_ESTIMATE_2025,"Manual 2025 approximation from public social-media sources; Facebook=3.0m, X=482k, Instagram=4.6m, YouTube=500k.",99.58448587880244,92.73617037604804,Bundesliga,Germany,52.23,17,103.75,,,,0,Hugo Boss | MODA,2,98.95833333333334,83.33333333333334,PRIORITY,ROI_NOT_AVAILABLE,SPONSOR_FIT + SVI,1,1
Hugo Boss,8600000.0,648440.0,12300000.0,263000.0,MODA,MODA,2025,21811440.0,4,0.3942885018137271,0.029729353036755,0.5639242525940515,0.0120578925554663,15.9672728775028,13.38232629941705,16.325109901643454,12.479913113434042,16.89794520660506,21811440.0,0.3942885018137271,0.029729353036755,0.5639242525940515,0.0120578925554663,RB Leipzig,1400000.0,278845.0,2200000.0,225000.0,2025,4103845.0,4,0.3411434886064167,0.067947254343183,0.5360826249529405,0.0548266320974598,14.151983508870948,12.538414937085085,14.603968372873895,12.323860125621126,15.227435140762214,WORKBOOK,,99.47512292530344,91.90133591515784,Bundesliga,Germany,49.99,19,99.8,,,,0,Hugo Boss | MODA,3,97.91666666666666,81.25,PRIORITY,ROI_NOT_AVAILABLE,SPONSOR_FIT + SVI,1,2
Hugo Boss,8600000.0,648440.0,12300000.0,263000.0,MODA,MODA,2025,21811440.0,4,0.3942885018137271,0.029729353036755,0.5639242525940515,0.0120578925554663,15.9672728775028,13.38232629941705,16.325109901643454,12.479913113434042,16.89794520660506,21811440.0,0.3942885018137271,0.029729353036755,0.5639242525940515,0.0120578925554663,Borussia Dortmund,16000000.0,4062923.0,20800000.0,1570000.0,2025,42432923.0,4,0.3770657043824202,0.0957493076779085,0.4901854156971463,0.0369995722425249,16.588099342704055,15.21741346940481,16.85046359274847,14.266586814266963,17.563435128308676,WORKBOOK,,99.20370275145524,90.9038365671788,Bundesliga,Germany,68.72,8,132.75,-92.09067523851078,7.909324761489218,9.295061495237812,1,Hugo Boss | MODA,4,96.875,92.70833333333334,PRIORITY,ROI_AVAILABLE,SPONSOR_FIT + SVI + ROI_PROXY,1,3
Ichnusa,664199.0,3175.0,74500.0,1520.0,BIRRA,BIRRA,2025,743394.0,4,0.8934683357681122,0.00427095187747,0.1002160361800068,0.0020446761744108,13.406338587924784,8.063377822367027,11.218567827096358,7.327123292259293,13.518982810968486,743394.0,0.8934683357681122,0.00427095187747,0.1002160361800068,0.0020446761744108,Inter,35000000.0,2886796.0,14300000.0,4010000.0,2025,56196796.0,4,0.6228113076055083,0.0513694054728671,0.2544629056788219,0.0713563812428025,17.370858648025116,14.875658140966744,16.475770165160203,15.20430204865928,17.8443703203572,WORKBOOK,,95.45790107641336,72.9342971837396,Serie A,Italy,54.34,15,107.45,,,,0,Ichnusa | BIRRA,9,91.66666666666666,85.41666666666666,PRIORITY,ROI_NOT_AVAILABLE,SPONSOR_FIT + SVI,1,1
Ichnusa,664199.0,3175.0,74500.0,1520.0,BIRRA,BIRRA,2025,743394.0,4,0.8934683357681122,0.00427095187747,0.1002160361800068,0.0020446761744108,13.406338587924784,8.063377822367027,11.218567827096358,7.327123292259293,13.518982810968486,743394.0,0.8934683357681122,0.00427095187747,0.1002160361800068,0.0020446761744108,Tottenham Hotspur,37000000.0,8700983.0,17400000.0,4900000.0,2025,68000983.0,4,0.5441097814718355,0.1279537826681123,0.2558786539894577,0.0720577818705944,17.426428497635523,15.978946680677376,16.67198082165602,15.404745967162468,18.03503273362392,WORKBOOK,,92.09282691804272,65.06414457037233,Premier League,England,75.82,6,145.22,,,,0,Ichnusa | BIRRA,17,83.33333333333334,94.79166666666666,PRIORITY,ROI_NOT_AVAILABLE,SPONSOR_FIT + SVI,1,2
Ichnusa,664199.0,3175.0,74500.0,1520.0,BIRRA,BIRRA,2025,743394.0,4,0.8934683357681122,0.00427095187747,0.1002160361800068,0.0020446761744108,13.406338587924784,8.063377822367027,11.218567827096358,7.327123292259293,13.518982810968486,743394.0,0.8934683357681122,0.00427095187747,0.1002160361800068,0.0020446761744108,Milan,29000000.0,7920765.0,18200000.0,2190000.0,2025,57310765.0,4,0.5060131373224559,0.138207280953238,0.317566865492024,0.038212716232282,17.182806422433504,15.884998476285524,16.716932206992077,14.599412558413585,17.863999052343328,WORKBOOK,,87.7300823597132,61.25448015543438,Serie A,Italy,48.15,22,96.56,-81.99956062385442,18.00043937614558,36.26878184590585,1,Ichnusa | BIRRA,25,75.0,78.125,PRIORITY,ROI_AVAILABLE,SPONSOR_FIT + SVI + ROI_PROXY,1,3
Intesa San Paolo,518419.0,18281.0,76000.0,186000.0,BANCHE,BANCHE,2025,798700.0,4,0.6490785025666709,0.0228884437210467,0.0951546262676849,0.2328784274445974,13.158541003522917,9.813672248213765,11.23850177707664,12.133507329024972,13.590741936939253,798700.0,0.6490785025666709,0.0228884437210467,0.0951546262676849,0.2328784274445974,Inter,35000000.0,2886796.0,14300000.0,4010000.0,2025,56196796.0,4,0.6228113076055083,0.0513694054728671,0.2544629056788219,0.0713563812428025,17.370858648025116,14.875658140966744,16.475770165160203,15.20430204865928,17.8443703203572,WORKBOOK,,94.4299760417111,81.22107588370426,Serie A,Italy,54.34,15,107.45,,,,0,Intesa San Paolo | BANCHE,12,88.54166666666666,85.41666666666666,PRIORITY,ROI_NOT_AVAILABLE,SPONSOR_FIT + SVI,1,1
Intesa San Paolo,518419.0,18281.0,76000.0,186000.0,BANCHE,BANCHE,2025,798700.0,4,0.6490785025666709,0.0228884437210467,0.0951546262676849,0.2328784274445974,13.158541003522917,9.813672248213765,11.23850177707664,12.133507329024972,13.590741936939253,798700.0,0.6490785025666709,0.0228884437210467,0.0951546262676849,0.2328784274445974,Tottenham Hotspur,37000000.0,8700983.0,17400000.0,4900000.0,2025,68000983.0,4,0.5441097814718355,0.1279537826681123,0.2558786539894577,0.0720577818705944,17.426428497635523,15.978946680677376,16.67198082165602,15.404745967162468,18.03503273362392,WORKBOOK,,92.14353663244611,73.42106333311617,Premier League,England,75.82,6,145.22,,,,0,Intesa San Paolo | BANCHE,17,83.33333333333334,94.79166666666666,PRIORITY,ROI_NOT_AVAILABLE,SPONSOR_FIT + SVI,1,2
Intesa San Paolo,518419.0,18281.0,76000.0,186000.0,BANCHE,BANCHE,2025,798700.0,4,0.6490785025666709,0.0228884437210467,0.0951546262676849,0.2328784274445974,13.158541003522917,9.813672248213765,11.23850177707664,12.133507329024972,13.590741936939253,798700.0,0.6490785025666709,0.0228884437210467,0.0951546262676849,0.2328784274445974,Athletic Bilbao,4300000.0,984531.0,1600000.0,746000.0,2025,7630531.0,4,0.5635256576508241,0.1290252277331682,0.2096839656375159,0.0977651489784918,15.274125813221904,13.79992168034212,14.285514812209817,13.522482219667571,15.847668125600624,WORKBOOK,,94.8688198774989,77.93338766180476,La Liga,Spain,31.48,41,67.25,,,,0,Intesa San Paolo | BANCHE,11,89.58333333333334,58.333333333333336,STRONG_FIT,ROI_NOT_AVAILABLE,SPONSOR_FIT + SVI,2,3
Jeep,6300000.0,1101083.0,8400000.0,267000.0,AUTO,AUTO,2025,16068083.0,4,0.3920816191950216,0.0685260961123987,0.5227754922600287,0.0166167924325509,15.656060350091908,13.911805707072483,15.943742382861156,12.495007682693725,16.592345502229573,16068083.0,0.3920816191950216,0.0685260961123987,0.5227754922600287,0.0166167924325509,Borussia Dortmund,16000000.0,4062923.0,20800000.0,1570000.0,2025,42432923.0,4,0.3770657043824202,0.0957493076779085,0.4901854156971463,0.0369995722425249,16.588099342704055,15.21741346940481,16.85046359274847,14.266586814266963,17.563435128308676,WORKBOOK,,99.81531261931428,95.23940086245162,Bundesliga,Germany,68.72,8,132.75,-92.09067523851078,7.909324761489218,9.295061495237812,1,Jeep | AUTO,1,100.0,92.70833333333334,PRIORITY,ROI_AVAILABLE,SPONSOR_FIT + SVI + ROI_PROXY,1,1
Jeep,6300000.0,1101083.0,8400000.0,267000.0,AUTO,AUTO,2025,16068083.0,4,0.3920816191950216,0.0685260961123987,0.5227754922600287,0.0166167924325509,15.656060350091908,13.911805707072483,15.943742382861156,12.495007682693725,16.592345502229573,16068083.0,0.3920816191950216,0.0685260961123987,0.5227754922600287,0.0166167924325509,Bayer Leverkusen,3000000.0,482000.0,4600000.0,500000.0,2025,8582000.0,4,0.3495688650664181,0.0561640643206711,0.536005593101841,0.0582614775110696,14.914123179965662,13.085701467719382,15.341567078850604,13.122365377402328,,MANUAL_ESTIMATE_2025,"Manual 2025 approximation from public social-media sources; Facebook=3.0m, X=482k, Instagram=4.6m, YouTube=500k.",99.56131785834152,94.5125214079669,Bundesliga,Germany,52.23,17,103.75,,,,0,Jeep | AUTO,3,97.91666666666666,83.33333333333334,PRIORITY,ROI_NOT_AVAILABLE,SPONSOR_FIT + SVI,1,2
Jeep,6300000.0,1101083.0,8400000.0,267000.0,AUTO,AUTO,2025,16068083.0,4,0.3920816191950216,0.0685260961123987,0.5227754922600287,0.0166167924325509,15.656060350091908,13.911805707072483,15.943742382861156,12.495007682693725,16.592345502229573,16068083.0,0.3920816191950216,0.0685260961123987,0.5227754922600287,0.0166167924325509,RB Leipzig,1400000.0,278845.0,2200000.0,225000.0,2025,4103845.0,4,0.3411434886064167,0.067947254343183,0.5360826249529405,0.0548266320974598,14.151983508870948,12.538414937085085,14.603968372873895,12.323860125621126,15.227435140762214,WORKBOOK,,99.52791467944898,94.84830276421792,Bundesliga,Germany,49.99,19,99.8,,,,0,Jeep | AUTO,4,96.875,81.25,PRIORITY,ROI_NOT_AVAILABLE,SPONSOR_FIT + SVI,1,3
John deere,6000000.0,231505.0,1500000.0,389000.0,ALTRO,ALTRO,2025,8120505.0,4,0.7388703042483196,0.0285086949641678,0.1847175760620799,0.0479034247254327,15.607270193858982,12.352361070099128,14.220976332738882,12.871337193291367,15.909903025467282,8120505.0,0.7388703042483196,0.0285086949641678,0.1847175760620799,0.0479034247254327,Inter,35000000.0,2886796.0,14300000.0,4010000.0,2025,56196796.0,4,0.6228113076055083,0.0513694054728671,0.2544629056788219,0.0713563812428025,17.370858648025116,14.875658140966744,16.475770165160203,15.20430204865928,17.8443703203572,WORKBOOK,,98.8267341401376,88.39410033571887,Serie A,Italy,54.34,15,107.45,,,,0,John deere | ALTRO,6,94.79166666666666,85.41666666666666,PRIORITY,ROI_NOT_AVAILABLE,SPONSOR_FIT + SVI,1,1
John deere,6000000.0,231505.0,1500000.0,389000.0,ALTRO,ALTRO,2025,8120505.0,4,0.7388703042483196,0.0285086949641678,0.1847175760620799,0.0479034247254327,15.607270193858982,12.352361070099128,14.220976332738882,12.871337193291367,15.909903025467282,8120505.0,0.7388703042483196,0.0285086949641678,0.1847175760620799,0.0479034247254327,Tottenham Hotspur,37000000.0,8700983.0,17400000.0,4900000.0,2025,68000983.0,4,0.5441097814718355,0.1279537826681123,0.2558786539894577,0.0720577818705944,17.426428497635523,15.978946680677376,16.67198082165602,15.404745967162468,18.03503273362392,WORKBOOK,,96.55883779969383,80.5239477223516,Premier League,England,75.82,6,145.22,,,,0,John deere | ALTRO,15,85.41666666666666,94.79166666666666,PRIORITY,ROI_NOT_AVAILABLE,SPONSOR_FIT + SVI,1,2
John deere,6000000.0,231505.0,1500000.0,389000.0,ALTRO,ALTRO,2025,8120505.0,4,0.7388703042483196,0.0285086949641678,0.1847175760620799,0.0479034247254327,15.607270193858982,12.352361070099128,14.220976332738882,12.871337193291367,15.909903025467282,8120505.0,0.7388703042483196,0.0285086949641678,0.1847175760620799,0.0479034247254327,Bayern Munich,64000000.0,6494125.0,44100000.0,5120000.0,2025,119714125.0,4,0.5346069229508214,0.0542469403673125,0.3683775828458003,0.0427685538360657,17.974393656948944,15.68640863398211,17.60197036309281,15.448665192328171,18.600617175261277,WORKBOOK,,93.59403975564486,79.06017478131349,Bundesliga,Germany,90.74,3,171.46,-85.76043760399334,14.239562396006654,26.21589395300713,1,John deere | ALTRO,21,79.16666666666666,97.91666666666666,PRIORITY,ROI_AVAILABLE,SPONSOR_FIT + SVI + ROI_PROXY,1,3
Joma,531000.0,44770.0,231000.0,8300.0,ABBIGLIAMENTO SPORTIVO,ABBIGLIAMENTO SPORTIVO,2025,815070.0,4,0.6514777871839229,0.054927797612475,0.283411240752328,0.0101831744512741,13.182519183461476,10.709315887371533,12.35017731849889,9.024131268455037,13.61103050499299,815070.0,0.6514777871839229,0.054927797612475,0.283411240752328,0.0101831744512741,Inter,35000000.0,2886796.0,14300000.0,4010000.0,2025,56196796.0,4,0.6228113076055083,0.0513694054728671,0.2544629056788219,0.0713563812428025,17.370858648025116,14.875658140966744,16.475770165160203,15.20430204865928,17.8443703203572,WORKBOOK,,99.56060860481918,93.88267932084716,Serie A,Italy,54.34,15,107.45,,,,0,Joma | ABBIGLIAMENTO SPORTIVO,4,96.875,85.41666666666666,PRIORITY,ROI_NOT_AVAILABLE,SPONSOR_FIT + SVI,1,1
Joma,531000.0,44770.0,231000.0,8300.0,ABBIGLIAMENTO SPORTIVO,ABBIGLIAMENTO SPORTIVO,2025,815070.0,4,0.6514777871839229,0.054927797612475,0.283411240752328,0.0101831744512741,13.182519183461476,10.709315887371533,12.35017731849889,9.024131268455037,13.61103050499299,815070.0,0.6514777871839229,0.054927797612475,0.283411240752328,0.0101831744512741,Tottenham Hotspur,37000000.0,8700983.0,17400000.0,4900000.0,2025,68000983.0,4,0.5441097814718355,0.1279537826681123,0.2558786539894577,0.0720577818705944,17.426428497635523,15.978946680677376,16.67198082165602,15.404745967162468,18.03503273362392,WORKBOOK,,98.56409838570436,86.50994075250424,Premier League,England,75.82,6,145.22,,,,0,Joma | ABBIGLIAMENTO SPORTIVO,6,94.79166666666666,94.79166666666666,PRIORITY,ROI_NOT_AVAILABLE,SPONSOR_FIT + SVI,1,2
Joma,531000.0,44770.0,231000.0,8300.0,ABBIGLIAMENTO SPORTIVO,ABBIGLIAMENTO SPORTIVO,2025,815070.0,4,0.6514777871839229,0.054927797612475,0.283411240752328,0.0101831744512741,13.182519183461476,10.709315887371533,12.35017731849889,9.024131268455037,13.61103050499299,815070.0,0.6514777871839229,0.054927797612475,0.283411240752328,0.0101831744512741,Bayern Munich,64000000.0,6494125.0,44100000.0,5120000.0,2025,119714125.0,4,0.5346069229508214,0.0542469403673125,0.3683775828458003,0.0427685538360657,17.974393656948944,15.68640863398211,17.60197036309281,15.448665192328171,18.600617175261277,WORKBOOK,,98.02588344848556,88.2448278521736,Bundesliga,Germany,90.74,3,171.46,-85.76043760399334,14.239562396006654,26.21589395300713,1,Joma | ABBIGLIAMENTO SPORTIVO,10,90.625,97.91666666666666,PRIORITY,ROI_AVAILABLE,SPONSOR_FIT + SVI + ROI_PROXY,1,3
KFC,60000000.0,1587195.0,1900000.0,506000.0,ALIMENTARI,ALIMENTARI,2025,63993195.0,4,0.9375996932173803,0.0248025590846026,0.0296906569518837,0.0079070907461332,17.909855136853043,14.27747949534828,14.45736497045232,13.134293924552235,17.974287323172373,63993195.0,0.9375996932173803,0.0248025590846026,0.0296906569518837,0.0079070907461332,Inter,35000000.0,2886796.0,14300000.0,4010000.0,2025,56196796.0,4,0.6228113076055083,0.0513694054728671,0.2544629056788219,0.0713563812428025,17.370858648025116,14.875658140966744,16.475770165160203,15.20430204865928,17.8443703203572,WORKBOOK,,93.18498940129923,68.5211614388128,Serie A,Italy,54.34,15,107.45,,,,0,KFC | ALIMENTARI,11,89.58333333333334,85.41666666666666,PRIORITY,ROI_NOT_AVAILABLE,SPONSOR_FIT + SVI,1,1
KFC,60000000.0,1587195.0,1900000.0,506000.0,ALIMENTARI,ALIMENTARI,2025,63993195.0,4,0.9375996932173803,0.0248025590846026,0.0296906569518837,0.0079070907461332,17.909855136853043,14.27747949534828,14.45736497045232,13.134293924552235,17.974287323172373,63993195.0,0.9375996932173803,0.0248025590846026,0.0296906569518837,0.0079070907461332,Tottenham Hotspur,37000000.0,8700983.0,17400000.0,4900000.0,2025,68000983.0,4,0.5441097814718355,0.1279537826681123,0.2558786539894577,0.0720577818705944,17.426428497635523,15.978946680677376,16.67198082165602,15.404745967162468,18.03503273362392,WORKBOOK,,89.78371424873069,60.65100882544552,Premier League,England,75.82,6,145.22,,,,0,KFC | ALIMENTARI,17,83.33333333333334,94.79166666666666,PRIORITY,ROI_NOT_AVAILABLE,SPONSOR_FIT + SVI,1,2
KFC,60000000.0,1587195.0,1900000.0,506000.0,ALIMENTARI,ALIMENTARI,2025,63993195.0,4,0.9375996932173803,0.0248025590846026,0.0296906569518837,0.0079070907461332,17.909855136853043,14.27747949534828,14.45736497045232,13.134293924552235,17.974287323172373,63993195.0,0.9375996932173803,0.0248025590846026,0.0296906569518837,0.0079070907461332,Athletic Bilbao,4300000.0,984531.0,1600000.0,746000.0,2025,7630531.0,4,0.5635256576508241,0.1290252277331682,0.2096839656375159,0.0977651489784918,15.274125813221904,13.79992168034212,14.285514812209817,13.522482219667571,15.847668125600624,WORKBOOK,,92.16480716077726,62.59259644334436,La Liga,Spain,31.48,41,67.25,,,,0,KFC | ALIMENTARI,13,87.5,58.333333333333336,STRONG_FIT,ROI_NOT_AVAILABLE,SPONSOR_FIT + SVI,2,3
Kappa,1100000.0,3723.0,933000.0,4630.0,ABBIGLIAMENTO SPORTIVO,ABBIGLIAMENTO SPORTIVO,2025,2041353.0,4,0.5388582964337868,0.001823790397839,0.4570498096115664,0.0022681035568076,13.910821646859096,8.222553638396958,13.746161551640268,8.440528106480752,14.529123871142248,2041353.0,0.5388582964337868,0.001823790397839,0.4570498096115664,0.0022681035568076,Bayern Munich,64000000.0,6494125.0,44100000.0,5120000.0,2025,119714125.0,4,0.5346069229508214,0.0542469403673125,0.3683775828458003,0.0427685538360657,17.974393656948944,15.68640863398211,17.60197036309281,15.448665192328171,18.600617175261277,WORKBOOK,,98.98267069099094,90.70763997512684,Bundesliga,Germany,90.74,3,171.46,-85.76043760399334,14.239562396006654,26.21589395300713,1,Kappa | ABBIGLIAMENTO SPORTIVO,2,98.95833333333334,97.91666666666666,PRIORITY,ROI_AVAILABLE,SPONSOR_FIT + SVI + ROI_PROXY,1,1
Kappa,1100000.0,3723.0,933000.0,4630.0,ABBIGLIAMENTO SPORTIVO,ABBIGLIAMENTO SPORTIVO,2025,2041353.0,4,0.5388582964337868,0.001823790397839,0.4570498096115664,0.0022681035568076,13.910821646859096,8.222553638396958,13.746161551640268,8.440528106480752,14.529123871142248,2041353.0,0.5388582964337868,0.001823790397839,0.4570498096115664,0.0022681035568076,Manchester City,56000000.0,17645421.0,56300000.0,9010000.0,2025,138955421.0,4,0.4030069470985231,0.1269862008478244,0.4051659128865508,0.0648409391671016,17.840862266556567,16.68598693092907,17.846205110871907,16.013845740572307,18.749663734622136,WORKBOOK,,96.76847778363684,81.22647539397208,Premier League,England,58.36,13,114.51,,,,0,Kappa | ABBIGLIAMENTO SPORTIVO,6,94.79166666666666,87.5,PRIORITY,ROI_NOT_AVAILABLE,SPONSOR_FIT + SVI,1,2
Kappa,1100000.0,3723.0,933000.0,4630.0,ABBIGLIAMENTO SPORTIVO,ABBIGLIAMENTO SPORTIVO,2025,2041353.0,4,0.5388582964337868,0.001823790397839,0.4570498096115664,0.0022681035568076,13.910821646859096,8.222553638396958,13.746161551640268,8.440528106480752,14.529123871142248,2041353.0,0.5388582964337868,0.001823790397839,0.4570498096115664,0.0022681035568076,Borussia Dortmund,16000000.0,4062923.0,20800000.0,1570000.0,2025,42432923.0,4,0.3770657043824202,0.0957493076779085,0.4901854156971463,0.0369995722425249,16.588099342704055,15.21741346940481,16.85046359274847,14.266586814266963,17.563435128308676,WORKBOOK,,96.5062673213016,83.82074079486334,Bundesliga,Germany,68.72,8,132.75,-92.09067523851078,7.909324761489218,9.295061495237812,1,Kappa | ABBIGLIAMENTO SPORTIVO,7,93.75,92.70833333333334,PRIORITY,ROI_AVAILABLE,SPONSOR_FIT + SVI + ROI_PROXY,1,3
Kimbo,124505.0,1300.0,27500.0,1080.0,BEVANDE,BEVANDE,2025,154385.0,4,0.8064578812708488,0.0084205071736243,0.178126113288208,0.0069954982673187,11.73210918649675,7.170888478512505,10.221977646629885,6.985641817639208,11.947211238886586,154385.0,0.8064578812708488,0.0084205071736243,0.178126113288208,0.0069954982673187,Inter,35000000.0,2886796.0,14300000.0,4010000.0,2025,56196796.0,4,0.6228113076055083,0.0513694054728671,0.2544629056788219,0.0713563812428025,17.370858648025116,14.875658140966744,16.475770165160203,15.20430204865928,17.8443703203572,WORKBOOK,,97.87693722353067,81.63534263346594,Serie A,Italy,54.34,15,107.45,,,,0,Kimbo | BEVANDE,6,94.79166666666666,85.41666666666666,PRIORITY,ROI_NOT_AVAILABLE,SPONSOR_FIT + SVI,1,1
Kimbo,124505.0,1300.0,27500.0,1080.0,BEVANDE,BEVANDE,2025,154385.0,4,0.8064578812708488,0.0084205071736243,0.178126113288208,0.0069954982673187,11.73210918649675,7.170888478512505,10.221977646629885,6.985641817639208,11.947211238886586,154385.0,0.8064578812708488,0.0084205071736243,0.178126113288208,0.0069954982673187,Tottenham Hotspur,37000000.0,8700983.0,17400000.0,4900000.0,2025,68000983.0,4,0.5441097814718355,0.1279537826681123,0.2558786539894577,0.0720577818705944,17.426428497635523,15.978946680677376,16.67198082165602,15.404745967162468,18.03503273362392,WORKBOOK,,95.05749324825102,73.76519002009867,Premier League,England,75.82,6,145.22,,,,0,Kimbo | BEVANDE,15,85.41666666666666,94.79166666666666,PRIORITY,ROI_NOT_AVAILABLE,SPONSOR_FIT + SVI,1,2
Kimbo,124505.0,1300.0,27500.0,1080.0,BEVANDE,BEVANDE,2025,154385.0,4,0.8064578812708488,0.0084205071736243,0.178126113288208,0.0069954982673187,11.73210918649675,7.170888478512505,10.221977646629885,6.985641817639208,11.947211238886586,154385.0,0.8064578812708488,0.0084205071736243,0.178126113288208,0.0069954982673187,Bayern Munich,64000000.0,6494125.0,44100000.0,5120000.0,2025,119714125.0,4,0.5346069229508214,0.0542469403673125,0.3683775828458003,0.0427685538360657,17.974393656948944,15.68640863398211,17.60197036309281,15.448665192328171,18.600617175261277,WORKBOOK,,92.25572170443158,72.81490416799726,Bundesliga,Germany,90.74,3,171.46,-85.76043760399334,14.239562396006654,26.21589395300713,1,Kimbo | BEVANDE,21,79.16666666666666,97.91666666666666,PRIORITY,ROI_AVAILABLE,SPONSOR_FIT + SVI + ROI_PROXY,1,3
Lacoste,16000000.0,1110923.0,8600000.0,105000.0,ABBIGLIAMENTO SPORTIVO,ABBIGLIAMENTO SPORTIVO,2025,25815923.0,4,0.6197725334089352,0.0430324726332659,0.3331277367073027,0.0040672572504961,16.588099342704055,13.920702659441227,15.9672728775028,11.561725152903833,17.066502068798847,25815923.0,0.6197725334089352,0.0430324726332659,0.3331277367073027,0.0040672572504961,Bayern Munich,64000000.0,6494125.0,44100000.0,5120000.0,2025,119714125.0,4,0.5346069229508214,0.0542469403673125,0.3683775828458003,0.0427685538360657,17.974393656948944,15.68640863398211,17.60197036309281,15.448665192328171,18.600617175261277,WORKBOOK,,99.19506587910446,91.4834389541886,Bundesliga,Germany,90.74,3,171.46,-85.76043760399334,14.239562396006654,26.21589395300713,1,Lacoste | ABBIGLIAMENTO SPORTIVO,2,98.95833333333334,97.91666666666666,PRIORITY,ROI_AVAILABLE,SPONSOR_FIT + SVI + ROI_PROXY,1,1
Lacoste,16000000.0,1110923.0,8600000.0,105000.0,ABBIGLIAMENTO SPORTIVO,ABBIGLIAMENTO SPORTIVO,2025,25815923.0,4,0.6197725334089352,0.0430324726332659,0.3331277367073027,0.0040672572504961,16.588099342704055,13.920702659441227,15.9672728775028,11.561725152903833,17.066502068798847,25815923.0,0.6197725334089352,0.0430324726332659,0.3331277367073027,0.0040672572504961,Inter,35000000.0,2886796.0,14300000.0,4010000.0,2025,56196796.0,4,0.6228113076055083,0.0513694054728671,0.2544629056788219,0.0713563812428025,17.370858648025116,14.875658140966744,16.475770165160203,15.20430204865928,17.8443703203572,WORKBOOK,,98.94469624084846,92.13351689715192,Serie A,Italy,54.34,15,107.45,,,,0,Lacoste | ABBIGLIAMENTO SPORTIVO,5,95.83333333333334,85.41666666666666,PRIORITY,ROI_NOT_AVAILABLE,SPONSOR_FIT + SVI,1,2
Lacoste,16000000.0,1110923.0,8600000.0,105000.0,ABBIGLIAMENTO SPORTIVO,ABBIGLIAMENTO SPORTIVO,2025,25815923.0,4,0.6197725334089352,0.0430324726332659,0.3331277367073027,0.0040672572504961,16.588099342704055,13.920702659441227,15.9672728775028,11.561725152903833,17.066502068798847,25815923.0,0.6197725334089352,0.0430324726332659,0.3331277367073027,0.0040672572504961,Milan,29000000.0,7920765.0,18200000.0,2190000.0,2025,57310765.0,4,0.5060131373224559,0.138207280953238,0.317566865492024,0.038212716232282,17.182806422433504,15.884998476285524,16.716932206992077,14.599412558413585,17.863999052343328,WORKBOOK,,98.24485702746546,87.06797326982421,Serie A,Italy,48.15,22,96.56,-81.99956062385442,18.00043937614558,36.26878184590585,1,Lacoste | ABBIGLIAMENTO SPORTIVO,8,92.70833333333334,78.125,PRIORITY,ROI_AVAILABLE,SPONSOR_FIT + SVI + ROI_PROXY,1,3
Lavazza,1000000.0,722000.0,157000.0,44000.0,BEVANDE,BEVANDE,2025,1923000.0,4,0.5200208008320333,0.375455018200728,0.0816432657306292,0.0228809152366094,13.815511557963774,13.489781802915555,11.964007453736912,10.691967639914864,14.469397544591583,1923000.0,0.5200208008320333,0.375455018200728,0.0816432657306292,0.0228809152366094,SV Werder Bremen,1100000.0,476903.0,582000.0,167000.0,2025,2325903.0,4,0.4729345978744599,0.205039935027385,0.2502253963299415,0.0718000707682134,13.910821646859096,13.07507049175376,13.274227444925158,12.025755079404917,14.659619338638072,WORKBOOK,,92.33950473704223,78.24987138690838,Bundesliga,Germany,46.73,23,94.08,,,,0,Lavazza | BEVANDE,6,94.79166666666666,77.08333333333334,PRIORITY,ROI_NOT_AVAILABLE,SPONSOR_FIT + SVI,1,1
Lavazza,1000000.0,722000.0,157000.0,44000.0,BEVANDE,BEVANDE,2025,1923000.0,4,0.5200208008320333,0.375455018200728,0.0816432657306292,0.0228809152366094,13.815511557963774,13.489781802915555,11.964007453736912,10.691967639914864,14.469397544591583,1923000.0,0.5200208008320333,0.375455018200728,0.0816432657306292,0.0228809152366094,FC Köln,821503.0,573780.0,664000.0,122000.0,2025,2181283.0,4,0.3766145887534997,0.2630470232427429,0.3044080020795101,0.0559303859242473,13.61889208558942,13.260003069398389,13.406038934481533,11.711784520403112,14.595424252203944,WORKBOOK,,89.50005637377126,74.41857929634813,Bundesliga,Germany,49.39,20,98.76,,,,0,Lavazza | BEVANDE,21,79.16666666666666,80.20833333333334,PRIORITY,ROI_NOT_AVAILABLE,SPONSOR_FIT + SVI,1,2
Lavazza,1000000.0,722000.0,157000.0,44000.0,BEVANDE,BEVANDE,2025,1923000.0,4,0.5200208008320333,0.375455018200728,0.0816432657306292,0.0228809152366094,13.815511557963774,13.489781802915555,11.964007453736912,10.691967639914864,14.469397544591583,1923000.0,0.5200208008320333,0.375455018200728,0.0816432657306292,0.0228809152366094,Arsenal,47000000.0,21411952.0,31700000.0,5180000.0,2025,105291952.0,4,0.4463778960048152,0.2033579166620445,0.3010676447521839,0.0491965425809562,17.665658180950928,16.879459875462175,17.27182727039325,15.46031580728584,18.47224755443098,WORKBOOK,,89.42081169747591,75.42599936340986,Premier League,England,58.97,11,115.59,,,,0,Lavazza | BEVANDE,22,78.125,89.58333333333334,PRIORITY,ROI_NOT_AVAILABLE,SPONSOR_FIT + SVI,1,3
Legea,35200.0,1309.0,24.0,95.0,ABBIGLIAMENTO SPORTIVO,ABBIGLIAMENTO SPORTIVO,2025,36628.0,4,0.9610134323468384,0.035737687015398,0.0006552364311455,0.0025936442066178,10.468829770273569,7.177782416195197,3.218875824868201,4.564348191467836,10.508595555372908,36628.0,0.9610134323468384,0.035737687015398,0.0006552364311455,0.0025936442066178,Inter,35000000.0,2886796.0,14300000.0,4010000.0,2025,56196796.0,4,0.6228113076055083,0.0513694054728671,0.2544629056788219,0.0713563812428025,17.370858648025116,14.875658140966744,16.475770165160203,15.20430204865928,17.8443703203572,WORKBOOK,,92.06253121118884,66.17978752586698,Serie A,Italy,54.34,15,107.45,,,,0,Legea | ABBIGLIAMENTO SPORTIVO,11,89.58333333333334,85.41666666666666,PRIORITY,ROI_NOT_AVAILABLE,SPONSOR_FIT + SVI,1,1
Legea,35200.0,1309.0,24.0,95.0,ABBIGLIAMENTO SPORTIVO,ABBIGLIAMENTO SPORTIVO,2025,36628.0,4,0.9610134323468384,0.035737687015398,0.0006552364311455,0.0025936442066178,10.468829770273569,7.177782416195197,3.218875824868201,4.564348191467836,10.508595555372908,36628.0,0.9610134323468384,0.035737687015398,0.0006552364311455,0.0025936442066178,Tottenham Hotspur,37000000.0,8700983.0,17400000.0,4900000.0,2025,68000983.0,4,0.5441097814718355,0.1279537826681123,0.2558786539894577,0.0720577818705944,17.426428497635523,15.978946680677376,16.67198082165602,15.404745967162468,18.03503273362392,WORKBOOK,,88.67586568535076,58.309634912499696,Premier League,England,75.82,6,145.22,,,,0,Legea | ABBIGLIAMENTO SPORTIVO,18,82.29166666666666,94.79166666666666,PRIORITY,ROI_NOT_AVAILABLE,SPONSOR_FIT + SVI,1,2
Legea,35200.0,1309.0,24.0,95.0,ABBIGLIAMENTO SPORTIVO,ABBIGLIAMENTO SPORTIVO,2025,36628.0,4,0.9610134323468384,0.035737687015398,0.0006552364311455,0.0025936442066178,10.468829770273569,7.177782416195197,3.218875824868201,4.564348191467836,10.508595555372908,36628.0,0.9610134323468384,0.035737687015398,0.0006552364311455,0.0025936442066178,Athletic Bilbao,4300000.0,984531.0,1600000.0,746000.0,2025,7630531.0,4,0.5635256576508241,0.1290252277331682,0.2096839656375159,0.0977651489784918,15.274125813221904,13.79992168034212,14.285514812209817,13.522482219667571,15.847668125600624,WORKBOOK,,91.2720597394632,60.25122253039856,La Liga,Spain,31.48,41,67.25,,,,0,Legea | ABBIGLIAMENTO SPORTIVO,13,87.5,58.333333333333336,STRONG_FIT,ROI_NOT_AVAILABLE,SPONSOR_FIT + SVI,2,3
Lipton,7200000.0,57338.0,122000.0,1080.0,BEVANDE,BEVANDE,2025,7380418.0,4,0.9755545011136224,0.0077689366645629,0.0165302290466474,0.000146333175167,15.789591722875162,10.956736299452707,11.711784520403112,6.985641817639208,15.814340970032765,7380418.0,0.9755545011136224,0.0077689366645629,0.0165302290466474,0.000146333175167,Inter,35000000.0,2886796.0,14300000.0,4010000.0,2025,56196796.0,4,0.6228113076055083,0.0513694054728671,0.2544629056788219,0.0713563812428025,17.370858648025116,14.875658140966744,16.475770165160203,15.20430204865928,17.8443703203572,WORKBOOK,,92.4721592447213,64.72568064918858,Serie A,Italy,54.34,15,107.45,,,,0,Lipton | BEVANDE,11,89.58333333333334,85.41666666666666,PRIORITY,ROI_NOT_AVAILABLE,SPONSOR_FIT + SVI,1,1
Lipton,7200000.0,57338.0,122000.0,1080.0,BEVANDE,BEVANDE,2025,7380418.0,4,0.9755545011136224,0.0077689366645629,0.0165302290466474,0.000146333175167,15.789591722875162,10.956736299452707,11.711784520403112,6.985641817639208,15.814340970032765,7380418.0,0.9755545011136224,0.0077689366645629,0.0165302290466474,0.000146333175167,Tottenham Hotspur,37000000.0,8700983.0,17400000.0,4900000.0,2025,68000983.0,4,0.5441097814718355,0.1279537826681123,0.2558786539894577,0.0720577818705944,17.426428497635523,15.978946680677376,16.67198082165602,15.404745967162468,18.03503273362392,WORKBOOK,,88.76044556606384,56.8555280358213,Premier League,England,75.82,6,145.22,,,,0,Lipton | BEVANDE,17,83.33333333333334,94.79166666666666,PRIORITY,ROI_NOT_AVAILABLE,SPONSOR_FIT + SVI,1,2
Lipton,7200000.0,57338.0,122000.0,1080.0,BEVANDE,BEVANDE,2025,7380418.0,4,0.9755545011136224,0.0077689366645629,0.0165302290466474,0.000146333175167,15.789591722875162,10.956736299452707,11.711784520403112,6.985641817639208,15.814340970032765,7380418.0,0.9755545011136224,0.0077689366645629,0.0165302290466474,0.000146333175167,Athletic Bilbao,4300000.0,984531.0,1600000.0,746000.0,2025,7630531.0,4,0.5635256576508241,0.1290252277331682,0.2096839656375159,0.0977651489784918,15.274125813221904,13.79992168034212,14.285514812209817,13.522482219667571,15.847668125600624,WORKBOOK,,91.22158354241355,58.79711565372014,La Liga,Spain,31.48,41,67.25,,,,0,Lipton | BEVANDE,14,86.45833333333334,58.333333333333336,STRONG_FIT,ROI_NOT_AVAILABLE,SPONSOR_FIT + SVI,2,3
Logitech,3500000.0,335527.0,839000.0,152000.0,TECNOLOGIA,TECNOLOGIA,2025,4826527.0,4,0.725159105087364,0.0695172740150422,0.1738309969052281,0.0314926239923655,15.068273812173889,12.723460689437568,13.639967177343744,11.93164237875414,15.389637926559272,4826527.0,0.725159105087364,0.0695172740150422,0.1738309969052281,0.0314926239923655,Inter,35000000.0,2886796.0,14300000.0,4010000.0,2025,56196796.0,4,0.6228113076055083,0.0513694054728671,0.2544629056788219,0.0713563812428025,17.370858648025116,14.875658140966744,16.475770165160203,15.20430204865928,17.8443703203572,WORKBOOK,,98.6392793332912,87.95043339759691,Serie A,Italy,54.34,15,107.45,,,,0,Logitech | TECNOLOGIA,8,92.70833333333334,85.41666666666666,PRIORITY,ROI_NOT_AVAILABLE,SPONSOR_FIT + SVI,1,1
Logitech,3500000.0,335527.0,839000.0,152000.0,TECNOLOGIA,TECNOLOGIA,2025,4826527.0,4,0.725159105087364,0.0695172740150422,0.1738309969052281,0.0314926239923655,15.068273812173889,12.723460689437568,13.639967177343744,11.93164237875414,15.389637926559272,4826527.0,0.725159105087364,0.0695172740150422,0.1738309969052281,0.0314926239923655,Tottenham Hotspur,37000000.0,8700983.0,17400000.0,4900000.0,2025,68000983.0,4,0.5441097814718355,0.1279537826681123,0.2558786539894577,0.0720577818705944,17.426428497635523,15.978946680677376,16.67198082165602,15.404745967162468,18.03503273362392,WORKBOOK,,97.0362802079962,81.89506763844714,Premier League,England,75.82,6,145.22,,,,0,Logitech | TECNOLOGIA,15,85.41666666666666,94.79166666666666,PRIORITY,ROI_NOT_AVAILABLE,SPONSOR_FIT + SVI,1,2
Logitech,3500000.0,335527.0,839000.0,152000.0,TECNOLOGIA,TECNOLOGIA,2025,4826527.0,4,0.725159105087364,0.0695172740150422,0.1738309969052281,0.0314926239923655,15.068273812173889,12.723460689437568,13.639967177343744,11.93164237875414,15.389637926559272,4826527.0,0.725159105087364,0.0695172740150422,0.1738309969052281,0.0314926239923655,Milan,29000000.0,7920765.0,18200000.0,2190000.0,2025,57310765.0,4,0.5060131373224559,0.138207280953238,0.317566865492024,0.038212716232282,17.182806422433504,15.884998476285524,16.716932206992077,14.599412558413585,17.863999052343328,WORKBOOK,,94.01091928477568,78.08540322350919,Serie A,Italy,48.15,22,96.56,-81.99956062385442,18.00043937614558,36.26878184590585,1,Logitech | TECNOLOGIA,24,76.04166666666666,78.125,PRIORITY,ROI_AVAILABLE,SPONSOR_FIT + SVI + ROI_PROXY,1,3
Lotto,1100000.0,11521.0,399000.0,2020.0,ABBIGLIAMENTO SPORTIVO,ABBIGLIAMENTO SPORTIVO,2025,1512541.0,4,0.7272530133067467,0.0076169836057336,0.2637945020994472,0.0013355009880723,13.910821646859096,9.352013530292329,12.896719202134523,7.611347717403621,14.229302237096634,1512541.0,0.7272530133067467,0.0076169836057336,0.2637945020994472,0.0013355009880723,Inter,35000000.0,2886796.0,14300000.0,4010000.0,2025,56196796.0,4,0.6228113076055083,0.0513694054728671,0.2544629056788219,0.0713563812428025,17.370858648025116,14.875658140966744,16.475770165160203,15.20430204865928,17.8443703203572,WORKBOOK,,99.16565596878162,88.62266978781363,Serie A,Italy,54.34,15,107.45,,,,0,Lotto | ABBIGLIAMENTO SPORTIVO,2,98.95833333333334,85.41666666666666,PRIORITY,ROI_NOT_AVAILABLE,SPONSOR_FIT + SVI,1,1
Lotto,1100000.0,11521.0,399000.0,2020.0,ABBIGLIAMENTO SPORTIVO,ABBIGLIAMENTO SPORTIVO,2025,1512541.0,4,0.7272530133067467,0.0076169836057336,0.2637945020994472,0.0013355009880723,13.910821646859096,9.352013530292329,12.896719202134523,7.611347717403621,14.229302237096634,1512541.0,0.7272530133067467,0.0076169836057336,0.2637945020994472,0.0013355009880723,Tottenham Hotspur,37000000.0,8700983.0,17400000.0,4900000.0,2025,68000983.0,4,0.5441097814718355,0.1279537826681123,0.2558786539894577,0.0720577818705944,17.426428497635523,15.978946680677376,16.67198082165602,15.404745967162468,18.03503273362392,WORKBOOK,,96.95612320181274,80.89409200550993,Premier League,England,75.82,6,145.22,,,,0,Lotto | ABBIGLIAMENTO SPORTIVO,9,91.66666666666666,94.79166666666666,PRIORITY,ROI_NOT_AVAILABLE,SPONSOR_FIT + SVI,1,2
Lotto,1100000.0,11521.0,399000.0,2020.0,ABBIGLIAMENTO SPORTIVO,ABBIGLIAMENTO SPORTIVO,2025,1512541.0,4,0.7272530133067467,0.0076169836057336,0.2637945020994472,0.0013355009880723,13.910821646859096,9.352013530292329,12.896719202134523,7.611347717403621,14.229302237096634,1512541.0,0.7272530133067467,0.0076169836057336,0.2637945020994472,0.0013355009880723,Bayern Munich,64000000.0,6494125.0,44100000.0,5120000.0,2025,119714125.0,4,0.5346069229508214,0.0542469403673125,0.3683775828458003,0.0427685538360657,17.974393656948944,15.68640863398211,17.60197036309281,15.448665192328171,18.600617175261277,WORKBOOK,,96.30196199558732,80.73539096440746,Bundesliga,Germany,90.74,3,171.46,-85.76043760399334,14.239562396006654,26.21589395300713,1,Lotto | ABBIGLIAMENTO SPORTIVO,14,86.45833333333334,97.91666666666666,PRIORITY,ROI_AVAILABLE,SPONSOR_FIT + SVI + ROI_PROXY,1,3
Lululemon,3400000.0,864298.0,5400000.0,306000.0,ABBIGLIAMENTO SPORTIVO,ABBIGLIAMENTO SPORTIVO,2025,9970298.0,4,0.3410128764456188,0.0866872785547633,0.5416086861195122,0.0306911588801056,15.039286283703994,13.669674052734392,15.501909696719672,12.631343648903034,16.115121131458242,9970298.0,0.3410128764456188,0.0866872785547633,0.5416086861195122,0.0306911588801056,RB Leipzig,1400000.0,278845.0,2200000.0,225000.0,2025,4103845.0,4,0.3411434886064167,0.067947254343183,0.5360826249529405,0.0548266320974598,14.151983508870948,12.538414937085085,14.603968372873895,12.323860125621126,15.227435140762214,WORKBOOK,,99.88700848566704,97.5733914621848,Bundesliga,Germany,49.99,19,99.8,,,,0,Lululemon | ABBIGLIAMENTO SPORTIVO,2,98.95833333333334,81.25,PRIORITY,ROI_NOT_AVAILABLE,SPONSOR_FIT + SVI,1,1
Lululemon,3400000.0,864298.0,5400000.0,306000.0,ABBIGLIAMENTO SPORTIVO,ABBIGLIAMENTO SPORTIVO,2025,9970298.0,4,0.3410128764456188,0.0866872785547633,0.5416086861195122,0.0306911588801056,15.039286283703994,13.669674052734392,15.501909696719672,12.631343648903034,16.115121131458242,9970298.0,0.3410128764456188,0.0866872785547633,0.5416086861195122,0.0306911588801056,Bayer Leverkusen,3000000.0,482000.0,4600000.0,500000.0,2025,8582000.0,4,0.3495688650664181,0.0561640643206711,0.536005593101841,0.0582614775110696,14.914123179965662,13.085701467719382,15.341567078850604,13.122365377402328,,MANUAL_ESTIMATE_2025,"Manual 2025 approximation from public social-media sources; Facebook=3.0m, X=482k, Instagram=4.6m, YouTube=500k.",99.78493827880816,96.38736927482368,Bundesliga,Germany,52.23,17,103.75,,,,0,Lululemon | ABBIGLIAMENTO SPORTIVO,3,97.91666666666666,83.33333333333334,PRIORITY,ROI_NOT_AVAILABLE,SPONSOR_FIT + SVI,1,2
Lululemon,3400000.0,864298.0,5400000.0,306000.0,ABBIGLIAMENTO SPORTIVO,ABBIGLIAMENTO SPORTIVO,2025,9970298.0,4,0.3410128764456188,0.0866872785547633,0.5416086861195122,0.0306911588801056,15.039286283703994,13.669674052734392,15.501909696719672,12.631343648903034,16.115121131458242,9970298.0,0.3410128764456188,0.0866872785547633,0.5416086861195122,0.0306911588801056,Borussia Dortmund,16000000.0,4062923.0,20800000.0,1570000.0,2025,42432923.0,4,0.3770657043824202,0.0957493076779085,0.4901854156971463,0.0369995722425249,16.588099342704055,15.21741346940481,16.85046359274847,14.266586814266963,17.563435128308676,WORKBOOK,,99.5463226629806,94.8576729577634,Bundesliga,Germany,68.72,8,132.75,-92.09067523851078,7.909324761489218,9.295061495237812,1,Lululemon | ABBIGLIAMENTO SPORTIVO,5,95.83333333333334,92.70833333333334,PRIORITY,ROI_AVAILABLE,SPONSOR_FIT + SVI + ROI_PROXY,1,3
Macron,195000.0,47036.0,184000.0,2470.0,ABBIGLIAMENTO SPORTIVO,ABBIGLIAMENTO SPORTIVO,2025,428506.0,4,0.4550694739396881,0.1097674244934726,0.4293988882302698,0.0057642133365693,12.180759965737863,10.75868980502856,12.122696471358964,7.81237820598861,12.96806235294255,428506.0,0.4550694739396881,0.1097674244934726,0.4293988882302698,0.0057642133365693,Manchester City,56000000.0,17645421.0,56300000.0,9010000.0,2025,138955421.0,4,0.4030069470985231,0.1269862008478244,0.4051659128865508,0.0648409391671016,17.840862266556567,16.68598693092907,17.846205110871907,16.013845740572307,18.749663734622136,WORKBOOK,,99.33944163908528,92.3704497815116,Premier League,England,58.36,13,114.51,,,,0,Macron | ABBIGLIAMENTO SPORTIVO,4,96.875,87.5,PRIORITY,ROI_NOT_AVAILABLE,SPONSOR_FIT + SVI,1,1
Macron,195000.0,47036.0,184000.0,2470.0,ABBIGLIAMENTO SPORTIVO,ABBIGLIAMENTO SPORTIVO,2025,428506.0,4,0.4550694739396881,0.1097674244934726,0.4293988882302698,0.0057642133365693,12.180759965737863,10.75868980502856,12.122696471358964,7.81237820598861,12.96806235294255,428506.0,0.4550694739396881,0.1097674244934726,0.4293988882302698,0.0057642133365693,PSG,54000000.0,14613125.0,65700000.0,9930000.0,2025,144243125.0,4,0.374367929147403,0.101308987863373,0.4554809804626737,0.0688421025265502,17.804494623047066,16.49743072387907,18.00060949867554,16.111071136726284,18.787010808837476,WORKBOOK,,98.67346993898852,91.08400185776154,Ligue 1,France,87.38,4,165.55,-85.78582743410401,14.214172565895996,26.148026506911407,1,Macron | ABBIGLIAMENTO SPORTIVO,7,93.75,96.875,PRIORITY,ROI_AVAILABLE,SPONSOR_FIT + SVI + ROI_PROXY,1,2
Macron,195000.0,47036.0,184000.0,2470.0,ABBIGLIAMENTO SPORTIVO,ABBIGLIAMENTO SPORTIVO,2025,428506.0,4,0.4550694739396881,0.1097674244934726,0.4293988882302698,0.0057642133365693,12.180759965737863,10.75868980502856,12.122696471358964,7.81237820598861,12.96806235294255,428506.0,0.4550694739396881,0.1097674244934726,0.4293988882302698,0.0057642133365693,Borussia Dortmund,16000000.0,4062923.0,20800000.0,1570000.0,2025,42432923.0,4,0.3770657043824202,0.0957493076779085,0.4901854156971463,0.0369995722425249,16.588099342704055,15.21741346940481,16.85046359274847,14.266586814266963,17.563435128308676,WORKBOOK,,98.63376649049118,90.7978113627168,Bundesliga,Germany,68.72,8,132.75,-92.09067523851078,7.909324761489218,9.295061495237812,1,Macron | ABBIGLIAMENTO SPORTIVO,8,92.70833333333334,92.70833333333334,PRIORITY,ROI_AVAILABLE,SPONSOR_FIT + SVI + ROI_PROXY,1,3
McDonald's,82000000.0,4573456.0,5500000.0,793000.0,ALIMENTARI,ALIMENTARI,2025,92866456.0,4,0.882988363419403,0.0492476637635445,0.0592248292537404,0.008539143563312,18.22222981742365,15.335779932044634,15.520258832020865,13.583579761650238,18.346673072922165,92866456.0,0.882988363419403,0.0492476637635445,0.0592248292537404,0.008539143563312,Inter,35000000.0,2886796.0,14300000.0,4010000.0,2025,56196796.0,4,0.6228113076055083,0.0513694054728671,0.2544629056788219,0.0713563812428025,17.370858648025116,14.875658140966744,16.475770165160203,15.20430204865928,17.8443703203572,WORKBOOK,,94.4673010707449,73.98229441861052,Serie A,Italy,54.34,15,107.45,,,,0,McDonald's | ALIMENTARI,11,89.58333333333334,85.41666666666666,PRIORITY,ROI_NOT_AVAILABLE,SPONSOR_FIT + SVI,1,1
McDonald's,82000000.0,4573456.0,5500000.0,793000.0,ALIMENTARI,ALIMENTARI,2025,92866456.0,4,0.882988363419403,0.0492476637635445,0.0592248292537404,0.008539143563312,18.22222981742365,15.335779932044634,15.520258832020865,13.583579761650238,18.346673072922165,92866456.0,0.882988363419403,0.0492476637635445,0.0592248292537404,0.008539143563312,Tottenham Hotspur,37000000.0,8700983.0,17400000.0,4900000.0,2025,68000983.0,4,0.5441097814718355,0.1279537826681123,0.2558786539894577,0.0720577818705944,17.426428497635523,15.978946680677376,16.67198082165602,15.404745967162468,18.03503273362392,WORKBOOK,,91.59548515181264,66.11214180524325,Premier League,England,75.82,6,145.22,,,,0,McDonald's | ALIMENTARI,17,83.33333333333334,94.79166666666666,PRIORITY,ROI_NOT_AVAILABLE,SPONSOR_FIT + SVI,1,2
McDonald's,82000000.0,4573456.0,5500000.0,793000.0,ALIMENTARI,ALIMENTARI,2025,92866456.0,4,0.882988363419403,0.0492476637635445,0.0592248292537404,0.008539143563312,18.22222981742365,15.335779932044634,15.520258832020865,13.583579761650238,18.346673072922165,92866456.0,0.882988363419403,0.0492476637635445,0.0592248292537404,0.008539143563312,Athletic Bilbao,4300000.0,984531.0,1600000.0,746000.0,2025,7630531.0,4,0.5635256576508241,0.1290252277331682,0.2096839656375159,0.0977651489784918,15.274125813221904,13.79992168034212,14.285514812209817,13.522482219667571,15.847668125600624,WORKBOOK,,93.705553087482,68.0537294231421,La Liga,Spain,31.48,41,67.25,,,,0,McDonald's | ALIMENTARI,13,87.5,58.333333333333336,STRONG_FIT,ROI_NOT_AVAILABLE,SPONSOR_FIT + SVI,2,3
Mediolanum,181410.0,9680.0,47800.0,39300.0,BANCHE,BANCHE,2025,278190.0,4,0.6521082713253532,0.0347963621984974,0.1718250116826629,0.1412703547934864,12.10852045429546,9.177920480720072,10.774801838762809,10.579005242826248,12.536063207121437,278190.0,0.6521082713253532,0.0347963621984974,0.1718250116826629,0.1412703547934864,Inter,35000000.0,2886796.0,14300000.0,4010000.0,2025,56196796.0,4,0.6228113076055083,0.0513694054728671,0.2544629056788219,0.0713563812428025,17.370858648025116,14.875658140966744,16.475770165160203,15.20430204865928,17.8443703203572,WORKBOOK,,98.64122368420276,90.07890627294712,Serie A,Italy,54.34,15,107.45,,,,0,Mediolanum | BANCHE,8,92.70833333333334,85.41666666666666,PRIORITY,ROI_NOT_AVAILABLE,SPONSOR_FIT + SVI,1,1
Mediolanum,181410.0,9680.0,47800.0,39300.0,BANCHE,BANCHE,2025,278190.0,4,0.6521082713253532,0.0347963621984974,0.1718250116826629,0.1412703547934864,12.10852045429546,9.177920480720072,10.774801838762809,10.579005242826248,12.536063207121437,278190.0,0.6521082713253532,0.0347963621984974,0.1718250116826629,0.1412703547934864,Tottenham Hotspur,37000000.0,8700983.0,17400000.0,4900000.0,2025,68000983.0,4,0.5441097814718355,0.1279537826681123,0.2558786539894577,0.0720577818705944,17.426428497635523,15.978946680677376,16.67198082165602,15.404745967162468,18.03503273362392,WORKBOOK,,96.81903314123272,82.27889372235904,Premier League,England,75.82,6,145.22,,,,0,Mediolanum | BANCHE,16,84.375,94.79166666666666,PRIORITY,ROI_NOT_AVAILABLE,SPONSOR_FIT + SVI,1,2
Mediolanum,181410.0,9680.0,47800.0,39300.0,BANCHE,BANCHE,2025,278190.0,4,0.6521082713253532,0.0347963621984974,0.1718250116826629,0.1412703547934864,12.10852045429546,9.177920480720072,10.774801838762809,10.579005242826248,12.536063207121437,278190.0,0.6521082713253532,0.0347963621984974,0.1718250116826629,0.1412703547934864,Bayern Munich,64000000.0,6494125.0,44100000.0,5120000.0,2025,119714125.0,4,0.5346069229508214,0.0542469403673125,0.3683775828458003,0.0427685538360657,17.974393656948944,15.68640863398211,17.60197036309281,15.448665192328171,18.600617175261277,WORKBOOK,,93.2116460183054,78.39968506680475,Bundesliga,Germany,90.74,3,171.46,-85.76043760399334,14.239562396006654,26.21589395300713,1,Mediolanum | BANCHE,24,76.04166666666666,97.91666666666666,PRIORITY,ROI_AVAILABLE,SPONSOR_FIT + SVI + ROI_PROXY,1,3
Menabrea,35272.0,282.0,15800.0,89.0,BIRRA,BIRRA,2025,51443.0,4,0.6856520809439574,0.0054817953851836,0.3071360534961024,0.0017300701747565,10.470873077735911,5.645446897643238,9.6678285081515,4.499809670330265,10.848249116385976,51443.0,0.6856520809439574,0.0054817953851836,0.3071360534961024,0.0017300701747565,Inter,35000000.0,2886796.0,14300000.0,4010000.0,2025,56196796.0,4,0.6228113076055083,0.0513694054728671,0.2544629056788219,0.0713563812428025,17.370858648025116,14.875658140966744,16.475770165160203,15.20430204865928,17.8443703203572,WORKBOOK,,99.17852980090272,88.44860788442705,Serie A,Italy,54.34,15,107.45,,,,0,Menabrea | BIRRA,2,98.95833333333334,85.41666666666666,PRIORITY,ROI_NOT_AVAILABLE,SPONSOR_FIT + SVI,1,1
Menabrea,35272.0,282.0,15800.0,89.0,BIRRA,BIRRA,2025,51443.0,4,0.6856520809439574,0.0054817953851836,0.3071360534961024,0.0017300701747565,10.470873077735911,5.645446897643238,9.6678285081515,4.499809670330265,10.848249116385976,51443.0,0.6856520809439574,0.0054817953851836,0.3071360534961024,0.0017300701747565,Bayern Munich,64000000.0,6494125.0,44100000.0,5120000.0,2025,119714125.0,4,0.5346069229508214,0.0542469403673125,0.3683775828458003,0.0427685538360657,17.974393656948944,15.68640863398211,17.60197036309281,15.448665192328171,18.600617175261277,WORKBOOK,,97.86555469002091,84.8954842006864,Bundesliga,Germany,90.74,3,171.46,-85.76043760399334,14.239562396006654,26.21589395300713,1,Menabrea | BIRRA,6,94.79166666666666,97.91666666666666,PRIORITY,ROI_AVAILABLE,SPONSOR_FIT + SVI + ROI_PROXY,1,2
Menabrea,35272.0,282.0,15800.0,89.0,BIRRA,BIRRA,2025,51443.0,4,0.6856520809439574,0.0054817953851836,0.3071360534961024,0.0017300701747565,10.470873077735911,5.645446897643238,9.6678285081515,4.499809670330265,10.848249116385976,51443.0,0.6856520809439574,0.0054817953851836,0.3071360534961024,0.0017300701747565,Tottenham Hotspur,37000000.0,8700983.0,17400000.0,4900000.0,2025,68000983.0,4,0.5441097814718355,0.1279537826681123,0.2558786539894577,0.0720577818705944,17.426428497635523,15.978946680677376,16.67198082165602,15.404745967162468,18.03503273362392,WORKBOOK,,97.30300721770593,80.72003010212335,Premier League,England,75.82,6,145.22,,,,0,Menabrea | BIRRA,9,91.66666666666666,94.79166666666666,PRIORITY,ROI_NOT_AVAILABLE,SPONSOR_FIT + SVI,1,3
Mercedes,23000000.0,3919979.0,39300000.0,2070000.0,AUTO,AUTO,2025,68289979.0,4,0.3367990492426422,0.0574019652283097,0.5754870710972103,0.0303119144318377,16.951004817371683,15.181597109712811,17.486735102284783,14.543059648333225,18.03927360806858,68289979.0,0.3367990492426422,0.0574019652283097,0.5754870710972103,0.0303119144318377,RB Leipzig,1400000.0,278845.0,2200000.0,225000.0,2025,4103845.0,4,0.3411434886064167,0.067947254343183,0.5360826249529405,0.0548266320974598,14.151983508870948,12.538414937085085,14.603968372873895,12.323860125621126,15.227435140762214,WORKBOOK,,99.82914623712742,96.05955538557302,Bundesliga,Germany,49.99,19,99.8,,,,0,Mercedes | AUTO,2,98.95833333333334,81.25,PRIORITY,ROI_NOT_AVAILABLE,SPONSOR_FIT + SVI,1,1
Mercedes,23000000.0,3919979.0,39300000.0,2070000.0,AUTO,AUTO,2025,68289979.0,4,0.3367990492426422,0.0574019652283097,0.5754870710972103,0.0303119144318377,16.951004817371683,15.181597109712811,17.486735102284783,14.543059648333225,18.03927360806858,68289979.0,0.3367990492426422,0.0574019652283097,0.5754870710972103,0.0303119144318377,Bayer Leverkusen,3000000.0,482000.0,4600000.0,500000.0,2025,8582000.0,4,0.3495688650664181,0.0561640643206711,0.536005593101841,0.0582614775110696,14.914123179965662,13.085701467719382,15.341567078850604,13.122365377402328,,MANUAL_ESTIMATE_2025,"Manual 2025 approximation from public social-media sources; Facebook=3.0m, X=482k, Instagram=4.6m, YouTube=500k.",99.78212499451638,95.92806210969924,Bundesliga,Germany,52.23,17,103.75,,,,0,Mercedes | AUTO,4,96.875,83.33333333333334,PRIORITY,ROI_NOT_AVAILABLE,SPONSOR_FIT + SVI,1,2
Mercedes,23000000.0,3919979.0,39300000.0,2070000.0,AUTO,AUTO,2025,68289979.0,4,0.3367990492426422,0.0574019652283097,0.5754870710972103,0.0303119144318377,16.951004817371683,15.181597109712811,17.486735102284783,14.543059648333225,18.03927360806858,68289979.0,0.3367990492426422,0.0574019652283097,0.5754870710972103,0.0303119144318377,Borussia Dortmund,16000000.0,4062923.0,20800000.0,1570000.0,2025,42432923.0,4,0.3770657043824202,0.0957493076779085,0.4901854156971463,0.0369995722425249,16.588099342704055,15.21741346940481,16.85046359274847,14.266586814266963,17.563435128308676,WORKBOOK,,98.981007961849,91.4698344599936,Bundesliga,Germany,68.72,8,132.75,-92.09067523851078,7.909324761489218,9.295061495237812,1,Mercedes | AUTO,7,93.75,92.70833333333334,PRIORITY,ROI_AVAILABLE,SPONSOR_FIT + SVI + ROI_PROXY,1,3
Microsoft,13000000.0,13083999.0,4500000.0,2180000.0,TECNOLOGIA,TECNOLOGIA,2025,32763999.0,4,0.3967769624214675,0.3993407215035015,0.137345871607431,0.0665364444675999,16.380459992348886,16.38690066764041,15.319588176962746,14.594835893480765,17.30484090961763,32763999.0,0.3967769624214675,0.3993407215035015,0.137345871607431,0.0665364444675999,FC Köln,821503.0,573780.0,664000.0,122000.0,2025,2181283.0,4,0.3766145887534997,0.2630470232427429,0.3044080020795101,0.0559303859242473,13.61889208558942,13.260003069398389,13.406038934481533,11.711784520403112,14.595424252203944,WORKBOOK,,92.85879523980265,83.2937869527921,Bundesliga,Germany,49.39,20,98.76,,,,0,Microsoft | TECNOLOGIA,8,92.70833333333334,80.20833333333334,PRIORITY,ROI_NOT_AVAILABLE,SPONSOR_FIT + SVI,1,1
Microsoft,13000000.0,13083999.0,4500000.0,2180000.0,TECNOLOGIA,TECNOLOGIA,2025,32763999.0,4,0.3967769624214675,0.3993407215035015,0.137345871607431,0.0665364444675999,16.380459992348886,16.38690066764041,15.319588176962746,14.594835893480765,17.30484090961763,32763999.0,0.3967769624214675,0.3993407215035015,0.137345871607431,0.0665364444675999,Leeds United,1700000.0,1064588.0,1300000.0,508000.0,2025,4572588.0,4,0.3717807071181571,0.2328195761350027,0.2843028936785907,0.1110968230682493,14.346139397261563,13.878099367148158,14.077875591662238,13.138238695062618,15.335590123245812,WORKBOOK,,92.0517794325092,80.84825993281909,Premier League,England,59.11,10,115.84,,,,0,Microsoft | TECNOLOGIA,11,89.58333333333334,90.625,PRIORITY,ROI_NOT_AVAILABLE,SPONSOR_FIT + SVI,1,2
Microsoft,13000000.0,13083999.0,4500000.0,2180000.0,TECNOLOGIA,TECNOLOGIA,2025,32763999.0,4,0.3967769624214675,0.3993407215035015,0.137345871607431,0.0665364444675999,16.380459992348886,16.38690066764041,15.319588176962746,14.594835893480765,17.30484090961763,32763999.0,0.3967769624214675,0.3993407215035015,0.137345871607431,0.0665364444675999,SV Werder Bremen,1100000.0,476903.0,582000.0,167000.0,2025,2325903.0,4,0.4729345978744599,0.205039935027385,0.2502253963299415,0.0718000707682134,13.910821646859096,13.07507049175376,13.274227444925158,12.025755079404917,14.659619338638072,WORKBOOK,,91.64407554174387,80.56992135238836,Bundesliga,Germany,46.73,23,94.08,,,,0,Microsoft | TECNOLOGIA,13,87.5,77.08333333333334,PRIORITY,ROI_NOT_AVAILABLE,SPONSOR_FIT + SVI,1,3
Mizuno,2200000.0,294438.0,119000.0,9570.0,ABBIGLIAMENTO SPORTIVO,ABBIGLIAMENTO SPORTIVO,2025,2623008.0,4,0.8387317156485988,0.1122520404055191,0.0453677609828105,0.0036484829630714,14.603968372873895,12.592827129889196,11.686887175419702,9.166492972195906,14.779832690028789,2623008.0,0.8387317156485988,0.1122520404055191,0.0453677609828105,0.0036484829630714,Inter,35000000.0,2886796.0,14300000.0,4010000.0,2025,56196796.0,4,0.6228113076055083,0.0513694054728671,0.2544629056788219,0.0713563812428025,17.370858648025116,14.875658140966744,16.475770165160203,15.20430204865928,17.8443703203572,WORKBOOK,,93.90439836518532,72.31969570242575,Serie A,Italy,54.34,15,107.45,,,,0,Mizuno | ABBIGLIAMENTO SPORTIVO,12,88.54166666666666,85.41666666666666,PRIORITY,ROI_NOT_AVAILABLE,SPONSOR_FIT + SVI,1,1
Mizuno,2200000.0,294438.0,119000.0,9570.0,ABBIGLIAMENTO SPORTIVO,ABBIGLIAMENTO SPORTIVO,2025,2623008.0,4,0.8387317156485988,0.1122520404055191,0.0453677609828105,0.0036484829630714,14.603968372873895,12.592827129889196,11.686887175419702,9.166492972195906,14.779832690028789,2623008.0,0.8387317156485988,0.1122520404055191,0.0453677609828105,0.0036484829630714,Tottenham Hotspur,37000000.0,8700983.0,17400000.0,4900000.0,2025,68000983.0,4,0.5441097814718355,0.1279537826681123,0.2558786539894577,0.0720577818705944,17.426428497635523,15.978946680677376,16.67198082165602,15.404745967162468,18.03503273362392,WORKBOOK,,92.00816224573836,70.53780658232367,Premier League,England,75.82,6,145.22,,,,0,Mizuno | ABBIGLIAMENTO SPORTIVO,17,83.33333333333334,94.79166666666666,PRIORITY,ROI_NOT_AVAILABLE,SPONSOR_FIT + SVI,1,2
Mizuno,2200000.0,294438.0,119000.0,9570.0,ABBIGLIAMENTO SPORTIVO,ABBIGLIAMENTO SPORTIVO,2025,2623008.0,4,0.8387317156485988,0.1122520404055191,0.0453677609828105,0.0036484829630714,14.603968372873895,12.592827129889196,11.686887175419702,9.166492972195906,14.779832690028789,2623008.0,0.8387317156485988,0.1122520404055191,0.0453677609828105,0.0036484829630714,SV Werder Bremen,1100000.0,476903.0,582000.0,167000.0,2025,2325903.0,4,0.4729345978744599,0.205039935027385,0.2502253963299415,0.0718000707682134,13.910821646859096,13.07507049175376,13.274227444925158,12.025755079404917,14.659619338638072,WORKBOOK,,88.13265975457766,63.42028822258611,Bundesliga,Germany,46.73,23,94.08,,,,0,Mizuno | ABBIGLIAMENTO SPORTIVO,23,77.08333333333334,77.08333333333334,PRIORITY,ROI_NOT_AVAILABLE,SPONSOR_FIT + SVI,1,3
Moncler,3000000.0,1009196.0,5900000.0,54600.0,MODA,MODA,2025,9963796.0,4,0.3010900664766721,0.1012862969093305,0.5921437974041219,0.0054798392098754,14.914123179965662,13.824665523093016,15.59046307836746,10.907807476583594,16.11446878181263,9963796.0,0.3010900664766721,0.1012862969093305,0.5921437974041219,0.0054798392098754,RB Leipzig,1400000.0,278845.0,2200000.0,225000.0,2025,4103845.0,4,0.3411434886064167,0.067947254343183,0.5360826249529405,0.0548266320974598,14.151983508870948,12.538414937085085,14.603968372873895,12.323860125621126,15.227435140762214,WORKBOOK,,99.14651815321568,91.0599784982671,Bundesliga,Germany,49.99,19,99.8,,,,0,Moncler | MODA,4,96.875,81.25,PRIORITY,ROI_NOT_AVAILABLE,SPONSOR_FIT + SVI,1,1
Moncler,3000000.0,1009196.0,5900000.0,54600.0,MODA,MODA,2025,9963796.0,4,0.3010900664766721,0.1012862969093305,0.5921437974041219,0.0054798392098754,14.914123179965662,13.824665523093016,15.59046307836746,10.907807476583594,16.11446878181263,9963796.0,0.3010900664766721,0.1012862969093305,0.5921437974041219,0.0054798392098754,Bayer Leverkusen,3000000.0,482000.0,4600000.0,500000.0,2025,8582000.0,4,0.3495688650664181,0.0561640643206711,0.536005593101841,0.0582614775110696,14.914123179965662,13.085701467719382,15.341567078850604,13.122365377402328,,MANUAL_ESTIMATE_2025,"Manual 2025 approximation from public social-media sources; Facebook=3.0m, X=482k, Instagram=4.6m, YouTube=500k.",98.8930850557266,89.87395631090598,Bundesliga,Germany,52.23,17,103.75,,,,0,Moncler | MODA,6,94.79166666666666,83.33333333333334,PRIORITY,ROI_NOT_AVAILABLE,SPONSOR_FIT + SVI,1,2
Moncler,3000000.0,1009196.0,5900000.0,54600.0,MODA,MODA,2025,9963796.0,4,0.3010900664766721,0.1012862969093305,0.5921437974041219,0.0054798392098754,14.914123179965662,13.824665523093016,15.59046307836746,10.907807476583594,16.11446878181263,9963796.0,0.3010900664766721,0.1012862969093305,0.5921437974041219,0.0054798392098754,Real Madrid,132000000.0,48892183.0,180000000.0,19000000.0,2025,379892183.0,4,0.3474670075009151,0.1287001554333114,0.4738186465921569,0.0500141904736165,18.6983124881264,17.705128105269083,19.00846741441004,16.759949589762293,19.75539804411099,WORKBOOK,,98.24888322611362,88.1674849188035,La Liga,Spain,100.0,1,187.75,,,,0,Moncler | MODA,8,92.70833333333334,100.0,PRIORITY,ROI_NOT_AVAILABLE,SPONSOR_FIT + SVI,1,3
Monster Energy,25000000.0,2696180.0,10100000.0,3540000.0,BEVANDE,BEVANDE,2025,41336180.0,4,0.6047970567188357,0.0652256691353676,0.2443380109144096,0.0856392632313871,17.034386422832473,14.807346885259298,16.128046080821385,15.079637567595793,17.537248727689327,41336180.0,0.6047970567188357,0.0652256691353676,0.2443380109144096,0.0856392632313871,Inter,35000000.0,2886796.0,14300000.0,4010000.0,2025,56196796.0,4,0.6228113076055083,0.0513694054728671,0.2544629056788219,0.0713563812428025,17.370858648025116,14.875658140966744,16.475770165160203,15.20430204865928,17.8443703203572,WORKBOOK,,99.94200129480208,97.1860854348915,Serie A,Italy,54.34,15,107.45,,,,0,Monster Energy | BEVANDE,1,100.0,85.41666666666666,PRIORITY,ROI_NOT_AVAILABLE,SPONSOR_FIT + SVI,1,1
Monster Energy,25000000.0,2696180.0,10100000.0,3540000.0,BEVANDE,BEVANDE,2025,41336180.0,4,0.6047970567188357,0.0652256691353676,0.2443380109144096,0.0856392632313871,17.034386422832473,14.807346885259298,16.128046080821385,15.079637567595793,17.537248727689327,41336180.0,0.6047970567188357,0.0652256691353676,0.2443380109144096,0.0856392632313871,Tottenham Hotspur,37000000.0,8700983.0,17400000.0,4900000.0,2025,68000983.0,4,0.5441097814718355,0.1279537826681123,0.2558786539894577,0.0720577818705944,17.426428497635523,15.978946680677376,16.67198082165602,15.404745967162468,18.03503273362392,WORKBOOK,,99.24761370815024,92.57312433922073,Premier League,England,75.82,6,145.22,,,,0,Monster Energy | BEVANDE,8,92.70833333333334,94.79166666666666,PRIORITY,ROI_NOT_AVAILABLE,SPONSOR_FIT + SVI,1,2
Monster Energy,25000000.0,2696180.0,10100000.0,3540000.0,BEVANDE,BEVANDE,2025,41336180.0,4,0.6047970567188357,0.0652256691353676,0.2443380109144096,0.0856392632313871,17.034386422832473,14.807346885259298,16.128046080821385,15.079637567595793,17.537248727689327,41336180.0,0.6047970567188357,0.0652256691353676,0.2443380109144096,0.0856392632313871,Milan,29000000.0,7920765.0,18200000.0,2190000.0,2025,57310765.0,4,0.5060131373224559,0.138207280953238,0.317566865492024,0.038212716232282,17.182806422433504,15.884998476285524,16.716932206992077,14.599412558413585,17.863999052343328,WORKBOOK,,97.47493863695396,85.37895336045152,Serie A,Italy,48.15,22,96.56,-81.99956062385442,18.00043937614558,36.26878184590585,1,Monster Energy | BEVANDE,17,83.33333333333334,78.125,PRIORITY,ROI_AVAILABLE,SPONSOR_FIT + SVI + ROI_PROXY,1,3
Moretti,1000000.0,5222.0,20000.0,3750.0,BIRRA,BIRRA,2025,1028972.0,4,0.9718437430756132,0.0050749680263408,0.0194368748615122,0.0036444140365335,13.815511557963774,8.560827228436299,9.90353755128617,8.229777750081887,13.84407177540488,1028972.0,0.9718437430756132,0.0050749680263408,0.0194368748615122,0.0036444140365335,Inter,35000000.0,2886796.0,14300000.0,4010000.0,2025,56196796.0,4,0.6228113076055083,0.0513694054728671,0.2544629056788219,0.0713563812428025,17.370858648025116,14.875658140966744,16.475770165160203,15.20430204865928,17.8443703203572,WORKBOOK,,92.59963127094244,65.0967564529895,Serie A,Italy,54.34,15,107.45,,,,0,Moretti | BIRRA,11,89.58333333333334,85.41666666666666,PRIORITY,ROI_NOT_AVAILABLE,SPONSOR_FIT + SVI,1,1
Moretti,1000000.0,5222.0,20000.0,3750.0,BIRRA,BIRRA,2025,1028972.0,4,0.9718437430756132,0.0050749680263408,0.0194368748615122,0.0036444140365335,13.815511557963774,8.560827228436299,9.90353755128617,8.229777750081887,13.84407177540488,1028972.0,0.9718437430756132,0.0050749680263408,0.0194368748615122,0.0036444140365335,Tottenham Hotspur,37000000.0,8700983.0,17400000.0,4900000.0,2025,68000983.0,4,0.5441097814718355,0.1279537826681123,0.2558786539894577,0.0720577818705944,17.426428497635523,15.978946680677376,16.67198082165602,15.404745967162468,18.03503273362392,WORKBOOK,,88.86794818087171,57.22660383962223,Premier League,England,75.82,6,145.22,,,,0,Moretti | BIRRA,17,83.33333333333334,94.79166666666666,PRIORITY,ROI_NOT_AVAILABLE,SPONSOR_FIT + SVI,1,2
Moretti,1000000.0,5222.0,20000.0,3750.0,BIRRA,BIRRA,2025,1028972.0,4,0.9718437430756132,0.0050749680263408,0.0194368748615122,0.0036444140365335,13.815511557963774,8.560827228436299,9.90353755128617,8.229777750081887,13.84407177540488,1028972.0,0.9718437430756132,0.0050749680263408,0.0194368748615122,0.0036444140365335,Athletic Bilbao,4300000.0,984531.0,1600000.0,746000.0,2025,7630531.0,4,0.5635256576508241,0.1290252277331682,0.2096839656375159,0.0977651489784918,15.274125813221904,13.79992168034212,14.285514812209817,13.522482219667571,15.847668125600624,WORKBOOK,,91.32002963605434,59.16819145752108,La Liga,Spain,31.48,41,67.25,,,,0,Moretti | BIRRA,14,86.45833333333334,58.333333333333336,STRONG_FIT,ROI_NOT_AVAILABLE,SPONSOR_FIT + SVI,2,3
Moschino,1500000.0,498611.0,11600000.0,81200.0,MODA,MODA,2025,13679811.0,4,0.1096506377171439,0.0364486760818552,0.8479649316792461,0.0059357545217547,14.220976332738882,13.119583517170668,16.266515742283485,11.304682841344873,16.43143172737419,13679811.0,0.1096506377171439,0.0364486760818552,0.8479649316792461,0.0059357545217547,RB Leipzig,1400000.0,278845.0,2200000.0,225000.0,2025,4103845.0,4,0.3411434886064167,0.067947254343183,0.5360826249529405,0.0548266320974598,14.151983508870948,12.538414937085085,14.603968372873895,12.323860125621126,15.227435140762214,WORKBOOK,,90.13856983220248,68.81176932736943,Bundesliga,Germany,49.99,19,99.8,,,,0,Moschino | MODA,5,95.83333333333334,81.25,PRIORITY,ROI_NOT_AVAILABLE,SPONSOR_FIT + SVI,1,1
Moschino,1500000.0,498611.0,11600000.0,81200.0,MODA,MODA,2025,13679811.0,4,0.1096506377171439,0.0364486760818552,0.8479649316792461,0.0059357545217547,14.220976332738882,13.119583517170668,16.266515742283485,11.304682841344873,16.43143172737419,13679811.0,0.1096506377171439,0.0364486760818552,0.8479649316792461,0.0059357545217547,Bayer Leverkusen,3000000.0,482000.0,4600000.0,500000.0,2025,8582000.0,4,0.3495688650664181,0.0561640643206711,0.536005593101841,0.0582614775110696,14.914123179965662,13.085701467719382,15.341567078850604,13.122365377402328,,MANUAL_ESTIMATE_2025,"Manual 2025 approximation from public social-media sources; Facebook=3.0m, X=482k, Instagram=4.6m, YouTube=500k.",89.7134412427436,68.80406614225949,Bundesliga,Germany,52.23,17,103.75,,,,0,Moschino | MODA,6,94.79166666666666,83.33333333333334,PRIORITY,ROI_NOT_AVAILABLE,SPONSOR_FIT + SVI,1,2
Moschino,1500000.0,498611.0,11600000.0,81200.0,MODA,MODA,2025,13679811.0,4,0.1096506377171439,0.0364486760818552,0.8479649316792461,0.0059357545217547,14.220976332738882,13.119583517170668,16.266515742283485,11.304682841344873,16.43143172737419,13679811.0,0.1096506377171439,0.0364486760818552,0.8479649316792461,0.0059357545217547,SC Freiburg,393528.0,275132.0,619000.0,24300.0,2025,1311960.0,4,0.299954266898381,0.2097106619104241,0.4718131650355194,0.0185219061556754,12.88291004170983,12.525009896097972,13.335862167174314,10.098272780745283,14.0870335224346,WORKBOOK,,86.20046101031076,62.38482333562733,Bundesliga,Germany,45.12,25,91.23,,,,0,Moschino | MODA,9,91.66666666666666,75.0,PRIORITY,ROI_NOT_AVAILABLE,SPONSOR_FIT + SVI,1,3
New Balance,9500000.0,311388.0,8700000.0,194000.0,ABBIGLIAMENTO SPORTIVO,ABBIGLIAMENTO SPORTIVO,2025,18705388.0,4,0.5078750571760393,0.0166469682425192,0.4651066313085834,0.010371343272858,16.066802461833923,12.648798213416432,15.978833698567334,12.175618592671356,16.74432222212659,18705388.0,0.5078750571760393,0.0166469682425192,0.4651066313085834,0.010371343272858,Bayern Munich,64000000.0,6494125.0,44100000.0,5120000.0,2025,119714125.0,4,0.5346069229508214,0.0542469403673125,0.3683775828458003,0.0427685538360657,17.974393656948944,15.68640863398211,17.60197036309281,15.448665192328171,18.600617175261277,WORKBOOK,,98.75112842018532,90.3270951537217,Bundesliga,Germany,90.74,3,171.46,-85.76043760399334,14.239562396006654,26.21589395300713,1,New Balance | ABBIGLIAMENTO SPORTIVO,2,98.95833333333334,97.91666666666666,PRIORITY,ROI_AVAILABLE,SPONSOR_FIT + SVI + ROI_PROXY,1,1
New Balance,9500000.0,311388.0,8700000.0,194000.0,ABBIGLIAMENTO SPORTIVO,ABBIGLIAMENTO SPORTIVO,2025,18705388.0,4,0.5078750571760393,0.0166469682425192,0.4651066313085834,0.010371343272858,16.066802461833923,12.648798213416432,15.978833698567334,12.175618592671356,16.74432222212659,18705388.0,0.5078750571760393,0.0166469682425192,0.4651066313085834,0.010371343272858,Borussia Dortmund,16000000.0,4062923.0,20800000.0,1570000.0,2025,42432923.0,4,0.3770657043824202,0.0957493076779085,0.4901854156971463,0.0369995722425249,16.588099342704055,15.21741346940481,16.85046359274847,14.266586814266963,17.563435128308676,WORKBOOK,,97.58553316668964,86.91906472063809,Bundesliga,Germany,68.72,8,132.75,-92.09067523851078,7.909324761489218,9.295061495237812,1,New Balance | ABBIGLIAMENTO SPORTIVO,4,96.875,92.70833333333334,PRIORITY,ROI_AVAILABLE,SPONSOR_FIT + SVI + ROI_PROXY,1,2
New Balance,9500000.0,311388.0,8700000.0,194000.0,ABBIGLIAMENTO SPORTIVO,ABBIGLIAMENTO SPORTIVO,2025,18705388.0,4,0.5078750571760393,0.0166469682425192,0.4651066313085834,0.010371343272858,16.066802461833923,12.648798213416432,15.978833698567334,12.175618592671356,16.74432222212659,18705388.0,0.5078750571760393,0.0166469682425192,0.4651066313085834,0.010371343272858,Manchester City,56000000.0,17645421.0,56300000.0,9010000.0,2025,138955421.0,4,0.4030069470985231,0.1269862008478244,0.4051659128865508,0.0648409391671016,17.840862266556567,16.68598693092907,17.846205110871907,16.013845740572307,18.749663734622136,WORKBOOK,,97.56765609063584,83.51911715004512,Premier League,England,58.36,13,114.51,,,,0,New Balance | ABBIGLIAMENTO SPORTIVO,5,95.83333333333334,87.5,PRIORITY,ROI_NOT_AVAILABLE,SPONSOR_FIT + SVI,1,3
Nike,39000000.0,9598061.0,298000000.0,2210000.0,ABBIGLIAMENTO SPORTIVO,ABBIGLIAMENTO SPORTIVO,2025,348808061.0,4,0.1118093426172281,0.0275167407900014,0.8543380538444609,0.0063358627483095,17.479072229734946,16.077071761058566,19.512604047825384,14.60850352598252,19.670032363264095,348808061.0,0.1118093426172281,0.0275167407900014,0.8543380538444609,0.0063358627483095,RB Leipzig,1400000.0,278845.0,2200000.0,225000.0,2025,4103845.0,4,0.3411434886064167,0.067947254343183,0.5360826249529405,0.0548266320974598,14.151983508870948,12.538414937085085,14.603968372873895,12.323860125621126,15.227435140762214,WORKBOOK,,90.1289144490692,68.17445711084795,Bundesliga,Germany,49.99,19,99.8,,,,0,Nike | ABBIGLIAMENTO SPORTIVO,5,95.83333333333334,81.25,PRIORITY,ROI_NOT_AVAILABLE,SPONSOR_FIT + SVI,1,1
Nike,39000000.0,9598061.0,298000000.0,2210000.0,ABBIGLIAMENTO SPORTIVO,ABBIGLIAMENTO SPORTIVO,2025,348808061.0,4,0.1118093426172281,0.0275167407900014,0.8543380538444609,0.0063358627483095,17.479072229734946,16.077071761058566,19.512604047825384,14.60850352598252,19.670032363264095,348808061.0,0.1118093426172281,0.0275167407900014,0.8543380538444609,0.0063358627483095,Bayer Leverkusen,3000000.0,482000.0,4600000.0,500000.0,2025,8582000.0,4,0.3495688650664181,0.0561640643206711,0.536005593101841,0.0582614775110696,14.914123179965662,13.085701467719382,15.341567078850604,13.122365377402328,,MANUAL_ESTIMATE_2025,"Manual 2025 approximation from public social-media sources; Facebook=3.0m, X=482k, Instagram=4.6m, YouTube=500k.",89.72560543135928,68.166753925738,Bundesliga,Germany,52.23,17,103.75,,,,0,Nike | ABBIGLIAMENTO SPORTIVO,6,94.79166666666666,83.33333333333334,PRIORITY,ROI_NOT_AVAILABLE,SPONSOR_FIT + SVI,1,2
Nike,39000000.0,9598061.0,298000000.0,2210000.0,ABBIGLIAMENTO SPORTIVO,ABBIGLIAMENTO SPORTIVO,2025,348808061.0,4,0.1118093426172281,0.0275167407900014,0.8543380538444609,0.0063358627483095,17.479072229734946,16.077071761058566,19.512604047825384,14.60850352598252,19.670032363264095,348808061.0,0.1118093426172281,0.0275167407900014,0.8543380538444609,0.0063358627483095,Real Madrid,132000000.0,48892183.0,180000000.0,19000000.0,2025,379892183.0,4,0.3474670075009151,0.1287001554333114,0.4738186465921569,0.0500141904736165,18.6983124881264,17.705128105269083,19.00846741441004,16.759949589762293,19.75539804411099,WORKBOOK,,86.00441044134732,61.9480592747696,La Liga,Spain,100.0,1,187.75,,,,0,Nike | ABBIGLIAMENTO SPORTIVO,9,91.66666666666666,100.0,PRIORITY,ROI_NOT_AVAILABLE,SPONSOR_FIT + SVI,1,3
Peroni,223436.0,2829.0,59900.0,17600.0,BIRRA,BIRRA,2025,303765.0,4,0.7355554458216055,0.0093131203397363,0.1971919082185242,0.0579395256201339,12.316884774105722,7.948031990637284,11.000448478455008,9.77571099759397,12.62401294714674,303765.0,0.7355554458216055,0.0093131203397363,0.1971919082185242,0.0579395256201339,Inter,35000000.0,2886796.0,14300000.0,4010000.0,2025,56196796.0,4,0.6228113076055083,0.0513694054728671,0.2544629056788219,0.0713563812428025,17.370858648025116,14.875658140966744,16.475770165160203,15.20430204865928,17.8443703203572,WORKBOOK,,98.97075735383676,88.72558617839029,Serie A,Italy,54.34,15,107.45,,,,0,Peroni | BIRRA,3,97.91666666666666,85.41666666666666,PRIORITY,ROI_NOT_AVAILABLE,SPONSOR_FIT + SVI,1,1
Peroni,223436.0,2829.0,59900.0,17600.0,BIRRA,BIRRA,2025,303765.0,4,0.7355554458216055,0.0093131203397363,0.1971919082185242,0.0579395256201339,12.316884774105722,7.948031990637284,11.000448478455008,9.77571099759397,12.62401294714674,303765.0,0.7355554458216055,0.0093131203397363,0.1971919082185242,0.0579395256201339,Tottenham Hotspur,37000000.0,8700983.0,17400000.0,4900000.0,2025,68000983.0,4,0.5441097814718355,0.1279537826681123,0.2558786539894577,0.0720577818705944,17.426428497635523,15.978946680677376,16.67198082165602,15.404745967162468,18.03503273362392,WORKBOOK,,96.4683109261809,80.855433565023,Premier League,England,75.82,6,145.22,,,,0,Peroni | BIRRA,15,85.41666666666666,94.79166666666666,PRIORITY,ROI_NOT_AVAILABLE,SPONSOR_FIT + SVI,1,2
Peroni,223436.0,2829.0,59900.0,17600.0,BIRRA,BIRRA,2025,303765.0,4,0.7355554458216055,0.0093131203397363,0.1971919082185242,0.0579395256201339,12.316884774105722,7.948031990637284,11.000448478455008,9.77571099759397,12.62401294714674,303765.0,0.7355554458216055,0.0093131203397363,0.1971919082185242,0.0579395256201339,Bayern Munich,64000000.0,6494125.0,44100000.0,5120000.0,2025,119714125.0,4,0.5346069229508214,0.0542469403673125,0.3683775828458003,0.0427685538360657,17.974393656948944,15.68640863398211,17.60197036309281,15.448665192328171,18.600617175261277,WORKBOOK,,94.0203513467238,78.38805053451476,Bundesliga,Germany,90.74,3,171.46,-85.76043760399334,14.239562396006654,26.21589395300713,1,Peroni | BIRRA,20,80.20833333333334,97.91666666666666,PRIORITY,ROI_AVAILABLE,SPONSOR_FIT + SVI + ROI_PROXY,1,3
Powerade,4700000.0,111341.0,183000.0,101000.0,BEVANDE,BEVANDE,2025,5095341.0,4,0.9224112772825216,0.0218515306433857,0.0359151624984471,0.0198220295756456,15.363073279446224,11.620361824572392,12.117246896289505,11.52288569676448,15.443837347018198,5095341.0,0.9224112772825216,0.0218515306433857,0.0359151624984471,0.0198220295756456,Inter,35000000.0,2886796.0,14300000.0,4010000.0,2025,56196796.0,4,0.6228113076055083,0.0513694054728671,0.2544629056788219,0.0713563812428025,17.370858648025116,14.875658140966744,16.475770165160203,15.20430204865928,17.8443703203572,WORKBOOK,,93.53793231257676,70.0400030322987,Serie A,Italy,54.34,15,107.45,,,,0,Powerade | BEVANDE,11,89.58333333333334,85.41666666666666,PRIORITY,ROI_NOT_AVAILABLE,SPONSOR_FIT + SVI,1,1
Powerade,4700000.0,111341.0,183000.0,101000.0,BEVANDE,BEVANDE,2025,5095341.0,4,0.9224112772825216,0.0218515306433857,0.0359151624984471,0.0198220295756456,15.363073279446224,11.620361824572392,12.117246896289505,11.52288569676448,15.443837347018198,5095341.0,0.9224112772825216,0.0218515306433857,0.0359151624984471,0.0198220295756456,Tottenham Hotspur,37000000.0,8700983.0,17400000.0,4900000.0,2025,68000983.0,4,0.5441097814718355,0.1279537826681123,0.2558786539894577,0.0720577818705944,17.426428497635523,15.978946680677376,16.67198082165602,15.404745967162468,18.03503273362392,WORKBOOK,,90.1443305025445,62.16985041893141,Premier League,England,75.82,6,145.22,,,,0,Powerade | BEVANDE,17,83.33333333333334,94.79166666666666,PRIORITY,ROI_NOT_AVAILABLE,SPONSOR_FIT + SVI,1,2
Powerade,4700000.0,111341.0,183000.0,101000.0,BEVANDE,BEVANDE,2025,5095341.0,4,0.9224112772825216,0.0218515306433857,0.0359151624984471,0.0198220295756456,15.363073279446224,11.620361824572392,12.117246896289505,11.52288569676448,15.443837347018198,5095341.0,0.9224112772825216,0.0218515306433857,0.0359151624984471,0.0198220295756456,Athletic Bilbao,4300000.0,984531.0,1600000.0,746000.0,2025,7630531.0,4,0.5635256576508241,0.1290252277331682,0.2096839656375159,0.0977651489784918,15.274125813221904,13.79992168034212,14.285514812209817,13.522482219667571,15.847668125600624,WORKBOOK,,92.52164108375769,64.11143803683026,La Liga,Spain,31.48,41,67.25,,,,0,Powerade | BEVANDE,14,86.45833333333334,58.333333333333336,STRONG_FIT,ROI_NOT_AVAILABLE,SPONSOR_FIT + SVI,2,3
Puma,22000000.0,1857326.0,13000000.0,904000.0,ABBIGLIAMENTO SPORTIVO,ABBIGLIAMENTO SPORTIVO,2025,37761326.0,4,0.5826066595224967,0.0491859316592854,0.3442675715360207,0.0239398372821971,16.906553056777135,14.434648915301231,16.380459992348886,13.714585745568392,17.44679604163255,37761326.0,0.5826066595224967,0.0491859316592854,0.3442675715360207,0.0239398372821971,Bayern Munich,64000000.0,6494125.0,44100000.0,5120000.0,2025,119714125.0,4,0.5346069229508214,0.0542469403673125,0.3683775828458003,0.0427685538360657,17.974393656948944,15.68640863398211,17.60197036309281,15.448665192328171,18.600617175261277,WORKBOOK,,99.7080850502262,95.20002634283249,Bundesliga,Germany,90.74,3,171.46,-85.76043760399334,14.239562396006654,26.21589395300713,1,Puma | ABBIGLIAMENTO SPORTIVO,1,100.0,97.91666666666666,PRIORITY,ROI_AVAILABLE,SPONSOR_FIT + SVI + ROI_PROXY,1,1
Puma,22000000.0,1857326.0,13000000.0,904000.0,ABBIGLIAMENTO SPORTIVO,ABBIGLIAMENTO SPORTIVO,2025,37761326.0,4,0.5826066595224967,0.0491859316592854,0.3442675715360207,0.0239398372821971,16.906553056777135,14.434648915301231,16.380459992348886,13.714585745568392,17.44679604163255,37761326.0,0.5826066595224967,0.0491859316592854,0.3442675715360207,0.0239398372821971,Milan,29000000.0,7920765.0,18200000.0,2190000.0,2025,57310765.0,4,0.5060131373224559,0.138207280953238,0.317566865492024,0.038212716232282,17.182806422433504,15.884998476285524,16.716932206992077,14.599412558413585,17.863999052343328,WORKBOOK,,98.73642004681749,89.67057717559625,Serie A,Italy,48.15,22,96.56,-81.99956062385442,18.00043937614558,36.26878184590585,1,Puma | ABBIGLIAMENTO SPORTIVO,6,94.79166666666666,78.125,PRIORITY,ROI_AVAILABLE,SPONSOR_FIT + SVI + ROI_PROXY,1,2
Puma,22000000.0,1857326.0,13000000.0,904000.0,ABBIGLIAMENTO SPORTIVO,ABBIGLIAMENTO SPORTIVO,2025,37761326.0,4,0.5826066595224967,0.0491859316592854,0.3442675715360207,0.0239398372821971,16.906553056777135,14.434648915301231,16.380459992348886,13.714585745568392,17.44679604163255,37761326.0,0.5826066595224967,0.0491859316592854,0.3442675715360207,0.0239398372821971,Inter,35000000.0,2886796.0,14300000.0,4010000.0,2025,56196796.0,4,0.6228113076055083,0.0513694054728671,0.2544629056788219,0.0713563812428025,17.370858648025116,14.875658140966744,16.475770165160203,15.20430204865928,17.8443703203572,WORKBOOK,,98.70465963044498,91.01953341428012,Serie A,Italy,54.34,15,107.45,,,,0,Puma | ABBIGLIAMENTO SPORTIVO,7,93.75,85.41666666666666,PRIORITY,ROI_NOT_AVAILABLE,SPONSOR_FIT + SVI,1,3
Ralph Lauren,9400000.0,2217334.0,16700000.0,292000.0,ABBIGLIAMENTO SPORTIVO,ABBIGLIAMENTO SPORTIVO,2025,28609334.0,4,0.328564097297756,0.0775038663954917,0.5837255771140984,0.0102064591926536,16.056220353623207,14.611816582280202,16.630919337267223,12.584512505902088,17.169243621135045,28609334.0,0.328564097297756,0.0775038663954917,0.5837255771140984,0.0102064591926536,RB Leipzig,1400000.0,278845.0,2200000.0,225000.0,2025,4103845.0,4,0.3411434886064167,0.067947254343183,0.5360826249529405,0.0548266320974598,14.151983508870948,12.538414937085085,14.603968372873895,12.323860125621126,15.227435140762214,WORKBOOK,,99.6044739744327,94.28004357865332,Bundesliga,Germany,49.99,19,99.8,,,,0,Ralph Lauren | ABBIGLIAMENTO SPORTIVO,3,97.91666666666666,81.25,PRIORITY,ROI_NOT_AVAILABLE,SPONSOR_FIT + SVI,1,1
Ralph Lauren,9400000.0,2217334.0,16700000.0,292000.0,ABBIGLIAMENTO SPORTIVO,ABBIGLIAMENTO SPORTIVO,2025,28609334.0,4,0.328564097297756,0.0775038663954917,0.5837255771140984,0.0102064591926536,16.056220353623207,14.611816582280202,16.630919337267223,12.584512505902088,17.169243621135045,28609334.0,0.328564097297756,0.0775038663954917,0.5837255771140984,0.0102064591926536,Bayer Leverkusen,3000000.0,482000.0,4600000.0,500000.0,2025,8582000.0,4,0.3495688650664181,0.0561640643206711,0.536005593101841,0.0582614775110696,14.914123179965662,13.085701467719382,15.341567078850604,13.122365377402328,,MANUAL_ESTIMATE_2025,"Manual 2025 approximation from public social-media sources; Facebook=3.0m, X=482k, Instagram=4.6m, YouTube=500k.",99.4689073601634,93.0940213912922,Bundesliga,Germany,52.23,17,103.75,,,,0,Ralph Lauren | ABBIGLIAMENTO SPORTIVO,5,95.83333333333334,83.33333333333334,PRIORITY,ROI_NOT_AVAILABLE,SPONSOR_FIT + SVI,1,2
Ralph Lauren,9400000.0,2217334.0,16700000.0,292000.0,ABBIGLIAMENTO SPORTIVO,ABBIGLIAMENTO SPORTIVO,2025,28609334.0,4,0.328564097297756,0.0775038663954917,0.5837255771140984,0.0102064591926536,16.056220353623207,14.611816582280202,16.630919337267223,12.584512505902088,17.169243621135045,28609334.0,0.328564097297756,0.0775038663954917,0.5837255771140984,0.0102064591926536,Borussia Dortmund,16000000.0,4062923.0,20800000.0,1570000.0,2025,42432923.0,4,0.3770657043824202,0.0957493076779085,0.4901854156971463,0.0369995722425249,16.588099342704055,15.21741346940481,16.85046359274847,14.266586814266963,17.563435128308676,WORKBOOK,,98.82948344314686,90.64598385830476,Bundesliga,Germany,68.72,8,132.75,-92.09067523851078,7.909324761489218,9.295061495237812,1,Ralph Lauren | ABBIGLIAMENTO SPORTIVO,7,93.75,92.70833333333334,PRIORITY,ROI_AVAILABLE,SPONSOR_FIT + SVI + ROI_PROXY,1,3
Reale Mutua,64656.0,16361.0,34700.0,3830.0,BANCHE,BANCHE,2025,119547.0,4,0.540841677331928,0.1368583067747413,0.2902624072540507,0.0320376086392799,11.076851653667346,9.702716852073644,10.454523783963513,8.25088114470065,11.691473243344609,119547.0,0.540841677331928,0.1368583067747413,0.2902624072540507,0.0320376086392799,Milan,29000000.0,7920765.0,18200000.0,2190000.0,2025,57310765.0,4,0.5060131373224559,0.138207280953238,0.317566865492024,0.038212716232282,17.182806422433504,15.884998476285524,16.716932206992077,14.599412558413585,17.863999052343328,WORKBOOK,,99.77204166013227,96.5171459990528,Serie A,Italy,48.15,22,96.56,-81.99956062385442,18.00043937614558,36.26878184590585,1,Reale Mutua | BANCHE,2,98.95833333333334,78.125,PRIORITY,ROI_AVAILABLE,SPONSOR_FIT + SVI + ROI_PROXY,1,1
Reale Mutua,64656.0,16361.0,34700.0,3830.0,BANCHE,BANCHE,2025,119547.0,4,0.540841677331928,0.1368583067747413,0.2902624072540507,0.0320376086392799,11.076851653667346,9.702716852073644,10.454523783963513,8.25088114470065,11.691473243344609,119547.0,0.540841677331928,0.1368583067747413,0.2902624072540507,0.0320376086392799,Tottenham Hotspur,37000000.0,8700983.0,17400000.0,4900000.0,2025,68000983.0,4,0.5441097814718355,0.1279537826681123,0.2558786539894577,0.0720577818705944,17.426428497635523,15.978946680677376,16.67198082165602,15.404745967162468,18.03503273362392,WORKBOOK,,99.6461520481537,95.6711722628778,Premier League,England,75.82,6,145.22,,,,0,Reale Mutua | BANCHE,3,97.91666666666666,94.79166666666666,PRIORITY,ROI_NOT_AVAILABLE,SPONSOR_FIT + SVI,1,2
Reale Mutua,64656.0,16361.0,34700.0,3830.0,BANCHE,BANCHE,2025,119547.0,4,0.540841677331928,0.1368583067747413,0.2902624072540507,0.0320376086392799,11.076851653667346,9.702716852073644,10.454523783963513,8.25088114470065,11.691473243344609,119547.0,0.540841677331928,0.1368583067747413,0.2902624072540507,0.0320376086392799,Aston Villa,7100000.0,2368453.0,4400000.0,757000.0,2025,14625453.0,4,0.4854550488111376,0.1619404882706881,0.3008453823618318,0.0517590805563424,15.775605482856603,14.677747979582506,15.29711532616119,13.537119853422675,16.49827399333542,WORKBOOK,,99.59298926729755,94.46133714792096,Premier League,England,55.92,14,110.23,,,,0,Reale Mutua | BANCHE,4,96.875,86.45833333333334,PRIORITY,ROI_NOT_AVAILABLE,SPONSOR_FIT + SVI,1,3
Red Bull,60000000.0,1847316.0,31400000.0,27000000.0,BEVANDE,BEVANDE,2025,120247316.0,4,0.4989716360904055,0.015362638114933,0.2611284895539789,0.2245372362406825,17.909855136853043,14.429244874124423,17.262318482725615,17.11134746100564,18.60506115485092,120247316.0,0.4989716360904055,0.015362638114933,0.2611284895539789,0.2245372362406825,Inter,35000000.0,2886796.0,14300000.0,4010000.0,2025,56196796.0,4,0.6228113076055083,0.0513694054728671,0.2544629056788219,0.0713563812428025,17.370858648025116,14.875658140966744,16.475770165160203,15.20430204865928,17.8443703203572,WORKBOOK,,95.75301371561396,84.01535611269631,Serie A,Italy,54.34,15,107.45,,,,0,Red Bull | BEVANDE,6,94.79166666666666,85.41666666666666,PRIORITY,ROI_NOT_AVAILABLE,SPONSOR_FIT + SVI,1,1
Red Bull,60000000.0,1847316.0,31400000.0,27000000.0,BEVANDE,BEVANDE,2025,120247316.0,4,0.4989716360904055,0.015362638114933,0.2611284895539789,0.2245372362406825,17.909855136853043,14.429244874124423,17.262318482725615,17.11134746100564,18.60506115485092,120247316.0,0.4989716360904055,0.015362638114933,0.2611284895539789,0.2245372362406825,Tottenham Hotspur,37000000.0,8700983.0,17400000.0,4900000.0,2025,68000983.0,4,0.5441097814718355,0.1279537826681123,0.2558786539894577,0.0720577818705944,17.426428497635523,15.978946680677376,16.67198082165602,15.404745967162468,18.03503273362392,WORKBOOK,,94.96021651935752,84.22707100653908,Premier League,England,75.82,6,145.22,,,,0,Red Bull | BEVANDE,11,89.58333333333334,94.79166666666666,PRIORITY,ROI_NOT_AVAILABLE,SPONSOR_FIT + SVI,1,2
Red Bull,60000000.0,1847316.0,31400000.0,27000000.0,BEVANDE,BEVANDE,2025,120247316.0,4,0.4989716360904055,0.015362638114933,0.2611284895539789,0.2245372362406825,17.909855136853043,14.429244874124423,17.262318482725615,17.11134746100564,18.60506115485092,120247316.0,0.4989716360904055,0.015362638114933,0.2611284895539789,0.2245372362406825,Bayern Munich,64000000.0,6494125.0,44100000.0,5120000.0,2025,119714125.0,4,0.5346069229508214,0.0542469403673125,0.3683775828458003,0.0427685538360657,17.974393656948944,15.68640863398211,17.60197036309281,15.448665192328171,18.600617175261277,WORKBOOK,,94.29639815642793,81.82313175953833,Bundesliga,Germany,90.74,3,171.46,-85.76043760399334,14.239562396006654,26.21589395300713,1,Red Bull | BEVANDE,15,85.41666666666666,97.91666666666666,PRIORITY,ROI_AVAILABLE,SPONSOR_FIT + SVI + ROI_PROXY,1,3
Saint Laurent,3700000.0,3834716.0,13500000.0,410000.0,MODA,MODA,2025,21444716.0,4,0.1725366752350555,0.1788186889488301,0.6295257069387162,0.019118928877398,15.123843647884687,15.159606196057975,16.41820031748273,12.923914877701906,16.88098887929673,21444716.0,0.1725366752350555,0.1788186889488301,0.6295257069387162,0.019118928877398,SC Freiburg,393528.0,275132.0,619000.0,24300.0,2025,1311960.0,4,0.299954266898381,0.2097106619104241,0.4718131650355194,0.0185219061556754,12.88291004170983,12.525009896097972,13.335862167174314,10.098272780745283,14.0870335224346,WORKBOOK,,95.58462404154952,84.16904353750805,Bundesliga,Germany,45.12,25,91.23,,,,0,Saint Laurent | MODA,5,95.83333333333334,75.0,PRIORITY,ROI_NOT_AVAILABLE,SPONSOR_FIT + SVI,1,1
Saint Laurent,3700000.0,3834716.0,13500000.0,410000.0,MODA,MODA,2025,21444716.0,4,0.1725366752350555,0.1788186889488301,0.6295257069387162,0.019118928877398,15.123843647884687,15.159606196057975,16.41820031748273,12.923914877701906,16.88098887929673,21444716.0,0.1725366752350555,0.1788186889488301,0.6295257069387162,0.019118928877398,RB Leipzig,1400000.0,278845.0,2200000.0,225000.0,2025,4103845.0,4,0.3411434886064167,0.067947254343183,0.5360826249529405,0.0548266320974598,14.151983508870948,12.538414937085085,14.603968372873895,12.323860125621126,15.227435140762214,WORKBOOK,,94.30585905812646,79.56854834085772,Bundesliga,Germany,49.99,19,99.8,,,,0,Saint Laurent | MODA,6,94.79166666666666,81.25,PRIORITY,ROI_NOT_AVAILABLE,SPONSOR_FIT + SVI,1,2
Saint Laurent,3700000.0,3834716.0,13500000.0,410000.0,MODA,MODA,2025,21444716.0,4,0.1725366752350555,0.1788186889488301,0.6295257069387162,0.019118928877398,15.123843647884687,15.159606196057975,16.41820031748273,12.923914877701906,16.88098887929673,21444716.0,0.1725366752350555,0.1788186889488301,0.6295257069387162,0.019118928877398,Bayer Leverkusen,3000000.0,482000.0,4600000.0,500000.0,2025,8582000.0,4,0.3495688650664181,0.0561640643206711,0.536005593101841,0.0582614775110696,14.914123179965662,13.085701467719382,15.341567078850604,13.122365377402328,,MANUAL_ESTIMATE_2025,"Manual 2025 approximation from public social-media sources; Facebook=3.0m, X=482k, Instagram=4.6m, YouTube=500k.",93.63022019720894,78.38252615349658,Bundesliga,Germany,52.23,17,103.75,,,,0,Saint Laurent | MODA,11,89.58333333333334,83.33333333333334,PRIORITY,ROI_NOT_AVAILABLE,SPONSOR_FIT + SVI,1,3
Salomon,1500000.0,76090.0,1400000.0,293000.0,ABBIGLIAMENTO SPORTIVO,ABBIGLIAMENTO SPORTIVO,2025,3269090.0,4,0.4588432866638728,0.023275590454836,0.4282537342196146,0.0896273886616765,14.220976332738882,11.239685271415658,14.151983508870948,12.587931300962664,15.000022522577998,3269090.0,0.4588432866638728,0.023275590454836,0.4282537342196146,0.0896273886616765,Bayern Munich,64000000.0,6494125.0,44100000.0,5120000.0,2025,119714125.0,4,0.5346069229508214,0.0542469403673125,0.3683775828458003,0.0427685538360657,17.974393656948944,15.68640863398211,17.60197036309281,15.448665192328171,18.600617175261277,WORKBOOK,,98.53467990282422,89.3265013800575,Bundesliga,Germany,90.74,3,171.46,-85.76043760399334,14.239562396006654,26.21589395300713,1,Salomon | ABBIGLIAMENTO SPORTIVO,2,98.95833333333334,97.91666666666666,PRIORITY,ROI_AVAILABLE,SPONSOR_FIT + SVI + ROI_PROXY,1,1
Salomon,1500000.0,76090.0,1400000.0,293000.0,ABBIGLIAMENTO SPORTIVO,ABBIGLIAMENTO SPORTIVO,2025,3269090.0,4,0.4588432866638728,0.023275590454836,0.4282537342196146,0.0896273886616765,14.220976332738882,11.239685271415658,14.151983508870948,12.587931300962664,15.000022522577998,3269090.0,0.4588432866638728,0.023275590454836,0.4282537342196146,0.0896273886616765,Juventus,46000000.0,9430488.0,60000000.0,12900000.0,2025,128330488.0,4,0.3584495057791723,0.0734859513664438,0.4675428336250073,0.1005217092293765,17.6441519761925,16.059458509044603,17.909855136853043,16.372737946851277,18.670119439701967,WORKBOOK,,98.26978476060198,89.96062191152994,Serie A,Italy,58.68,12,115.08,-65.58713963636363,34.41286036363637,80.13946124053157,1,Salomon | ABBIGLIAMENTO SPORTIVO,4,96.875,88.54166666666666,PRIORITY,ROI_RELATIVELY_STRONG,SPONSOR_FIT + SVI + ROI_PROXY,1,2
Salomon,1500000.0,76090.0,1400000.0,293000.0,ABBIGLIAMENTO SPORTIVO,ABBIGLIAMENTO SPORTIVO,2025,3269090.0,4,0.4588432866638728,0.023275590454836,0.4282537342196146,0.0896273886616765,14.220976332738882,11.239685271415658,14.151983508870948,12.587931300962664,15.000022522577998,3269090.0,0.4588432866638728,0.023275590454836,0.4282537342196146,0.0896273886616765,Manchester City,56000000.0,17645421.0,56300000.0,9010000.0,2025,138955421.0,4,0.4030069470985231,0.1269862008478244,0.4051659128865508,0.0648409391671016,17.840862266556567,16.68598693092907,17.846205110871907,16.013845740572307,18.749663734622136,WORKBOOK,,98.26655102012045,89.62893896070116,Premier League,England,58.36,13,114.51,,,,0,Salomon | ABBIGLIAMENTO SPORTIVO,5,95.83333333333334,87.5,PRIORITY,ROI_NOT_AVAILABLE,SPONSOR_FIT + SVI,1,3
Salvatore Ferragamo,2000000.0,479994.0,7500000.0,47000.0,MODA,MODA,2025,10026994.0,4,0.1994615734286866,0.0478701792381645,0.7479809003575748,0.0046873469755741,14.508658238524095,13.081530966163154,15.830413711839864,10.757924157061597,16.120791513852303,10026994.0,0.1994615734286866,0.0478701792381645,0.7479809003575748,0.0046873469755741,RB Leipzig,1400000.0,278845.0,2200000.0,225000.0,2025,4103845.0,4,0.3411434886064167,0.067947254343183,0.5360826249529405,0.0548266320974598,14.151983508870948,12.538414937085085,14.603968372873895,12.323860125621126,15.227435140762214,WORKBOOK,,94.98693986887348,78.81017245953656,Bundesliga,Germany,49.99,19,99.8,,,,0,Salvatore Ferragamo | MODA,4,96.875,81.25,PRIORITY,ROI_NOT_AVAILABLE,SPONSOR_FIT + SVI,1,1
Salvatore Ferragamo,2000000.0,479994.0,7500000.0,47000.0,MODA,MODA,2025,10026994.0,4,0.1994615734286866,0.0478701792381645,0.7479809003575748,0.0046873469755741,14.508658238524095,13.081530966163154,15.830413711839864,10.757924157061597,16.120791513852303,10026994.0,0.1994615734286866,0.0478701792381645,0.7479809003575748,0.0046873469755741,Bayer Leverkusen,3000000.0,482000.0,4600000.0,500000.0,2025,8582000.0,4,0.3495688650664181,0.0561640643206711,0.536005593101841,0.0582614775110696,14.914123179965662,13.085701467719382,15.341567078850604,13.122365377402328,,MANUAL_ESTIMATE_2025,"Manual 2025 approximation from public social-media sources; Facebook=3.0m, X=482k, Instagram=4.6m, YouTube=500k.",94.6680184846842,78.80246927442663,Bundesliga,Germany,52.23,17,103.75,,,,0,Salvatore Ferragamo | MODA,6,94.79166666666666,83.33333333333334,PRIORITY,ROI_NOT_AVAILABLE,SPONSOR_FIT + SVI,1,2
Salvatore Ferragamo,2000000.0,479994.0,7500000.0,47000.0,MODA,MODA,2025,10026994.0,4,0.1994615734286866,0.0478701792381645,0.7479809003575748,0.0046873469755741,14.508658238524095,13.081530966163154,15.830413711839864,10.757924157061597,16.120791513852303,10026994.0,0.1994615734286866,0.0478701792381645,0.7479809003575748,0.0046873469755741,Real Madrid,132000000.0,48892183.0,180000000.0,19000000.0,2025,379892183.0,4,0.3474670075009151,0.1287001554333114,0.4738186465921569,0.0500141904736165,18.6983124881264,17.705128105269083,19.00846741441004,16.759949589762293,19.75539804411099,WORKBOOK,,91.87616745665086,72.58377462345823,La Liga,Spain,100.0,1,187.75,,,,0,Salvatore Ferragamo | MODA,9,91.66666666666666,100.0,PRIORITY,ROI_NOT_AVAILABLE,SPONSOR_FIT + SVI,1,3
Samsung,162000000.0,750410.0,2600000.0,7710000.0,TECNOLOGIA,TECNOLOGIA,2025,173060410.0,4,0.9360893112410864,0.0043361159262248,0.0150236556125112,0.0445509172201776,18.903106899369497,13.528376335415324,14.77102238760702,15.85802887524119,18.96915128803893,173060410.0,0.9360893112410864,0.0043361159262248,0.0150236556125112,0.0445509172201776,Inter,35000000.0,2886796.0,14300000.0,4010000.0,2025,56196796.0,4,0.6228113076055083,0.0513694054728671,0.2544629056788219,0.0713563812428025,17.370858648025116,14.875658140966744,16.475770165160203,15.20430204865928,17.8443703203572,WORKBOOK,,92.81052811816777,68.6721996364422,Serie A,Italy,54.34,15,107.45,,,,0,Samsung | TECNOLOGIA,11,89.58333333333334,85.41666666666666,PRIORITY,ROI_NOT_AVAILABLE,SPONSOR_FIT + SVI,1,1
Samsung,162000000.0,750410.0,2600000.0,7710000.0,TECNOLOGIA,TECNOLOGIA,2025,173060410.0,4,0.9360893112410864,0.0043361159262248,0.0150236556125112,0.0445509172201776,18.903106899369497,13.528376335415324,14.77102238760702,15.85802887524119,18.96915128803893,173060410.0,0.9360893112410864,0.0043361159262248,0.0150236556125112,0.0445509172201776,Tottenham Hotspur,37000000.0,8700983.0,17400000.0,4900000.0,2025,68000983.0,4,0.5441097814718355,0.1279537826681123,0.2558786539894577,0.0720577818705944,17.426428497635523,15.978946680677376,16.67198082165602,15.404745967162468,18.03503273362392,WORKBOOK,,89.10917703839723,60.80204702307492,Premier League,England,75.82,6,145.22,,,,0,Samsung | TECNOLOGIA,18,82.29166666666666,94.79166666666666,PRIORITY,ROI_NOT_AVAILABLE,SPONSOR_FIT + SVI,1,2
Samsung,162000000.0,750410.0,2600000.0,7710000.0,TECNOLOGIA,TECNOLOGIA,2025,173060410.0,4,0.9360893112410864,0.0043361159262248,0.0150236556125112,0.0445509172201776,18.903106899369497,13.528376335415324,14.77102238760702,15.85802887524119,18.96915128803893,173060410.0,0.9360893112410864,0.0043361159262248,0.0150236556125112,0.0445509172201776,Athletic Bilbao,4300000.0,984531.0,1600000.0,746000.0,2025,7630531.0,4,0.5635256576508241,0.1290252277331682,0.2096839656375159,0.0977651489784918,15.274125813221904,13.79992168034212,14.285514812209817,13.522482219667571,15.847668125600624,WORKBOOK,,91.76662149071808,62.74363464097378,La Liga,Spain,31.48,41,67.25,,,,0,Samsung | TECNOLOGIA,14,86.45833333333334,58.333333333333336,STRONG_FIT,ROI_NOT_AVAILABLE,SPONSOR_FIT + SVI,2,3
Segafredo,76838.0,2359.0,28300.0,2570.0,BEVANDE,BEVANDE,2025,110067.0,4,0.6981020651057992,0.0214324002652929,0.2571161201813441,0.0233494144475637,11.24946760274263,7.766416898019656,10.250652418696085,7.852050207265889,11.608853635597065,110067.0,0.6981020651057992,0.0214324002652929,0.2571161201813441,0.0233494144475637,Inter,35000000.0,2886796.0,14300000.0,4010000.0,2025,56196796.0,4,0.6228113076055083,0.0513694054728671,0.2544629056788219,0.0713563812428025,17.370858648025116,14.875658140966744,16.475770165160203,15.20430204865928,17.8443703203572,WORKBOOK,,99.55406362845696,92.2056027997187,Serie A,Italy,54.34,15,107.45,,,,0,Segafredo | BEVANDE,2,98.95833333333334,85.41666666666666,PRIORITY,ROI_NOT_AVAILABLE,SPONSOR_FIT + SVI,1,1
Segafredo,76838.0,2359.0,28300.0,2570.0,BEVANDE,BEVANDE,2025,110067.0,4,0.6981020651057992,0.0214324002652929,0.2571161201813441,0.0233494144475637,11.24946760274263,7.766416898019656,10.250652418696085,7.852050207265889,11.608853635597065,110067.0,0.6981020651057992,0.0214324002652929,0.2571161201813441,0.0233494144475637,Tottenham Hotspur,37000000.0,8700983.0,17400000.0,4900000.0,2025,68000983.0,4,0.5441097814718355,0.1279537826681123,0.2558786539894577,0.0720577818705944,17.426428497635523,15.978946680677376,16.67198082165602,15.404745967162468,18.03503273362392,WORKBOOK,,97.65228190707587,84.477025017415,Premier League,England,75.82,6,145.22,,,,0,Segafredo | BEVANDE,9,91.66666666666666,94.79166666666666,PRIORITY,ROI_NOT_AVAILABLE,SPONSOR_FIT + SVI,1,2
Segafredo,76838.0,2359.0,28300.0,2570.0,BEVANDE,BEVANDE,2025,110067.0,4,0.6981020651057992,0.0214324002652929,0.2571161201813441,0.0233494144475637,11.24946760274263,7.766416898019656,10.250652418696085,7.852050207265889,11.608853635597065,110067.0,0.6981020651057992,0.0214324002652929,0.2571161201813441,0.0233494144475637,Bayern Munich,64000000.0,6494125.0,44100000.0,5120000.0,2025,119714125.0,4,0.5346069229508214,0.0542469403673125,0.3683775828458003,0.0427685538360657,17.974393656948944,15.68640863398211,17.60197036309281,15.448665192328171,18.600617175261277,WORKBOOK,,96.69338880452509,83.65048578450222,Bundesliga,Germany,90.74,3,171.46,-85.76043760399334,14.239562396006654,26.21589395300713,1,Segafredo | BEVANDE,15,85.41666666666666,97.91666666666666,PRIORITY,ROI_AVAILABLE,SPONSOR_FIT + SVI + ROI_PROXY,1,3
Siemens,1600000.0,210226.0,316000.0,26100.0,ALTRO,ALTRO,2025,2152326.0,4,0.7433818111196909,0.0976738653902801,0.1468179076961389,0.0121264157938899,14.285514812209817,12.255943178272208,12.663500657121004,10.16972890675306,14.582060140393189,2152326.0,0.7433818111196909,0.0976738653902801,0.1468179076961389,0.0121264157938899,Inter,35000000.0,2886796.0,14300000.0,4010000.0,2025,56196796.0,4,0.6228113076055083,0.0513694054728671,0.2544629056788219,0.0713563812428025,17.370858648025116,14.875658140966744,16.475770165160203,15.20430204865928,17.8443703203572,WORKBOOK,,97.64201233611377,83.31250365684045,Serie A,Italy,54.34,15,107.45,,,,0,Siemens | ALTRO,11,89.58333333333334,85.41666666666666,PRIORITY,ROI_NOT_AVAILABLE,SPONSOR_FIT + SVI,1,1
Siemens,1600000.0,210226.0,316000.0,26100.0,ALTRO,ALTRO,2025,2152326.0,4,0.7433818111196909,0.0976738653902801,0.1468179076961389,0.0121264157938899,14.285514812209817,12.255943178272208,12.663500657121004,10.16972890675306,14.582060140393189,2152326.0,0.7433818111196909,0.0976738653902801,0.1468179076961389,0.0121264157938899,Tottenham Hotspur,37000000.0,8700983.0,17400000.0,4900000.0,2025,68000983.0,4,0.5441097814718355,0.1279537826681123,0.2558786539894577,0.0720577818705944,17.426428497635523,15.978946680677376,16.67198082165602,15.404745967162468,18.03503273362392,WORKBOOK,,96.2954667193754,80.07279703521446,Premier League,England,75.82,6,145.22,,,,0,Siemens | ALTRO,16,84.375,94.79166666666666,PRIORITY,ROI_NOT_AVAILABLE,SPONSOR_FIT + SVI,1,2
Siemens,1600000.0,210226.0,316000.0,26100.0,ALTRO,ALTRO,2025,2152326.0,4,0.7433818111196909,0.0976738653902801,0.1468179076961389,0.0121264157938899,14.285514812209817,12.255943178272208,12.663500657121004,10.16972890675306,14.582060140393189,2152326.0,0.7433818111196909,0.0976738653902801,0.1468179076961389,0.0121264157938899,Milan,29000000.0,7920765.0,18200000.0,2190000.0,2025,57310765.0,4,0.5060131373224559,0.138207280953238,0.317566865492024,0.038212716232282,17.182806422433504,15.884998476285524,16.716932206992077,14.599412558413585,17.863999052343328,WORKBOOK,,93.03401529052204,76.2631326202765,Serie A,Italy,48.15,22,96.56,-81.99956062385442,18.00043937614558,36.26878184590585,1,Siemens | ALTRO,25,75.0,78.125,PRIORITY,ROI_AVAILABLE,SPONSOR_FIT + SVI + ROI_PROXY,1,3
Singapore Airlines,4300000.0,747268.0,1700000.0,129000.0,AVIAZIONE,AVIAZIONE,2025,6876268.0,4,0.6253392101645835,0.1086734839305274,0.2472271295999516,0.0187601763049375,15.274125813221904,13.524180506387005,14.346139397261563,11.767575435251748,15.743586766301965,6876268.0,0.6253392101645835,0.1086734839305274,0.2472271295999516,0.0187601763049375,Inter,35000000.0,2886796.0,14300000.0,4010000.0,2025,56196796.0,4,0.6228113076055083,0.0513694054728671,0.2544629056788219,0.0713563812428025,17.370858648025116,14.875658140966744,16.475770165160203,15.20430204865928,17.8443703203572,WORKBOOK,,99.34028295894,94.01680189832646,Serie A,Italy,54.34,15,107.45,,,,0,Singapore Airlines | AVIAZIONE,5,95.83333333333334,85.41666666666666,PRIORITY,ROI_NOT_AVAILABLE,SPONSOR_FIT + SVI,1,1
Singapore Airlines,4300000.0,747268.0,1700000.0,129000.0,AVIAZIONE,AVIAZIONE,2025,6876268.0,4,0.6253392101645835,0.1086734839305274,0.2472271295999516,0.0187601763049375,15.274125813221904,13.524180506387005,14.346139397261563,11.767575435251748,15.743586766301965,6876268.0,0.6253392101645835,0.1086734839305274,0.2472271295999516,0.0187601763049375,Tottenham Hotspur,37000000.0,8700983.0,17400000.0,4900000.0,2025,68000983.0,4,0.5441097814718355,0.1279537826681123,0.2558786539894577,0.0720577818705944,17.426428497635523,15.978946680677376,16.67198082165602,15.404745967162468,18.03503273362392,WORKBOOK,,99.2907735245256,91.8770571307252,Premier League,England,75.82,6,145.22,,,,0,Singapore Airlines | AVIAZIONE,7,93.75,94.79166666666666,PRIORITY,ROI_NOT_AVAILABLE,SPONSOR_FIT + SVI,1,2
Singapore Airlines,4300000.0,747268.0,1700000.0,129000.0,AVIAZIONE,AVIAZIONE,2025,6876268.0,4,0.6253392101645835,0.1086734839305274,0.2472271295999516,0.0187601763049375,15.274125813221904,13.524180506387005,14.346139397261563,11.767575435251748,15.743586766301965,6876268.0,0.6253392101645835,0.1086734839305274,0.2472271295999516,0.0187601763049375,Milan,29000000.0,7920765.0,18200000.0,2190000.0,2025,57310765.0,4,0.5060131373224559,0.138207280953238,0.317566865492024,0.038212716232282,17.182806422433504,15.884998476285524,16.716932206992077,14.599412558413585,17.863999052343328,WORKBOOK,,98.09596753049054,88.06739271578724,Serie A,Italy,48.15,22,96.56,-81.99956062385442,18.00043937614558,36.26878184590585,1,Singapore Airlines | AVIAZIONE,17,83.33333333333334,78.125,PRIORITY,ROI_AVAILABLE,SPONSOR_FIT + SVI + ROI_PROXY,1,3
Stella Artois,8100000.0,75504.0,267000.0,63200.0,BIRRA,BIRRA,2025,8505704.0,4,0.9523021257264536,0.0088768666297345,0.0313906996998719,0.0074303079439397,15.90737474309945,11.23195415820989,12.495007682693725,11.05407540279458,15.95624767279294,8505704.0,0.9523021257264536,0.0088768666297345,0.0313906996998719,0.0074303079439397,Inter,35000000.0,2886796.0,14300000.0,4010000.0,2025,56196796.0,4,0.6228113076055083,0.0513694054728671,0.2544629056788219,0.0713563812428025,17.370858648025116,14.875658140966744,16.475770165160203,15.20430204865928,17.8443703203572,WORKBOOK,,93.12241624098576,67.05091818790547,Serie A,Italy,54.34,15,107.45,,,,0,Stella Artois | BIRRA,11,89.58333333333334,85.41666666666666,PRIORITY,ROI_NOT_AVAILABLE,SPONSOR_FIT + SVI,1,1
Stella Artois,8100000.0,75504.0,267000.0,63200.0,BIRRA,BIRRA,2025,8505704.0,4,0.9523021257264536,0.0088768666297345,0.0313906996998719,0.0074303079439397,15.90737474309945,11.23195415820989,12.495007682693725,11.05407540279458,15.95624767279294,8505704.0,0.9523021257264536,0.0088768666297345,0.0313906996998719,0.0074303079439397,Tottenham Hotspur,37000000.0,8700983.0,17400000.0,4900000.0,2025,68000983.0,4,0.5441097814718355,0.1279537826681123,0.2558786539894577,0.0720577818705944,17.426428497635523,15.978946680677376,16.67198082165602,15.404745967162468,18.03503273362392,WORKBOOK,,89.50016640389988,59.180765574538185,Premier League,England,75.82,6,145.22,,,,0,Stella Artois | BIRRA,17,83.33333333333334,94.79166666666666,PRIORITY,ROI_NOT_AVAILABLE,SPONSOR_FIT + SVI,1,2
Stella Artois,8100000.0,75504.0,267000.0,63200.0,BIRRA,BIRRA,2025,8505704.0,4,0.9523021257264536,0.0088768666297345,0.0313906996998719,0.0074303079439397,15.90737474309945,11.23195415820989,12.495007682693725,11.05407540279458,15.95624767279294,8505704.0,0.9523021257264536,0.0088768666297345,0.0313906996998719,0.0074303079439397,Athletic Bilbao,4300000.0,984531.0,1600000.0,746000.0,2025,7630531.0,4,0.5635256576508241,0.1290252277331682,0.2096839656375159,0.0977651489784918,15.274125813221904,13.79992168034212,14.285514812209817,13.522482219667571,15.847668125600624,WORKBOOK,,91.86858769011648,61.12235319243704,La Liga,Spain,31.48,41,67.25,,,,0,Stella Artois | BIRRA,14,86.45833333333334,58.333333333333336,STRONG_FIT,ROI_NOT_AVAILABLE,SPONSOR_FIT + SVI,2,3
Subway,21000000.0,2034602.0,1400000.0,124000.0,ALIMENTARI,ALIMENTARI,2025,24558602.0,4,0.8550975336462556,0.0828468167691304,0.0570065022430837,0.0050491473415302,16.860033043306743,14.525811271831998,14.151983508870948,11.728044909070784,17.016572778517933,24558602.0,0.8550975336462556,0.0828468167691304,0.0570065022430837,0.0050491473415302,Inter,35000000.0,2886796.0,14300000.0,4010000.0,2025,56196796.0,4,0.6228113076055083,0.0513694054728671,0.2544629056788219,0.0713563812428025,17.370858648025116,14.875658140966744,16.475770165160203,15.20430204865928,17.8443703203572,WORKBOOK,,94.43438346275796,73.62363626629896,Serie A,Italy,54.34,15,107.45,,,,0,Subway | ALIMENTARI,11,89.58333333333334,85.41666666666666,PRIORITY,ROI_NOT_AVAILABLE,SPONSOR_FIT + SVI,1,1
Subway,21000000.0,2034602.0,1400000.0,124000.0,ALIMENTARI,ALIMENTARI,2025,24558602.0,4,0.8550975336462556,0.0828468167691304,0.0570065022430837,0.0050491473415302,16.860033043306743,14.525811271831998,14.151983508870948,11.728044909070784,17.016572778517933,24558602.0,0.8550975336462556,0.0828468167691304,0.0570065022430837,0.0050491473415302,Tottenham Hotspur,37000000.0,8700983.0,17400000.0,4900000.0,2025,68000983.0,4,0.5441097814718355,0.1279537826681123,0.2558786539894577,0.0720577818705944,17.426428497635523,15.978946680677376,16.67198082165602,15.404745967162468,18.03503273362392,WORKBOOK,,92.10050151267782,68.90122478255799,Premier League,England,75.82,6,145.22,,,,0,Subway | ALIMENTARI,17,83.33333333333334,94.79166666666666,PRIORITY,ROI_NOT_AVAILABLE,SPONSOR_FIT + SVI,1,2
Subway,21000000.0,2034602.0,1400000.0,124000.0,ALIMENTARI,ALIMENTARI,2025,24558602.0,4,0.8550975336462556,0.0828468167691304,0.0570065022430837,0.0050491473415302,16.860033043306743,14.525811271831998,14.151983508870948,11.728044909070784,17.016572778517933,24558602.0,0.8550975336462556,0.0828468167691304,0.0570065022430837,0.0050491473415302,Athletic Bilbao,4300000.0,984531.0,1600000.0,746000.0,2025,7630531.0,4,0.5635256576508241,0.1290252277331682,0.2096839656375159,0.0977651489784918,15.274125813221904,13.79992168034212,14.285514812209817,13.522482219667571,15.847668125600624,WORKBOOK,,94.19402139314742,70.84281240045685,La Liga,Spain,31.48,41,67.25,,,,0,Subway | ALIMENTARI,13,87.5,58.333333333333336,STRONG_FIT,ROI_NOT_AVAILABLE,SPONSOR_FIT + SVI,2,3
The North Face,7000000.0,659841.0,5500000.0,557000.0,ABBIGLIAMENTO SPORTIVO,ABBIGLIAMENTO SPORTIVO,2025,13716841.0,4,0.5103215820610592,0.0481044432898216,0.4009669573336893,0.0406070173154299,15.76142084987672,13.39975569140391,15.520258832020865,13.230322314239944,16.434134978840586,13716841.0,0.5103215820610592,0.0481044432898216,0.4009669573336893,0.0406070173154299,Bayern Munich,64000000.0,6494125.0,44100000.0,5120000.0,2025,119714125.0,4,0.5346069229508214,0.0542469403673125,0.3683775828458003,0.0427685538360657,17.974393656948944,15.68640863398211,17.60197036309281,15.448665192328171,18.600617175261277,WORKBOOK,,99.80110005980352,96.74106255121112,Bundesliga,Germany,90.74,3,171.46,-85.76043760399334,14.239562396006654,26.21589395300713,1,The North Face | ABBIGLIAMENTO SPORTIVO,1,100.0,97.91666666666666,PRIORITY,ROI_AVAILABLE,SPONSOR_FIT + SVI + ROI_PROXY,1,1
The North Face,7000000.0,659841.0,5500000.0,557000.0,ABBIGLIAMENTO SPORTIVO,ABBIGLIAMENTO SPORTIVO,2025,13716841.0,4,0.5103215820610592,0.0481044432898216,0.4009669573336893,0.0406070173154299,15.76142084987672,13.39975569140391,15.520258832020865,13.230322314239944,16.434134978840586,13716841.0,0.5103215820610592,0.0481044432898216,0.4009669573336893,0.0406070173154299,Milan,29000000.0,7920765.0,18200000.0,2190000.0,2025,57310765.0,4,0.5060131373224559,0.138207280953238,0.317566865492024,0.038212716232282,17.182806422433504,15.884998476285524,16.716932206992077,14.599412558413585,17.863999052343328,WORKBOOK,,98.29265276374672,90.98971623365836,Serie A,Italy,48.15,22,96.56,-81.99956062385442,18.00043937614558,36.26878184590585,1,The North Face | ABBIGLIAMENTO SPORTIVO,5,95.83333333333334,78.125,PRIORITY,ROI_AVAILABLE,SPONSOR_FIT + SVI + ROI_PROXY,1,2
The North Face,7000000.0,659841.0,5500000.0,557000.0,ABBIGLIAMENTO SPORTIVO,ABBIGLIAMENTO SPORTIVO,2025,13716841.0,4,0.5103215820610592,0.0481044432898216,0.4009669573336893,0.0406070173154299,15.76142084987672,13.39975569140391,15.520258832020865,13.230322314239944,16.434134978840586,13716841.0,0.5103215820610592,0.0481044432898216,0.4009669573336893,0.0406070173154299,Manchester City,56000000.0,17645421.0,56300000.0,9010000.0,2025,138955421.0,4,0.4030069470985231,0.1269862008478244,0.4051659128865508,0.0648409391671016,17.840862266556567,16.68598693092907,17.846205110871907,16.013845740572307,18.749663734622136,WORKBOOK,,98.1295369959797,89.2685365037464,Premier League,England,58.36,13,114.51,,,,0,The North Face | ABBIGLIAMENTO SPORTIVO,6,94.79166666666666,87.5,PRIORITY,ROI_NOT_AVAILABLE,SPONSOR_FIT + SVI,1,3
Toyota,21000000.0,236357.0,10000000.0,74900.0,AUTO,AUTO,2025,31311257.0,4,0.6706853065656228,0.0075486270001871,0.3193739555074394,0.0023921109267507,16.860033043306743,12.37310288375517,16.118095750958314,11.223922520551032,17.259488271352033,31311257.0,0.6706853065656228,0.0075486270001871,0.3193739555074394,0.0023921109267507,Inter,35000000.0,2886796.0,14300000.0,4010000.0,2025,56196796.0,4,0.6228113076055083,0.0513694054728671,0.2544629056788219,0.0713563812428025,17.370858648025116,14.875658140966744,16.475770165160203,15.20430204865928,17.8443703203572,WORKBOOK,,99.10354366027492,88.72149512112682,Serie A,Italy,54.34,15,107.45,,,,0,Toyota | AUTO,2,98.95833333333334,85.41666666666666,PRIORITY,ROI_NOT_AVAILABLE,SPONSOR_FIT + SVI,1,1
Toyota,21000000.0,236357.0,10000000.0,74900.0,AUTO,AUTO,2025,31311257.0,4,0.6706853065656228,0.0075486270001871,0.3193739555074394,0.0023921109267507,16.860033043306743,12.37310288375517,16.118095750958314,11.223922520551032,17.259488271352033,31311257.0,0.6706853065656228,0.0075486270001871,0.3193739555074394,0.0023921109267507,Bayern Munich,64000000.0,6494125.0,44100000.0,5120000.0,2025,119714125.0,4,0.5346069229508214,0.0542469403673125,0.3683775828458003,0.0427685538360657,17.974393656948944,15.68640863398211,17.60197036309281,15.448665192328171,18.600617175261277,WORKBOOK,,98.28546962981278,86.39216163851987,Bundesliga,Germany,90.74,3,171.46,-85.76043760399334,14.239562396006654,26.21589395300713,1,Toyota | AUTO,5,95.83333333333334,97.91666666666666,PRIORITY,ROI_AVAILABLE,SPONSOR_FIT + SVI + ROI_PROXY,1,2
Toyota,21000000.0,236357.0,10000000.0,74900.0,AUTO,AUTO,2025,31311257.0,4,0.6706853065656228,0.0075486270001871,0.3193739555074394,0.0023921109267507,16.860033043306743,12.37310288375517,16.118095750958314,11.223922520551032,17.259488271352033,31311257.0,0.6706853065656228,0.0075486270001871,0.3193739555074394,0.0023921109267507,Tottenham Hotspur,37000000.0,8700983.0,17400000.0,4900000.0,2025,68000983.0,4,0.5441097814718355,0.1279537826681123,0.2558786539894577,0.0720577818705944,17.426428497635523,15.978946680677376,16.67198082165602,15.404745967162468,18.03503273362392,WORKBOOK,,97.3856116702027,80.99291733882312,Premier League,England,75.82,6,145.22,,,,0,Toyota | AUTO,8,92.70833333333334,94.79166666666666,PRIORITY,ROI_NOT_AVAILABLE,SPONSOR_FIT + SVI,1,3
Twinings,26769.0,39441.0,83100.0,11100.0,BEVANDE,BEVANDE,2025,160410.0,4,0.1668786235272115,0.2458761922573405,0.5180475032728633,0.0691976809425846,10.1950371365144,10.582586517370014,11.32781201446548,9.314790473332646,11.985494550616766,160410.0,0.1668786235272115,0.2458761922573405,0.5180475032728633,0.0691976809425846,SC Freiburg,393528.0,275132.0,619000.0,24300.0,2025,1311960.0,4,0.299954266898381,0.2097106619104241,0.4718131650355194,0.0185219061556754,12.88291004170983,12.525009896097972,13.335862167174314,10.098272780745283,14.0870335224346,WORKBOOK,,96.69963867813335,86.69243566288304,Bundesliga,Germany,45.12,25,91.23,,,,0,Twinings | BEVANDE,2,98.95833333333334,75.0,PRIORITY,ROI_NOT_AVAILABLE,SPONSOR_FIT + SVI,1,1
Twinings,26769.0,39441.0,83100.0,11100.0,BEVANDE,BEVANDE,2025,160410.0,4,0.1668786235272115,0.2458761922573405,0.5180475032728633,0.0691976809425846,10.1950371365144,10.582586517370014,11.32781201446548,9.314790473332646,11.985494550616766,160410.0,0.1668786235272115,0.2458761922573405,0.5180475032728633,0.0691976809425846,VfB Stuttgart,630221.0,502745.0,725000.0,92700.0,2025,1950666.0,4,0.3230799121940916,0.257729924036201,0.3716679329008656,0.0475222308688417,13.35382741724851,13.127840351362572,13.493928313146206,11.437134538982278,14.483681923335778,WORKBOOK,,93.35770303249872,83.19449795542594,Bundesliga,Germany,45.64,24,92.16,,,,0,Twinings | BEVANDE,9,91.66666666666666,76.04166666666666,PRIORITY,ROI_NOT_AVAILABLE,SPONSOR_FIT + SVI,1,2
Twinings,26769.0,39441.0,83100.0,11100.0,BEVANDE,BEVANDE,2025,160410.0,4,0.1668786235272115,0.2458761922573405,0.5180475032728633,0.0691976809425846,10.1950371365144,10.582586517370014,11.32781201446548,9.314790473332646,11.985494550616766,160410.0,0.1668786235272115,0.2458761922573405,0.5180475032728633,0.0691976809425846,Real Madrid,132000000.0,48892183.0,180000000.0,19000000.0,2025,379892183.0,4,0.3474670075009151,0.1287001554333114,0.4738186465921569,0.0500141904736165,18.6983124881264,17.705128105269083,19.00846741441004,16.759949589762293,19.75539804411099,WORKBOOK,,93.29518083891703,81.94116160262965,La Liga,Spain,100.0,1,187.75,,,,0,Twinings | BEVANDE,11,89.58333333333334,100.0,PRIORITY,ROI_NOT_AVAILABLE,SPONSOR_FIT + SVI,1,3
Umbro,758200.0,165670.0,863000.0,16500.0,ABBIGLIAMENTO SPORTIVO,ABBIGLIAMENTO SPORTIVO,2025,1803370.0,4,0.4204350743330542,0.0918668936491124,0.4785484953171007,0.0091495367007325,13.538703800976718,12.01775917301022,13.668171128813444,9.711176264112805,14.40516824918226,1803370.0,0.4204350743330542,0.0918668936491124,0.4785484953171007,0.0091495367007325,Borussia Dortmund,16000000.0,4062923.0,20800000.0,1570000.0,2025,42432923.0,4,0.3770657043824202,0.0957493076779085,0.4901854156971463,0.0369995722425249,16.588099342704055,15.21741346940481,16.85046359274847,14.266586814266963,17.563435128308676,WORKBOOK,,99.68699848051664,95.6630630049366,Bundesliga,Germany,68.72,8,132.75,-92.09067523851078,7.909324761489218,9.295061495237812,1,Umbro | ABBIGLIAMENTO SPORTIVO,1,100.0,92.70833333333334,PRIORITY,ROI_AVAILABLE,SPONSOR_FIT + SVI + ROI_PROXY,1,1
Umbro,758200.0,165670.0,863000.0,16500.0,ABBIGLIAMENTO SPORTIVO,ABBIGLIAMENTO SPORTIVO,2025,1803370.0,4,0.4204350743330542,0.0918668936491124,0.4785484953171007,0.0091495367007325,13.538703800976718,12.01775917301022,13.668171128813444,9.711176264112805,14.40516824918226,1803370.0,0.4204350743330542,0.0918668936491124,0.4785484953171007,0.0091495367007325,PSG,54000000.0,14613125.0,65700000.0,9930000.0,2025,144243125.0,4,0.374367929147403,0.101308987863373,0.4554809804626737,0.0688421025265502,17.804494623047066,16.49743072387907,18.00060949867554,16.111071136726284,18.787010808837476,WORKBOOK,,99.40842645679156,93.08653399599216,Ligue 1,France,87.38,4,165.55,-85.78582743410401,14.214172565895996,26.148026506911407,1,Umbro | ABBIGLIAMENTO SPORTIVO,3,97.91666666666666,96.875,PRIORITY,ROI_AVAILABLE,SPONSOR_FIT + SVI + ROI_PROXY,1,2
Umbro,758200.0,165670.0,863000.0,16500.0,ABBIGLIAMENTO SPORTIVO,ABBIGLIAMENTO SPORTIVO,2025,1803370.0,4,0.4204350743330542,0.0918668936491124,0.4785484953171007,0.0091495367007325,13.538703800976718,12.01775917301022,13.668171128813444,9.711176264112805,14.40516824918226,1803370.0,0.4204350743330542,0.0918668936491124,0.4785484953171007,0.0091495367007325,Real Madrid,132000000.0,48892183.0,180000000.0,19000000.0,2025,379892183.0,4,0.3474670075009151,0.1287001554333114,0.4738186465921569,0.0500141904736165,18.6983124881264,17.705128105269083,19.00846741441004,16.759949589762293,19.75539804411099,WORKBOOK,,99.1291381412043,92.2302084442917,La Liga,Spain,100.0,1,187.75,,,,0,Umbro | ABBIGLIAMENTO SPORTIVO,4,96.875,100.0,PRIORITY,ROI_NOT_AVAILABLE,SPONSOR_FIT + SVI,1,3
Under Armour,11000000.0,913086.0,8200000.0,304000.0,ABBIGLIAMENTO SPORTIVO,ABBIGLIAMENTO SPORTIVO,2025,20417086.0,4,0.5387644446421003,0.0447216610636797,0.4016244041877475,0.0148894901064725,16.213405921671733,13.724586445289194,15.919644834185693,12.624786269856632,16.831882706264178,20417086.0,0.5387644446421003,0.0447216610636797,0.4016244041877475,0.0148894901064725,Bayern Munich,64000000.0,6494125.0,44100000.0,5120000.0,2025,119714125.0,4,0.5346069229508214,0.0542469403673125,0.3683775828458003,0.0427685538360657,17.974393656948944,15.68640863398211,17.60197036309281,15.448665192328171,18.600617175261277,WORKBOOK,,99.82260240734723,96.2595656966774,Bundesliga,Germany,90.74,3,171.46,-85.76043760399334,14.239562396006654,26.21589395300713,1,Under Armour | ABBIGLIAMENTO SPORTIVO,1,100.0,97.91666666666666,PRIORITY,ROI_AVAILABLE,SPONSOR_FIT + SVI + ROI_PROXY,1,1
Under Armour,11000000.0,913086.0,8200000.0,304000.0,ABBIGLIAMENTO SPORTIVO,ABBIGLIAMENTO SPORTIVO,2025,20417086.0,4,0.5387644446421003,0.0447216610636797,0.4016244041877475,0.0148894901064725,16.213405921671733,13.724586445289194,15.919644834185693,12.624786269856632,16.831882706264178,20417086.0,0.5387644446421003,0.0447216610636797,0.4016244041877475,0.0148894901064725,Milan,29000000.0,7920765.0,18200000.0,2190000.0,2025,57310765.0,4,0.5060131373224559,0.138207280953238,0.317566865492024,0.038212716232282,17.182806422433504,15.884998476285524,16.716932206992077,14.599412558413585,17.863999052343328,WORKBOOK,,98.3195450951138,88.31911539846323,Serie A,Italy,48.15,22,96.56,-81.99956062385442,18.00043937614558,36.26878184590585,1,Under Armour | ABBIGLIAMENTO SPORTIVO,5,95.83333333333334,78.125,PRIORITY,ROI_AVAILABLE,SPONSOR_FIT + SVI + ROI_PROXY,1,2
Under Armour,11000000.0,913086.0,8200000.0,304000.0,ABBIGLIAMENTO SPORTIVO,ABBIGLIAMENTO SPORTIVO,2025,20417086.0,4,0.5387644446421003,0.0447216610636797,0.4016244041877475,0.0148894901064725,16.213405921671733,13.724586445289194,15.919644834185693,12.624786269856632,16.831882706264178,20417086.0,0.5387644446421003,0.0447216610636797,0.4016244041877475,0.0148894901064725,Manchester City,56000000.0,17645421.0,56300000.0,9010000.0,2025,138955421.0,4,0.4030069470985231,0.1269862008478244,0.4051659128865508,0.0648409391671016,17.840862266556567,16.68598693092907,17.846205110871907,16.013845740572307,18.749663734622136,WORKBOOK,,97.41170862217774,86.42425024564228,Premier League,England,58.36,13,114.51,,,,0,Under Armour | ABBIGLIAMENTO SPORTIVO,7,93.75,87.5,PRIORITY,ROI_NOT_AVAILABLE,SPONSOR_FIT + SVI,1,3
Unicredit,552374.0,39350.0,30800.0,19900.0,BANCHE,BANCHE,2025,642424.0,4,0.8598277772935009,0.0612523816046723,0.0479434143182695,0.0309764267835572,13.221982442433042,10.580276666483256,10.335302435967074,9.898525260706313,13.373005357420348,642424.0,0.8598277772935009,0.0612523816046723,0.0479434143182695,0.0309764267835572,Inter,35000000.0,2886796.0,14300000.0,4010000.0,2025,56196796.0,4,0.6228113076055083,0.0513694054728671,0.2544629056788219,0.0713563812428025,17.370858648025116,14.875658140966744,16.475770165160203,15.20430204865928,17.8443703203572,WORKBOOK,,94.3541202663656,75.31005541802023,Serie A,Italy,54.34,15,107.45,,,,0,Unicredit | BANCHE,11,89.58333333333334,85.41666666666666,PRIORITY,ROI_NOT_AVAILABLE,SPONSOR_FIT + SVI,1,1
Unicredit,552374.0,39350.0,30800.0,19900.0,BANCHE,BANCHE,2025,642424.0,4,0.8598277772935009,0.0612523816046723,0.0479434143182695,0.0309764267835572,13.221982442433042,10.580276666483256,10.335302435967074,9.898525260706313,13.373005357420348,642424.0,0.8598277772935009,0.0612523816046723,0.0479434143182695,0.0309764267835572,Tottenham Hotspur,37000000.0,8700983.0,17400000.0,4900000.0,2025,68000983.0,4,0.5441097814718355,0.1279537826681123,0.2558786539894577,0.0720577818705944,17.426428497635523,15.978946680677376,16.67198082165602,15.404745967162468,18.03503273362392,WORKBOOK,,91.6727959891116,68.42820041783347,Premier League,England,75.82,6,145.22,,,,0,Unicredit | BANCHE,17,83.33333333333334,94.79166666666666,PRIORITY,ROI_NOT_AVAILABLE,SPONSOR_FIT + SVI,1,2
Unicredit,552374.0,39350.0,30800.0,19900.0,BANCHE,BANCHE,2025,642424.0,4,0.8598277772935009,0.0612523816046723,0.0479434143182695,0.0309764267835572,13.221982442433042,10.580276666483256,10.335302435967074,9.898525260706313,13.373005357420348,642424.0,0.8598277772935009,0.0612523816046723,0.0479434143182695,0.0309764267835572,Athletic Bilbao,4300000.0,984531.0,1600000.0,746000.0,2025,7630531.0,4,0.5635256576508241,0.1290252277331682,0.2096839656375159,0.0977651489784918,15.274125813221904,13.79992168034212,14.285514812209817,13.522482219667571,15.847668125600624,WORKBOOK,,93.97453865780368,70.36978803573233,La Liga,Spain,31.48,41,67.25,,,,0,Unicredit | BANCHE,12,88.54166666666666,58.333333333333336,STRONG_FIT,ROI_NOT_AVAILABLE,SPONSOR_FIT + SVI,2,3
VW,33000000.0,720127.0,11000000.0,332000.0,AUTO,AUTO,2025,45052127.0,4,0.7324848391730762,0.0159843063569451,0.244161613057692,0.0073692414122867,17.312018149733785,13.48718425296942,16.213405921671733,12.712893259942282,17.623330777307014,45052127.0,0.7324848391730762,0.0159843063569451,0.244161613057692,0.0073692414122867,Inter,35000000.0,2886796.0,14300000.0,4010000.0,2025,56196796.0,4,0.6228113076055083,0.0513694054728671,0.2544629056788219,0.0713563812428025,17.370858648025116,14.875658140966744,16.475770165160203,15.20430204865928,17.8443703203572,WORKBOOK,,99.17150715124774,89.03264684324321,Serie A,Italy,54.34,15,107.45,,,,0,VW | AUTO,3,97.91666666666666,85.41666666666666,PRIORITY,ROI_NOT_AVAILABLE,SPONSOR_FIT + SVI,1,1
VW,33000000.0,720127.0,11000000.0,332000.0,AUTO,AUTO,2025,45052127.0,4,0.7324848391730762,0.0159843063569451,0.244161613057692,0.0073692414122867,17.312018149733785,13.48718425296942,16.213405921671733,12.712893259942282,17.623330777307014,45052127.0,0.7324848391730762,0.0159843063569451,0.244161613057692,0.0073692414122867,Tottenham Hotspur,37000000.0,8700983.0,17400000.0,4900000.0,2025,68000983.0,4,0.5441097814718355,0.1279537826681123,0.2558786539894577,0.0720577818705944,17.426428497635523,15.978946680677376,16.67198082165602,15.404745967162468,18.03503273362392,WORKBOOK,,96.98499649324684,81.16249422987593,Premier League,England,75.82,6,145.22,,,,0,VW | AUTO,12,88.54166666666666,94.79166666666666,PRIORITY,ROI_NOT_AVAILABLE,SPONSOR_FIT + SVI,1,2
VW,33000000.0,720127.0,11000000.0,332000.0,AUTO,AUTO,2025,45052127.0,4,0.7324848391730762,0.0159843063569451,0.244161613057692,0.0073692414122867,17.312018149733785,13.48718425296942,16.213405921671733,12.712893259942282,17.623330777307014,45052127.0,0.7324848391730762,0.0159843063569451,0.244161613057692,0.0073692414122867,Bayern Munich,64000000.0,6494125.0,44100000.0,5120000.0,2025,119714125.0,4,0.5346069229508214,0.0542469403673125,0.3683775828458003,0.0427685538360657,17.974393656948944,15.68640863398211,17.60197036309281,15.448665192328171,18.600617175261277,WORKBOOK,,95.73176071346444,80.21220837777452,Bundesliga,Germany,90.74,3,171.46,-85.76043760399334,14.239562396006654,26.21589395300713,1,VW | AUTO,17,83.33333333333334,97.91666666666666,PRIORITY,ROI_AVAILABLE,SPONSOR_FIT + SVI + ROI_PROXY,1,3
Valentino,3400000.0,2305472.0,18900000.0,177000.0,MODA,MODA,2025,24782472.0,4,0.1371937391879228,0.0930283306685467,0.7626357854858062,0.0071421446577242,15.039286283703994,14.650796419434752,16.75467253293992,12.08391066125752,17.025647227410133,24782472.0,0.1371937391879228,0.0930283306685467,0.7626357854858062,0.0071421446577242,RB Leipzig,1400000.0,278845.0,2200000.0,225000.0,2025,4103845.0,4,0.3411434886064167,0.067947254343183,0.5360826249529405,0.0548266320974598,14.151983508870948,12.538414937085085,14.603968372873895,12.323860125621126,15.227435140762214,WORKBOOK,,92.36091486473372,74.83657631417707,Bundesliga,Germany,49.99,19,99.8,,,,0,Valentino | MODA,5,95.83333333333334,81.25,PRIORITY,ROI_NOT_AVAILABLE,SPONSOR_FIT + SVI,1,1
Valentino,3400000.0,2305472.0,18900000.0,177000.0,MODA,MODA,2025,24782472.0,4,0.1371937391879228,0.0930283306685467,0.7626357854858062,0.0071421446577242,15.039286283703994,14.650796419434752,16.75467253293992,12.08391066125752,17.025647227410133,24782472.0,0.1371937391879228,0.0930283306685467,0.7626357854858062,0.0071421446577242,Bayer Leverkusen,3000000.0,482000.0,4600000.0,500000.0,2025,8582000.0,4,0.3495688650664181,0.0561640643206711,0.536005593101841,0.0582614775110696,14.914123179965662,13.085701467719382,15.341567078850604,13.122365377402328,,MANUAL_ESTIMATE_2025,"Manual 2025 approximation from public social-media sources; Facebook=3.0m, X=482k, Instagram=4.6m, YouTube=500k.",91.84695139793308,73.65055412681592,Bundesliga,Germany,52.23,17,103.75,,,,0,Valentino | MODA,6,94.79166666666666,83.33333333333334,PRIORITY,ROI_NOT_AVAILABLE,SPONSOR_FIT + SVI,1,2
Valentino,3400000.0,2305472.0,18900000.0,177000.0,MODA,MODA,2025,24782472.0,4,0.1371937391879228,0.0930283306685467,0.7626357854858062,0.0071421446577242,15.039286283703994,14.650796419434752,16.75467253293992,12.08391066125752,17.025647227410133,24782472.0,0.1371937391879228,0.0930283306685467,0.7626357854858062,0.0071421446577242,SC Freiburg,393528.0,275132.0,619000.0,24300.0,2025,1311960.0,4,0.299954266898381,0.2097106619104241,0.4718131650355194,0.0185219061556754,12.88291004170983,12.525009896097972,13.335862167174314,10.098272780745283,14.0870335224346,WORKBOOK,,90.20929656521388,70.91773795497132,Bundesliga,Germany,45.12,25,91.23,,,,0,Valentino | MODA,9,91.66666666666666,75.0,PRIORITY,ROI_NOT_AVAILABLE,SPONSOR_FIT + SVI,1,3
Visa,22000000.0,413252.0,233000.0,85600.0,ALTRO,ALTRO,2025,22731852.0,4,0.9678049989063804,0.0181794250640027,0.0102499347611448,0.003765641268472,16.906553056777135,12.931815275185052,12.358798024384122,11.357452244304588,16.939277714723303,22731852.0,0.9678049989063804,0.0181794250640027,0.0102499347611448,0.003765641268472,Inter,35000000.0,2886796.0,14300000.0,4010000.0,2025,56196796.0,4,0.6228113076055083,0.0513694054728671,0.2544629056788219,0.0713563812428025,17.370858648025116,14.875658140966744,16.475770165160203,15.20430204865928,17.8443703203572,WORKBOOK,,92.3491834961164,65.5006308699128,Serie A,Italy,54.34,15,107.45,,,,0,Visa | ALTRO,11,89.58333333333334,85.41666666666666,PRIORITY,ROI_NOT_AVAILABLE,SPONSOR_FIT + SVI,1,1
Visa,22000000.0,413252.0,233000.0,85600.0,ALTRO,ALTRO,2025,22731852.0,4,0.9678049989063804,0.0181794250640027,0.0102499347611448,0.003765641268472,16.906553056777135,12.931815275185052,12.358798024384122,11.357452244304588,16.939277714723303,22731852.0,0.9678049989063804,0.0181794250640027,0.0102499347611448,0.003765641268472,Tottenham Hotspur,37000000.0,8700983.0,17400000.0,4900000.0,2025,68000983.0,4,0.5441097814718355,0.1279537826681123,0.2558786539894577,0.0720577818705944,17.426428497635523,15.978946680677376,16.67198082165602,15.404745967162468,18.03503273362392,WORKBOOK,,88.75927759547683,57.63047825654552,Premier League,England,75.82,6,145.22,,,,0,Visa | ALTRO,17,83.33333333333334,94.79166666666666,PRIORITY,ROI_NOT_AVAILABLE,SPONSOR_FIT + SVI,1,2
Visa,22000000.0,413252.0,233000.0,85600.0,ALTRO,ALTRO,2025,22731852.0,4,0.9678049989063804,0.0181794250640027,0.0102499347611448,0.003765641268472,16.906553056777135,12.931815275185052,12.358798024384122,11.357452244304588,16.939277714723303,22731852.0,0.9678049989063804,0.0181794250640027,0.0102499347611448,0.003765641268472,Athletic Bilbao,4300000.0,984531.0,1600000.0,746000.0,2025,7630531.0,4,0.5635256576508241,0.1290252277331682,0.2096839656375159,0.0977651489784918,15.274125813221904,13.79992168034212,14.285514812209817,13.522482219667571,15.847668125600624,WORKBOOK,,91.28465405139046,59.57206587444437,La Liga,Spain,31.48,41,67.25,,,,0,Visa | ALTRO,14,86.45833333333334,58.333333333333336,STRONG_FIT,ROI_NOT_AVAILABLE,SPONSOR_FIT + SVI,2,3
Vodafone,3500000.0,43565.0,37600.0,62000.0,COMPAGNIE TELEFONICHE,COMPAGNIE TELEFONICHE ,2025,3643165.0,4,0.9607031248927786,0.0119580090388439,0.0103206964274195,0.0170181696409577,15.068273812173889,10.6820323086083,10.534785924769006,11.034905792929417,15.10836364179308,3643165.0,0.9607031248927786,0.0119580090388439,0.0103206964274195,0.0170181696409577,Inter,35000000.0,2886796.0,14300000.0,4010000.0,2025,56196796.0,4,0.6228113076055083,0.0513694054728671,0.2544629056788219,0.0713563812428025,17.370858648025116,14.875658140966744,16.475770165160203,15.20430204865928,17.8443703203572,WORKBOOK,,92.44745133353057,66.21081827127297,Serie A,Italy,54.34,15,107.45,,,,0,Vodafone | COMPAGNIE TELEFONICHE,11,89.58333333333334,85.41666666666666,PRIORITY,ROI_NOT_AVAILABLE,SPONSOR_FIT + SVI,1,1
Vodafone,3500000.0,43565.0,37600.0,62000.0,COMPAGNIE TELEFONICHE,COMPAGNIE TELEFONICHE ,2025,3643165.0,4,0.9607031248927786,0.0119580090388439,0.0103206964274195,0.0170181696409577,15.068273812173889,10.6820323086083,10.534785924769006,11.034905792929417,15.10836364179308,3643165.0,0.9607031248927786,0.0119580090388439,0.0103206964274195,0.0170181696409577,Tottenham Hotspur,37000000.0,8700983.0,17400000.0,4900000.0,2025,68000983.0,4,0.5441097814718355,0.1279537826681123,0.2558786539894577,0.0720577818705944,17.426428497635523,15.978946680677376,16.67198082165602,15.404745967162468,18.03503273362392,WORKBOOK,,88.79086380742808,58.34066565790569,Premier League,England,75.82,6,145.22,,,,0,Vodafone | COMPAGNIE TELEFONICHE,18,82.29166666666666,94.79166666666666,PRIORITY,ROI_NOT_AVAILABLE,SPONSOR_FIT + SVI,1,2
Vodafone,3500000.0,43565.0,37600.0,62000.0,COMPAGNIE TELEFONICHE,COMPAGNIE TELEFONICHE ,2025,3643165.0,4,0.9607031248927786,0.0119580090388439,0.0103206964274195,0.0170181696409577,15.068273812173889,10.6820323086083,10.534785924769006,11.034905792929417,15.10836364179308,3643165.0,0.9607031248927786,0.0119580090388439,0.0103206964274195,0.0170181696409577,Athletic Bilbao,4300000.0,984531.0,1600000.0,746000.0,2025,7630531.0,4,0.5635256576508241,0.1290252277331682,0.2096839656375159,0.0977651489784918,15.274125813221904,13.79992168034212,14.285514812209817,13.522482219667571,15.847668125600624,WORKBOOK,,91.37072770047702,60.28225327580454,La Liga,Spain,31.48,41,67.25,,,,0,Vodafone | COMPAGNIE TELEFONICHE,14,86.45833333333334,58.333333333333336,STRONG_FIT,ROI_NOT_AVAILABLE,SPONSOR_FIT + SVI,2,3
a2a,37235.0,6620.0,22500.0,6890.0,ENERGIA,ENERGIA,2025,73245.0,4,0.5083623455525974,0.0903815960133797,0.3071882039729674,0.0940678544610553,10.52503131423638,8.798001694924846,10.021315031649332,8.837971491357209,11.201578917879736,73245.0,0.5083623455525974,0.0903815960133797,0.3071882039729674,0.0940678544610553,Milan,29000000.0,7920765.0,18200000.0,2190000.0,2025,57310765.0,4,0.5060131373224559,0.138207280953238,0.317566865492024,0.038212716232282,17.182806422433504,15.884998476285524,16.716932206992077,14.599412558413585,17.863999052343328,WORKBOOK,,99.26646611017308,94.1795653541085,Serie A,Italy,48.15,22,96.56,-81.99956062385442,18.00043937614558,36.26878184590585,1,a2a | ENERGIA,3,97.91666666666666,78.125,PRIORITY,ROI_AVAILABLE,SPONSOR_FIT + SVI + ROI_PROXY,1,1
a2a,37235.0,6620.0,22500.0,6890.0,ENERGIA,ENERGIA,2025,73245.0,4,0.5083623455525974,0.0903815960133797,0.3071882039729674,0.0940678544610553,10.52503131423638,8.798001694924846,10.021315031649332,8.837971491357209,11.201578917879736,73245.0,0.5083623455525974,0.0903815960133797,0.3071882039729674,0.0940678544610553,Tottenham Hotspur,37000000.0,8700983.0,17400000.0,4900000.0,2025,68000983.0,4,0.5441097814718355,0.1279537826681123,0.2558786539894577,0.0720577818705944,17.426428497635523,15.978946680677376,16.67198082165602,15.404745967162468,18.03503273362392,WORKBOOK,,99.24420668176884,92.66803774260292,Premier League,England,75.82,6,145.22,,,,0,a2a | ENERGIA,4,96.875,94.79166666666666,PRIORITY,ROI_NOT_AVAILABLE,SPONSOR_FIT + SVI,1,2
a2a,37235.0,6620.0,22500.0,6890.0,ENERGIA,ENERGIA,2025,73245.0,4,0.5083623455525974,0.0903815960133797,0.3071882039729674,0.0940678544610553,10.52503131423638,8.798001694924846,10.021315031649332,8.837971491357209,11.201578917879736,73245.0,0.5083623455525974,0.0903815960133797,0.3071882039729674,0.0940678544610553,Bayern Munich,64000000.0,6494125.0,44100000.0,5120000.0,2025,119714125.0,4,0.5346069229508214,0.0542469403673125,0.3683775828458003,0.0427685538360657,17.974393656948944,15.68640863398211,17.60197036309281,15.448665192328171,18.600617175261277,WORKBOOK,,99.19841011860728,91.25660437289432,Bundesliga,Germany,90.74,3,171.46,-85.76043760399334,14.239562396006654,26.21589395300713,1,a2a | ENERGIA,5,95.83333333333334,97.91666666666666,PRIORITY,ROI_AVAILABLE,SPONSOR_FIT + SVI + ROI_PROXY,1,3
apple,15000000.0,9939381.0,35600000.0,20600000.0,TECNOLOGIA,TECNOLOGIA,2025,81139381.0,4,0.1848670745959967,0.1224976192510021,0.4387511903744989,0.2538841157785022,16.52356082573315,16.112015403661704,17.387856223912145,16.840801682303496,18.2116789992482,81139381.0,0.1848670745959967,0.1224976192510021,0.4387511903744989,0.2538841157785022,Juventus,46000000.0,9430488.0,60000000.0,12900000.0,2025,128330488.0,4,0.3584495057791723,0.0734859513664438,0.4675428336250073,0.1005217092293765,17.6441519761925,16.059458509044603,17.909855136853043,16.372737946851277,18.670119439701967,WORKBOOK,,91.82169174980704,79.7625925566316,Serie A,Italy,58.68,12,115.08,-65.58713963636363,34.41286036363637,80.13946124053157,1,apple | TECNOLOGIA,2,98.95833333333334,88.54166666666666,PRIORITY,ROI_RELATIVELY_STRONG,SPONSOR_FIT + SVI + ROI_PROXY,1,1
apple,15000000.0,9939381.0,35600000.0,20600000.0,TECNOLOGIA,TECNOLOGIA,2025,81139381.0,4,0.1848670745959967,0.1224976192510021,0.4387511903744989,0.2538841157785022,16.52356082573315,16.112015403661704,17.387856223912145,16.840801682303496,18.2116789992482,81139381.0,0.1848670745959967,0.1224976192510021,0.4387511903744989,0.2538841157785022,RB Leipzig,1400000.0,278845.0,2200000.0,225000.0,2025,4103845.0,4,0.3411434886064167,0.067947254343183,0.5360826249529405,0.0548266320974598,14.151983508870948,12.538414937085085,14.603968372873895,12.323860125621126,15.227435140762214,WORKBOOK,,90.31585635901573,74.63921514111385,Bundesliga,Germany,49.99,19,99.8,,,,0,apple | TECNOLOGIA,7,93.75,81.25,PRIORITY,ROI_NOT_AVAILABLE,SPONSOR_FIT + SVI,1,2
apple,15000000.0,9939381.0,35600000.0,20600000.0,TECNOLOGIA,TECNOLOGIA,2025,81139381.0,4,0.1848670745959967,0.1224976192510021,0.4387511903744989,0.2538841157785022,16.52356082573315,16.112015403661704,17.387856223912145,16.840801682303496,18.2116789992482,81139381.0,0.1848670745959967,0.1224976192510021,0.4387511903744989,0.2538841157785022,Barcelona,123000000.0,46132210.0,146000000.0,25100000.0,2025,340232210.0,4,0.3615177998579264,0.1355903663559661,0.4291186892622541,0.0737731445238532,18.627694921466773,17.64702198414912,18.79911718652193,17.038378443942648,19.64513891598361,WORKBOOK,,90.20337334335773,81.02565276331065,La Liga,Spain,91.92,2,173.54,-59.50436463636013,40.49563536363987,96.398821883193,1,apple | TECNOLOGIA,8,92.70833333333334,98.95833333333334,PRIORITY,ROI_RELATIVELY_STRONG,SPONSOR_FIT + SVI + ROI_PROXY,1,3
aramco,14000000.0,1393910.0,758000.0,163000.0,CARBURANTI,CARBURANTI,2025,16314910.0,4,0.8581107710676921,0.0854377989213547,0.046460568890665,0.0099908611202881,16.454567959008102,14.14762402321421,13.538439983884851,12.001511614739403,16.607590032892013,16314910.0,0.8581107710676921,0.0854377989213547,0.046460568890665,0.0099908611202881,Inter,35000000.0,2886796.0,14300000.0,4010000.0,2025,56196796.0,4,0.6228113076055083,0.0513694054728671,0.2544629056788219,0.0713563812428025,17.370858648025116,14.875658140966744,16.475770165160203,15.20430204865928,17.8443703203572,WORKBOOK,,94.08911890635184,73.06321430893287,Serie A,Italy,54.34,15,107.45,,,,0,aramco | CARBURANTI,11,89.58333333333334,85.41666666666666,PRIORITY,ROI_NOT_AVAILABLE,SPONSOR_FIT + SVI,1,1
aramco,14000000.0,1393910.0,758000.0,163000.0,CARBURANTI,CARBURANTI,2025,16314910.0,4,0.8581107710676921,0.0854377989213547,0.046460568890665,0.0099908611202881,16.454567959008102,14.14762402321421,13.538439983884851,12.001511614739403,16.607590032892013,16314910.0,0.8581107710676921,0.0854377989213547,0.046460568890665,0.0099908611202881,Tottenham Hotspur,37000000.0,8700983.0,17400000.0,4900000.0,2025,68000983.0,4,0.5441097814718355,0.1279537826681123,0.2558786539894577,0.0720577818705944,17.426428497635523,15.978946680677376,16.67198082165602,15.404745967162468,18.03503273362392,WORKBOOK,,91.74775396951172,68.59990104041435,Premier League,England,75.82,6,145.22,,,,0,aramco | CARBURANTI,17,83.33333333333334,94.79166666666666,PRIORITY,ROI_NOT_AVAILABLE,SPONSOR_FIT + SVI,1,2
aramco,14000000.0,1393910.0,758000.0,163000.0,CARBURANTI,CARBURANTI,2025,16314910.0,4,0.8581107710676921,0.0854377989213547,0.046460568890665,0.0099908611202881,16.454567959008102,14.14762402321421,13.538439983884851,12.001511614739403,16.607590032892013,16314910.0,0.8581107710676921,0.0854377989213547,0.046460568890665,0.0099908611202881,Athletic Bilbao,4300000.0,984531.0,1600000.0,746000.0,2025,7630531.0,4,0.5635256576508241,0.1290252277331682,0.2096839656375159,0.0977651489784918,15.274125813221904,13.79992168034212,14.285514812209817,13.522482219667571,15.847668125600624,WORKBOOK,,93.9608559898538,70.5414886583132,La Liga,Spain,31.48,41,67.25,,,,0,aramco | CARBURANTI,12,88.54166666666666,58.333333333333336,STRONG_FIT,ROI_NOT_AVAILABLE,SPONSOR_FIT + SVI,2,3
asus,26000000.0,988592.0,3400000.0,1320000.0,TECNOLOGIA,TECNOLOGIA,2025,31708592.0,4,0.8199670297564774,0.0311774171492698,0.1072264577373855,0.0416290953568673,17.073607134447293,13.804037999109717,15.039286283703994,14.093143052138023,17.272098274669187,31708592.0,0.8199670297564774,0.0311774171492698,0.1072264577373855,0.0416290953568673,Inter,35000000.0,2886796.0,14300000.0,4010000.0,2025,56196796.0,4,0.6228113076055083,0.0513694054728671,0.2544629056788219,0.0713563812428025,17.370858648025116,14.875658140966744,16.475770165160203,15.20430204865928,17.8443703203572,WORKBOOK,,96.5031459306677,80.2844277849031,Serie A,Italy,54.34,15,107.45,,,,0,asus | TECNOLOGIA,10,90.625,85.41666666666666,PRIORITY,ROI_NOT_AVAILABLE,SPONSOR_FIT + SVI,1,1
asus,26000000.0,988592.0,3400000.0,1320000.0,TECNOLOGIA,TECNOLOGIA,2025,31708592.0,4,0.8199670297564774,0.0311774171492698,0.1072264577373855,0.0416290953568673,17.073607134447293,13.804037999109717,15.039286283703994,14.093143052138023,17.272098274669187,31708592.0,0.8199670297564774,0.0311774171492698,0.1072264577373855,0.0416290953568673,Tottenham Hotspur,37000000.0,8700983.0,17400000.0,4900000.0,2025,68000983.0,4,0.5441097814718355,0.1279537826681123,0.2558786539894577,0.0720577818705944,17.426428497635523,15.978946680677376,16.67198082165602,15.404745967162468,18.03503273362392,WORKBOOK,,93.70779478621417,72.41427517153582,Premier League,England,75.82,6,145.22,,,,0,asus | TECNOLOGIA,17,83.33333333333334,94.79166666666666,PRIORITY,ROI_NOT_AVAILABLE,SPONSOR_FIT + SVI,1,2
asus,26000000.0,988592.0,3400000.0,1320000.0,TECNOLOGIA,TECNOLOGIA,2025,31708592.0,4,0.8199670297564774,0.0311774171492698,0.1072264577373855,0.0416290953568673,17.073607134447293,13.804037999109717,15.039286283703994,14.093143052138023,17.272098274669187,31708592.0,0.8199670297564774,0.0311774171492698,0.1072264577373855,0.0416290953568673,Athletic Bilbao,4300000.0,984531.0,1600000.0,746000.0,2025,7630531.0,4,0.5635256576508241,0.1290252277331682,0.2096839656375159,0.0977651489784918,15.274125813221904,13.79992168034212,14.285514812209817,13.522482219667571,15.847668125600624,WORKBOOK,,95.48491006249766,74.35586278943467,La Liga,Spain,31.48,41,67.25,,,,0,asus | TECNOLOGIA,14,86.45833333333334,58.333333333333336,STRONG_FIT,ROI_NOT_AVAILABLE,SPONSOR_FIT + SVI,2,3
axa,3100000.0,82569.0,73600.0,11500.0,ASSICURAZIONI,ASSICURAZIONI,2025,3267669.0,4,0.9486884993553508,0.0252684711946038,0.0225237011459851,0.0035193283040601,14.946912992035967,11.321401697411474,11.206413891581189,9.35018926709258,14.999587750671122,3267669.0,0.9486884993553508,0.0252684711946038,0.0225237011459851,0.0035193283040601,Inter,35000000.0,2886796.0,14300000.0,4010000.0,2025,56196796.0,4,0.6228113076055083,0.0513694054728671,0.2544629056788219,0.0713563812428025,17.370858648025116,14.875658140966744,16.475770165160203,15.20430204865928,17.8443703203572,WORKBOOK,,92.86235842665891,67.41228082501576,Serie A,Italy,54.34,15,107.45,,,,0,axa | ASSICURAZIONI,11,89.58333333333334,85.41666666666666,PRIORITY,ROI_NOT_AVAILABLE,SPONSOR_FIT + SVI,1,1
axa,3100000.0,82569.0,73600.0,11500.0,ASSICURAZIONI,ASSICURAZIONI,2025,3267669.0,4,0.9486884993553508,0.0252684711946038,0.0225237011459851,0.0035193283040601,14.946912992035967,11.321401697411474,11.206413891581189,9.35018926709258,14.999587750671122,3267669.0,0.9486884993553508,0.0252684711946038,0.0225237011459851,0.0035193283040601,Tottenham Hotspur,37000000.0,8700983.0,17400000.0,4900000.0,2025,68000983.0,4,0.5441097814718355,0.1279537826681123,0.2558786539894577,0.0720577818705944,17.426428497635523,15.978946680677376,16.67198082165602,15.404745967162468,18.03503273362392,WORKBOOK,,89.42693145600634,59.54212821164847,Premier League,England,75.82,6,145.22,,,,0,axa | ASSICURAZIONI,17,83.33333333333334,94.79166666666666,PRIORITY,ROI_NOT_AVAILABLE,SPONSOR_FIT + SVI,1,2
axa,3100000.0,82569.0,73600.0,11500.0,ASSICURAZIONI,ASSICURAZIONI,2025,3267669.0,4,0.9486884993553508,0.0252684711946038,0.0225237011459851,0.0035193283040601,14.946912992035967,11.321401697411474,11.206413891581189,9.35018926709258,14.999587750671122,3267669.0,0.9486884993553508,0.0252684711946038,0.0225237011459851,0.0035193283040601,Athletic Bilbao,4300000.0,984531.0,1600000.0,746000.0,2025,7630531.0,4,0.5635256576508241,0.1290252277331682,0.2096839656375159,0.0977651489784918,15.274125813221904,13.79992168034212,14.285514812209817,13.522482219667571,15.847668125600624,WORKBOOK,,91.8501707404802,61.48371582954732,La Liga,Spain,31.48,41,67.25,,,,0,axa | ASSICURAZIONI,13,87.5,58.333333333333336,STRONG_FIT,ROI_NOT_AVAILABLE,SPONSOR_FIT + SVI,2,3
binance,2400000.0,15404953.0,4800000.0,1220000.0,CRIPTOVALUTE,CRIPTOVALUTE,2025,23824953.0,4,0.1007347212815068,0.6465890195040469,0.2014694425630136,0.0512068166514326,14.690979711984754,16.550199703964953,15.38412668421143,14.014362236381237,16.98624407675766,23824953.0,0.1007347212815068,0.6465890195040469,0.2014694425630136,0.0512068166514326,VfB Stuttgart,630221.0,502745.0,725000.0,92700.0,2025,1950666.0,4,0.3230799121940916,0.257729924036201,0.3716679329008656,0.0475222308688417,13.35382741724851,13.127840351362572,13.493928313146206,11.437134538982278,14.483681923335778,WORKBOOK,,72.188686372547,60.74563187495632,Bundesliga,Germany,45.64,24,92.16,,,,0,binance | CRIPTOVALUTE,7,93.75,76.04166666666666,PRIORITY,ROI_NOT_AVAILABLE,SPONSOR_FIT + SVI,1,1
binance,2400000.0,15404953.0,4800000.0,1220000.0,CRIPTOVALUTE,CRIPTOVALUTE,2025,23824953.0,4,0.1007347212815068,0.6465890195040469,0.2014694425630136,0.0512068166514326,14.690979711984754,16.550199703964953,15.38412668421143,14.014362236381237,16.98624407675766,23824953.0,0.1007347212815068,0.6465890195040469,0.2014694425630136,0.0512068166514326,FC Köln,821503.0,573780.0,664000.0,122000.0,2025,2181283.0,4,0.3766145887534997,0.2630470232427429,0.3044080020795101,0.0559303859242473,13.61889208558942,13.260003069398389,13.406038934481533,11.711784520403112,14.595424252203944,WORKBOOK,,71.57381064748594,61.6458003738696,Bundesliga,Germany,49.39,20,98.76,,,,0,binance | CRIPTOVALUTE,8,92.70833333333334,80.20833333333334,PRIORITY,ROI_NOT_AVAILABLE,SPONSOR_FIT + SVI,1,2
binance,2400000.0,15404953.0,4800000.0,1220000.0,CRIPTOVALUTE,CRIPTOVALUTE,2025,23824953.0,4,0.1007347212815068,0.6465890195040469,0.2014694425630136,0.0512068166514326,14.690979711984754,16.550199703964953,15.38412668421143,14.014362236381237,16.98624407675766,23824953.0,0.1007347212815068,0.6465890195040469,0.2014694425630136,0.0512068166514326,Leeds United,1700000.0,1064588.0,1300000.0,508000.0,2025,4572588.0,4,0.3717807071181571,0.2328195761350027,0.2843028936785907,0.1110968230682493,14.346139397261563,13.878099367148158,14.077875591662238,13.138238695062618,15.335590123245812,WORKBOOK,,68.39292917862946,58.62305566309559,Premier League,England,59.11,10,115.84,,,,0,binance | CRIPTOVALUTE,14,86.45833333333334,90.625,PRIORITY,ROI_NOT_AVAILABLE,SPONSOR_FIT + SVI,1,3
bitget,1200000.0,4479232.0,72200.0,1150000.0,CRIPTOVALUTE,CRIPTOVALUTE,2025,6901432.0,4,0.1738769577096463,0.6490293608630788,0.0104615969555303,0.1666320844717444,13.997832948091215,15.314962384376717,11.187209175200516,13.955273369904273,15.74723962916416,6901432.0,0.1738769577096463,0.6490293608630788,0.0104615969555303,0.1666320844717444,FC Köln,821503.0,573780.0,664000.0,122000.0,2025,2181283.0,4,0.3766145887534997,0.2630470232427429,0.3044080020795101,0.0559303859242473,13.61889208558942,13.260003069398389,13.406038934481533,11.711784520403112,14.595424252203944,WORKBOOK,,64.85298900121536,50.33159638321669,Bundesliga,Germany,49.39,20,98.76,,,,0,bitget | CRIPTOVALUTE,7,93.75,80.20833333333334,PRIORITY,ROI_NOT_AVAILABLE,SPONSOR_FIT + SVI,1,1
bitget,1200000.0,4479232.0,72200.0,1150000.0,CRIPTOVALUTE,CRIPTOVALUTE,2025,6901432.0,4,0.1738769577096463,0.6490293608630788,0.0104615969555303,0.1666320844717444,13.997832948091215,15.314962384376717,11.187209175200516,13.955273369904273,15.74723962916416,6901432.0,0.1738769577096463,0.6490293608630788,0.0104615969555303,0.1666320844717444,Leeds United,1700000.0,1064588.0,1300000.0,508000.0,2025,4572588.0,4,0.3717807071181571,0.2328195761350027,0.2843028936785907,0.1110968230682493,14.346139397261563,13.878099367148158,14.077875591662238,13.138238695062618,15.335590123245812,WORKBOOK,,64.11819023757985,52.82549538684289,Premier League,England,59.11,10,115.84,,,,0,bitget | CRIPTOVALUTE,9,91.66666666666666,90.625,PRIORITY,ROI_NOT_AVAILABLE,SPONSOR_FIT + SVI,1,2
bitget,1200000.0,4479232.0,72200.0,1150000.0,CRIPTOVALUTE,CRIPTOVALUTE,2025,6901432.0,4,0.1738769577096463,0.6490293608630788,0.0104615969555303,0.1666320844717444,13.997832948091215,15.314962384376717,11.187209175200516,13.955273369904273,15.74723962916416,6901432.0,0.1738769577096463,0.6490293608630788,0.0104615969555303,0.1666320844717444,VfB Stuttgart,630221.0,502745.0,725000.0,92700.0,2025,1950666.0,4,0.3230799121940916,0.257729924036201,0.3716679329008656,0.0475222308688417,13.35382741724851,13.127840351362572,13.493928313146206,11.437134538982278,14.483681923335778,WORKBOOK,,60.911251666290056,48.95907095702194,Bundesliga,Germany,45.64,24,92.16,,,,0,bitget | CRIPTOVALUTE,16,84.375,76.04166666666666,PRIORITY,ROI_NOT_AVAILABLE,SPONSOR_FIT + SVI,1,3
bper banca,250481.0,4956.0,26400.0,9530.0,BANCHE,BANCHE,2025,291367.0,4,0.8596752549190539,0.0170094760216496,0.0906073783235575,0.0327078907357387,12.431142340637845,8.508555998020574,10.181157167204905,9.162304922937626,12.582342352025451,291367.0,0.8596752549190539,0.0170094760216496,0.0906073783235575,0.0327078907357387,Inter,35000000.0,2886796.0,14300000.0,4010000.0,2025,56196796.0,4,0.6228113076055083,0.0513694054728671,0.2544629056788219,0.0713563812428025,17.370858648025116,14.875658140966744,16.475770165160203,15.20430204865928,17.8443703203572,WORKBOOK,,95.6762818262531,76.31360526864543,Serie A,Italy,54.34,15,107.45,,,,0,bper banca | BANCHE,11,89.58333333333334,85.41666666666666,PRIORITY,ROI_NOT_AVAILABLE,SPONSOR_FIT + SVI,1,1
bper banca,250481.0,4956.0,26400.0,9530.0,BANCHE,BANCHE,2025,291367.0,4,0.8596752549190539,0.0170094760216496,0.0906073783235575,0.0327078907357387,12.431142340637845,8.508555998020574,10.181157167204905,9.162304922937626,12.582342352025451,291367.0,0.8596752549190539,0.0170094760216496,0.0906073783235575,0.0327078907357387,Tottenham Hotspur,37000000.0,8700983.0,17400000.0,4900000.0,2025,68000983.0,4,0.5441097814718355,0.1279537826681123,0.2558786539894577,0.0720577818705944,17.426428497635523,15.978946680677376,16.67198082165602,15.404745967162468,18.03503273362392,WORKBOOK,,92.52128990523344,68.44345265527816,Premier League,England,75.82,6,145.22,,,,0,bper banca | BANCHE,17,83.33333333333334,94.79166666666666,PRIORITY,ROI_NOT_AVAILABLE,SPONSOR_FIT + SVI,1,2
bper banca,250481.0,4956.0,26400.0,9530.0,BANCHE,BANCHE,2025,291367.0,4,0.8596752549190539,0.0170094760216496,0.0906073783235575,0.0327078907357387,12.431142340637845,8.508555998020574,10.181157167204905,9.162304922937626,12.582342352025451,291367.0,0.8596752549190539,0.0170094760216496,0.0906073783235575,0.0327078907357387,Athletic Bilbao,4300000.0,984531.0,1600000.0,746000.0,2025,7630531.0,4,0.5635256576508241,0.1290252277331682,0.2096839656375159,0.0977651489784918,15.274125813221904,13.79992168034212,14.285514812209817,13.522482219667571,15.847668125600624,WORKBOOK,,94.44666323827718,70.38504027317701,La Liga,Spain,31.48,41,67.25,,,,0,bper banca | BANCHE,14,86.45833333333334,58.333333333333336,STRONG_FIT,ROI_NOT_AVAILABLE,SPONSOR_FIT + SVI,2,3
bybit,4400000.0,4939038.0,436000.0,81300.0,CRIPTOVALUTE,CRIPTOVALUTE,2025,9856338.0,4,0.4464132622075257,0.5011027422152122,0.0442354959823821,0.0082484995948799,15.29711532616119,15.412681335826877,12.985399815906522,11.305913595583258,16.103625359456142,9856338.0,0.4464132622075257,0.5011027422152122,0.0442354959823821,0.0082484995948799,FC Köln,821503.0,573780.0,664000.0,122000.0,2025,2181283.0,4,0.3766145887534997,0.2630470232427429,0.3044080020795101,0.0559303859242473,13.61889208558942,13.260003069398389,13.406038934481533,11.711784520403112,14.595424252203944,WORKBOOK,,84.24259071787526,69.21456075735047,Bundesliga,Germany,49.39,20,98.76,,,,0,bybit | CRIPTOVALUTE,10,90.625,80.20833333333334,PRIORITY,ROI_NOT_AVAILABLE,SPONSOR_FIT + SVI,1,1
bybit,4400000.0,4939038.0,436000.0,81300.0,CRIPTOVALUTE,CRIPTOVALUTE,2025,9856338.0,4,0.4464132622075257,0.5011027422152122,0.0442354959823821,0.0082484995948799,15.29711532616119,15.412681335826877,12.985399815906522,11.305913595583258,16.103625359456142,9856338.0,0.4464132622075257,0.5011027422152122,0.0442354959823821,0.0082484995948799,SV Werder Bremen,1100000.0,476903.0,582000.0,167000.0,2025,2325903.0,4,0.4729345978744599,0.205039935027385,0.2502253963299415,0.0718000707682134,13.910821646859096,13.07507049175376,13.274227444925158,12.025755079404917,14.659619338638072,WORKBOOK,,83.80935522488218,70.39371928121729,Bundesliga,Germany,46.73,23,94.08,,,,0,bybit | CRIPTOVALUTE,13,87.5,77.08333333333334,PRIORITY,ROI_NOT_AVAILABLE,SPONSOR_FIT + SVI,1,2
bybit,4400000.0,4939038.0,436000.0,81300.0,CRIPTOVALUTE,CRIPTOVALUTE,2025,9856338.0,4,0.4464132622075257,0.5011027422152122,0.0442354959823821,0.0082484995948799,15.29711532616119,15.412681335826877,12.985399815906522,11.305913595583258,16.103625359456142,9856338.0,0.4464132622075257,0.5011027422152122,0.0442354959823821,0.0082484995948799,Leeds United,1700000.0,1064588.0,1300000.0,508000.0,2025,4572588.0,4,0.3717807071181571,0.2328195761350027,0.2843028936785907,0.1110968230682493,14.346139397261563,13.878099367148158,14.077875591662238,13.138238695062618,15.335590123245812,WORKBOOK,,82.38227896953764,65.70842788304219,Premier League,England,59.11,10,115.84,,,,0,bybit | CRIPTOVALUTE,17,83.33333333333334,90.625,PRIORITY,ROI_NOT_AVAILABLE,SPONSOR_FIT + SVI,1,3
canon,4400000.0,42225.0,129000.0,154000.0,TECNOLOGIA,TECNOLOGIA,2025,4725225.0,4,0.9311725896650423,0.0089360824087741,0.0273002872879069,0.0325910406382764,15.29711532616119,10.650791424048029,11.767575435251748,11.944714374881176,15.36842594845396,4725225.0,0.9311725896650423,0.0089360824087741,0.0273002872879069,0.0325910406382764,Inter,35000000.0,2886796.0,14300000.0,4010000.0,2025,56196796.0,4,0.6228113076055083,0.0513694054728671,0.2544629056788219,0.0713563812428025,17.370858648025116,14.875658140966744,16.475770165160203,15.20430204865928,17.8443703203572,WORKBOOK,,93.22987918021596,69.1638717940466,Serie A,Italy,54.34,15,107.45,,,,0,canon | TECNOLOGIA,11,89.58333333333334,85.41666666666666,PRIORITY,ROI_NOT_AVAILABLE,SPONSOR_FIT + SVI,1,1
canon,4400000.0,42225.0,129000.0,154000.0,TECNOLOGIA,TECNOLOGIA,2025,4725225.0,4,0.9311725896650423,0.0089360824087741,0.0273002872879069,0.0325910406382764,15.29711532616119,10.650791424048029,11.767575435251748,11.944714374881176,15.36842594845396,4725225.0,0.9311725896650423,0.0089360824087741,0.0273002872879069,0.0325910406382764,Tottenham Hotspur,37000000.0,8700983.0,17400000.0,4900000.0,2025,68000983.0,4,0.5441097814718355,0.1279537826681123,0.2558786539894577,0.0720577818705944,17.426428497635523,15.978946680677376,16.67198082165602,15.404745967162468,18.03503273362392,WORKBOOK,,89.6295348837389,61.293719180679304,Premier League,England,75.82,6,145.22,,,,0,canon | TECNOLOGIA,18,82.29166666666666,94.79166666666666,PRIORITY,ROI_NOT_AVAILABLE,SPONSOR_FIT + SVI,1,2
canon,4400000.0,42225.0,129000.0,154000.0,TECNOLOGIA,TECNOLOGIA,2025,4725225.0,4,0.9311725896650423,0.0089360824087741,0.0273002872879069,0.0325910406382764,15.29711532616119,10.650791424048029,11.767575435251748,11.944714374881176,15.36842594845396,4725225.0,0.9311725896650423,0.0089360824087741,0.0273002872879069,0.0325910406382764,Athletic Bilbao,4300000.0,984531.0,1600000.0,746000.0,2025,7630531.0,4,0.5635256576508241,0.1290252277331682,0.2096839656375159,0.0977651489784918,15.274125813221904,13.79992168034212,14.285514812209817,13.522482219667571,15.847668125600624,WORKBOOK,,92.13503322307858,63.235306798578165,La Liga,Spain,31.48,41,67.25,,,,0,canon | TECNOLOGIA,14,86.45833333333334,58.333333333333336,STRONG_FIT,ROI_NOT_AVAILABLE,SPONSOR_FIT + SVI,2,3
coinbase,414245.0,6724199.0,553000.0,122000.0,CRIPTOVALUTE,CRIPTOVALUTE,2025,7813444.0,4,0.0530169538554317,0.8605934847680485,0.0707754480610598,0.0156141133154598,12.934215279237362,15.721223517268175,13.223115088821102,11.711784520403112,15.871356525711724,7813444.0,0.0530169538554317,0.8605934847680485,0.0707754480610598,0.0156141133154598,FC Köln,821503.0,573780.0,664000.0,122000.0,2025,2181283.0,4,0.3766145887534997,0.2630470232427429,0.3044080020795101,0.0559303859242473,13.61889208558942,13.260003069398389,13.406038934481533,11.711784520403112,14.595424252203944,WORKBOOK,,56.075379994244926,40.24535384746943,Bundesliga,Germany,49.39,20,98.76,,,,0,coinbase | CRIPTOVALUTE,8,92.70833333333334,80.20833333333334,PRIORITY,ROI_NOT_AVAILABLE,SPONSOR_FIT + SVI,1,1
coinbase,414245.0,6724199.0,553000.0,122000.0,CRIPTOVALUTE,CRIPTOVALUTE,2025,7813444.0,4,0.0530169538554317,0.8605934847680485,0.0707754480610598,0.0156141133154598,12.934215279237362,15.721223517268175,13.223115088821102,11.711784520403112,15.871356525711724,7813444.0,0.0530169538554317,0.8605934847680485,0.0707754480610598,0.0156141133154598,VfB Stuttgart,630221.0,502745.0,725000.0,92700.0,2025,1950666.0,4,0.3230799121940916,0.257729924036201,0.3716679329008656,0.0475222308688417,13.35382741724851,13.127840351362572,13.493928313146206,11.437134538982278,14.483681923335778,WORKBOOK,,55.102743419981195,39.71364392681525,Bundesliga,Germany,45.64,24,92.16,,,,0,coinbase | CRIPTOVALUTE,9,91.66666666666666,76.04166666666666,PRIORITY,ROI_NOT_AVAILABLE,SPONSOR_FIT + SVI,1,2
coinbase,414245.0,6724199.0,553000.0,122000.0,CRIPTOVALUTE,CRIPTOVALUTE,2025,7813444.0,4,0.0530169538554317,0.8605934847680485,0.0707754480610598,0.0156141133154598,12.934215279237362,15.721223517268175,13.223115088821102,11.711784520403112,15.871356525711724,7813444.0,0.0530169538554317,0.8605934847680485,0.0707754480610598,0.0156141133154598,Leeds United,1700000.0,1064588.0,1300000.0,508000.0,2025,4572588.0,4,0.3717807071181571,0.2328195761350027,0.2843028936785907,0.1110968230682493,14.346139397261563,13.878099367148158,14.077875591662238,13.138238695062618,15.335590123245812,WORKBOOK,,52.31952775758464,37.22260913669542,Premier League,England,59.11,10,115.84,,,,0,coinbase | CRIPTOVALUTE,15,85.41666666666666,90.625,PRIORITY,ROI_NOT_AVAILABLE,SPONSOR_FIT + SVI,1,3
coop,381191.0,25776.0,95700.0,9120.0,E-COMMERCE/RETAIL,E-COMMERCERETAIL,2025,511787.0,4,0.7448235301013898,0.0503647025031898,0.1869918540330254,0.0178199133623949,12.8510584641831,10.157237900443238,11.468984026707243,9.11833472618016,13.145665755774097,511787.0,0.7448235301013898,0.0503647025031898,0.1869918540330254,0.0178199133623949,Inter,35000000.0,2886796.0,14300000.0,4010000.0,2025,56196796.0,4,0.6228113076055083,0.0513694054728671,0.2544629056788219,0.0713563812428025,17.370858648025116,14.875658140966744,16.475770165160203,15.20430204865928,17.8443703203572,WORKBOOK,,98.66231520433335,87.79877775041184,Serie A,Italy,54.34,15,107.45,,,,0,coop | E-COMMERCE/RETAIL,6,94.79166666666666,85.41666666666666,PRIORITY,ROI_NOT_AVAILABLE,SPONSOR_FIT + SVI,1,1
coop,381191.0,25776.0,95700.0,9120.0,E-COMMERCE/RETAIL,E-COMMERCERETAIL,2025,511787.0,4,0.7448235301013898,0.0503647025031898,0.1869918540330254,0.0178199133623949,12.8510584641831,10.157237900443238,11.468984026707243,9.11833472618016,13.145665755774097,511787.0,0.7448235301013898,0.0503647025031898,0.1869918540330254,0.0178199133623949,Tottenham Hotspur,37000000.0,8700983.0,17400000.0,4900000.0,2025,68000983.0,4,0.5441097814718355,0.1279537826681123,0.2558786539894577,0.0720577818705944,17.426428497635523,15.978946680677376,16.67198082165602,15.404745967162468,18.03503273362392,WORKBOOK,,96.72185462196045,79.92862513704458,Premier League,England,75.82,6,145.22,,,,0,coop | E-COMMERCE/RETAIL,15,85.41666666666666,94.79166666666666,PRIORITY,ROI_NOT_AVAILABLE,SPONSOR_FIT + SVI,1,2
coop,381191.0,25776.0,95700.0,9120.0,E-COMMERCE/RETAIL,E-COMMERCERETAIL,2025,511787.0,4,0.7448235301013898,0.0503647025031898,0.1869918540330254,0.0178199133623949,12.8510584641831,10.157237900443238,11.468984026707243,9.11833472618016,13.145665755774097,511787.0,0.7448235301013898,0.0503647025031898,0.1869918540330254,0.0178199133623949,Milan,29000000.0,7920765.0,18200000.0,2190000.0,2025,57310765.0,4,0.5060131373224559,0.138207280953238,0.317566865492024,0.038212716232282,17.182806422433504,15.884998476285524,16.716932206992077,14.599412558413585,17.863999052343328,WORKBOOK,,93.86203972076186,76.1189607221066,Serie A,Italy,48.15,22,96.56,-81.99956062385442,18.00043937614558,36.26878184590585,1,coop | E-COMMERCE/RETAIL,24,76.04166666666666,78.125,PRIORITY,ROI_AVAILABLE,SPONSOR_FIT + SVI + ROI_PROXY,1,3
corona,14000000.0,46076.0,908000.0,13200.0,BIRRA,BIRRA,2025,14967276.0,4,0.9353739451320334,0.0030784492782788,0.0606656815842775,0.0008819240054102,16.454567959008102,10.738069189083738,13.719000758904407,9.48804786328076,16.521376842722933,14967276.0,0.9353739451320334,0.0030784492782788,0.0606656815842775,0.0008819240054102,Inter,35000000.0,2886796.0,14300000.0,4010000.0,2025,56196796.0,4,0.6228113076055083,0.0513694054728671,0.2544629056788219,0.0713563812428025,17.370858648025116,14.875658140966744,16.475770165160203,15.20430204865928,17.8443703203572,WORKBOOK,,94.0600367144772,68.74373624734748,Serie A,Italy,54.34,15,107.45,,,,0,corona | BIRRA,11,89.58333333333334,85.41666666666666,PRIORITY,ROI_NOT_AVAILABLE,SPONSOR_FIT + SVI,1,1
corona,14000000.0,46076.0,908000.0,13200.0,BIRRA,BIRRA,2025,14967276.0,4,0.9353739451320334,0.0030784492782788,0.0606656815842775,0.0008819240054102,16.454567959008102,10.738069189083738,13.719000758904407,9.48804786328076,16.521376842722933,14967276.0,0.9353739451320334,0.0030784492782788,0.0606656815842775,0.0008819240054102,Tottenham Hotspur,37000000.0,8700983.0,17400000.0,4900000.0,2025,68000983.0,4,0.5441097814718355,0.1279537826681123,0.2558786539894577,0.0720577818705944,17.426428497635523,15.978946680677376,16.67198082165602,15.404745967162468,18.03503273362392,WORKBOOK,,90.47877367349813,60.87358363398021,Premier League,England,75.82,6,145.22,,,,0,corona | BIRRA,17,83.33333333333334,94.79166666666666,PRIORITY,ROI_NOT_AVAILABLE,SPONSOR_FIT + SVI,1,2
corona,14000000.0,46076.0,908000.0,13200.0,BIRRA,BIRRA,2025,14967276.0,4,0.9353739451320334,0.0030784492782788,0.0606656815842775,0.0008819240054102,16.454567959008102,10.738069189083738,13.719000758904407,9.48804786328076,16.521376842722933,14967276.0,0.9353739451320334,0.0030784492782788,0.0606656815842775,0.0008819240054102,Brest,900485.0,156703.0,395000.0,32000.0,2025,1484188.0,4,0.6067189601317353,0.10558163790571,0.2661387910426442,0.0215606109199104,13.710689896558916,11.962113954502044,12.886643575525625,10.373522431293592,14.210379053090625,WORKBOOK,,92.81987684200116,67.13450149997018,Ligue 1,France,28.92,46,62.75,,,,0,corona | BIRRA,13,87.5,53.125,STRONG_FIT,ROI_NOT_AVAILABLE,SPONSOR_FIT + SVI,2,3
crypto.com,694058.0,506351.0,1200000.0,105000.0,CRIPTOVALUTE,CRIPTOVALUTE,2025,2505409.0,4,0.2770238312387318,0.2021031296686489,0.4789637141081556,0.0419093249844636,13.450312250284645,13.1349873585897,13.997832948091215,11.561725152903833,14.733962951762884,2505409.0,0.2770238312387318,0.2021031296686489,0.4789637141081556,0.0419093249844636,SC Freiburg,393528.0,275132.0,619000.0,24300.0,2025,1311960.0,4,0.299954266898381,0.2097106619104241,0.4718131650355194,0.0185219061556754,12.88291004170983,12.525009896097972,13.335862167174314,10.098272780745283,14.0870335224346,WORKBOOK,,99.83918778106772,96.94620320985756,Bundesliga,Germany,45.12,25,91.23,,,,0,crypto.com | CRIPTOVALUTE,2,98.95833333333334,75.0,PRIORITY,ROI_NOT_AVAILABLE,SPONSOR_FIT + SVI,1,1
crypto.com,694058.0,506351.0,1200000.0,105000.0,CRIPTOVALUTE,CRIPTOVALUTE,2025,2505409.0,4,0.2770238312387318,0.2021031296686489,0.4789637141081556,0.0419093249844636,13.450312250284645,13.1349873585897,13.997832948091215,11.561725152903833,14.733962951762884,2505409.0,0.2770238312387318,0.2021031296686489,0.4789637141081556,0.0419093249844636,Real Madrid,132000000.0,48892183.0,180000000.0,19000000.0,2025,379892183.0,4,0.3474670075009151,0.1287001554333114,0.4738186465921569,0.0500141904736165,18.6983124881264,17.705128105269083,19.00846741441004,16.759949589762293,19.75539804411099,WORKBOOK,,98.55898207579062,92.1451958248664,La Liga,Spain,100.0,1,187.75,,,,0,crypto.com | CRIPTOVALUTE,8,92.70833333333334,100.0,PRIORITY,ROI_NOT_AVAILABLE,SPONSOR_FIT + SVI,1,2
crypto.com,694058.0,506351.0,1200000.0,105000.0,CRIPTOVALUTE,CRIPTOVALUTE,2025,2505409.0,4,0.2770238312387318,0.2021031296686489,0.4789637141081556,0.0419093249844636,13.450312250284645,13.1349873585897,13.997832948091215,11.561725152903833,14.733962951762884,2505409.0,0.2770238312387318,0.2021031296686489,0.4789637141081556,0.0419093249844636,Barcelona,123000000.0,46132210.0,146000000.0,25100000.0,2025,340232210.0,4,0.3615177998579264,0.1355903663559661,0.4291186892622541,0.0737731445238532,18.627694921466773,17.64702198414912,18.79911718652193,17.038378443942648,19.64513891598361,WORKBOOK,,97.81927664308353,88.36422118414158,La Liga,Spain,91.92,2,173.54,-59.50436463636013,40.49563536363987,96.398821883193,1,crypto.com | CRIPTOVALUTE,11,89.58333333333334,98.95833333333334,PRIORITY,ROI_RELATIVELY_STRONG,SPONSOR_FIT + SVI + ROI_PROXY,1,3
dhl,1700000.0,101140.0,271000.0,126000.0,LOGISTICA,LOGISTICA,2025,2198140.0,4,0.7733811313201161,0.0460116280127744,0.1232860509339714,0.057321189733138,14.346139397261563,11.524270861870049,12.509877789891933,11.744045122410055,14.6031225611148,2198140.0,0.7733811313201161,0.0460116280127744,0.1232860509339714,0.057321189733138,Inter,35000000.0,2886796.0,14300000.0,4010000.0,2025,56196796.0,4,0.6228113076055083,0.0513694054728671,0.2544629056788219,0.0713563812428025,17.370858648025116,14.875658140966744,16.475770165160203,15.20430204865928,17.8443703203572,WORKBOOK,,97.33716744214912,84.94301762853922,Serie A,Italy,54.34,15,107.45,,,,0,dhl | LOGISTICA,10,90.625,85.41666666666666,PRIORITY,ROI_NOT_AVAILABLE,SPONSOR_FIT + SVI,1,1
dhl,1700000.0,101140.0,271000.0,126000.0,LOGISTICA,LOGISTICA,2025,2198140.0,4,0.7733811313201161,0.0460116280127744,0.1232860509339714,0.057321189733138,14.346139397261563,11.524270861870049,12.509877789891933,11.744045122410055,14.6031225611148,2198140.0,0.7733811313201161,0.0460116280127744,0.1232860509339714,0.057321189733138,Tottenham Hotspur,37000000.0,8700983.0,17400000.0,4900000.0,2025,68000983.0,4,0.5441097814718355,0.1279537826681123,0.2558786539894577,0.0720577818705944,17.426428497635523,15.978946680677376,16.67198082165602,15.404745967162468,18.03503273362392,WORKBOOK,,94.97038175782755,77.07286501517194,Premier League,England,75.82,6,145.22,,,,0,dhl | LOGISTICA,17,83.33333333333334,94.79166666666666,PRIORITY,ROI_NOT_AVAILABLE,SPONSOR_FIT + SVI,1,2
dhl,1700000.0,101140.0,271000.0,126000.0,LOGISTICA,LOGISTICA,2025,2198140.0,4,0.7733811313201161,0.0460116280127744,0.1232860509339714,0.057321189733138,14.346139397261563,11.524270861870049,12.509877789891933,11.744045122410055,14.6031225611148,2198140.0,0.7733811313201161,0.0460116280127744,0.1232860509339714,0.057321189733138,Athletic Bilbao,4300000.0,984531.0,1600000.0,746000.0,2025,7630531.0,4,0.5635256576508241,0.1290252277331682,0.2096839656375159,0.0977651489784918,15.274125813221904,13.79992168034212,14.285514812209817,13.522482219667571,15.847668125600624,WORKBOOK,,96.61429289608976,79.0144526330708,La Liga,Spain,31.48,41,67.25,,,,0,dhl | LOGISTICA,14,86.45833333333334,58.333333333333336,STRONG_FIT,ROI_NOT_AVAILABLE,SPONSOR_FIT + SVI,2,3
dolce e gabbana,12000000.0,4805873.0,30500000.0,647000.0,MODA,MODA,2025,47952873.0,4,0.2502456943507847,0.1002207521538907,0.6360411398082446,0.0134924136870798,16.300417291085605,15.38534947770641,17.233237274364523,13.380103119076898,17.685729294932372,47952873.0,0.2502456943507847,0.1002207521538907,0.6360411398082446,0.0134924136870798,RB Leipzig,1400000.0,278845.0,2200000.0,225000.0,2025,4103845.0,4,0.3411434886064167,0.067947254343183,0.5360826249529405,0.0548266320974598,14.151983508870948,12.538414937085085,14.603968372873895,12.323860125621126,15.227435140762214,WORKBOOK,,97.90716015401672,86.7767987333988,Bundesliga,Germany,49.99,19,99.8,,,,0,dolce e gabbana | MODA,4,96.875,81.25,PRIORITY,ROI_NOT_AVAILABLE,SPONSOR_FIT + SVI,1,1
dolce e gabbana,12000000.0,4805873.0,30500000.0,647000.0,MODA,MODA,2025,47952873.0,4,0.2502456943507847,0.1002207521538907,0.6360411398082446,0.0134924136870798,16.300417291085605,15.38534947770641,17.233237274364523,13.380103119076898,17.685729294932372,47952873.0,0.2502456943507847,0.1002207521538907,0.6360411398082446,0.0134924136870798,Bayer Leverkusen,3000000.0,482000.0,4600000.0,500000.0,2025,8582000.0,4,0.3495688650664181,0.0561640643206711,0.536005593101841,0.0582614775110696,14.914123179965662,13.085701467719382,15.341567078850604,13.122365377402328,,MANUAL_ESTIMATE_2025,"Manual 2025 approximation from public social-media sources; Facebook=3.0m, X=482k, Instagram=4.6m, YouTube=500k.",97.564476817401,85.59077654603769,Bundesliga,Germany,52.23,17,103.75,,,,0,dolce e gabbana | MODA,6,94.79166666666666,83.33333333333334,PRIORITY,ROI_NOT_AVAILABLE,SPONSOR_FIT + SVI,1,2
dolce e gabbana,12000000.0,4805873.0,30500000.0,647000.0,MODA,MODA,2025,47952873.0,4,0.2502456943507847,0.1002207521538907,0.6360411398082446,0.0134924136870798,16.300417291085605,15.38534947770641,17.233237274364523,13.380103119076898,17.685729294932372,47952873.0,0.2502456943507847,0.1002207521538907,0.6360411398082446,0.0134924136870798,Real Madrid,132000000.0,48892183.0,180000000.0,19000000.0,2025,379892183.0,4,0.3474670075009151,0.1287001554333114,0.4738186465921569,0.0500141904736165,18.6983124881264,17.705128105269083,19.00846741441004,16.759949589762293,19.75539804411099,WORKBOOK,,96.3695453324485,83.77775067839123,La Liga,Spain,100.0,1,187.75,,,,0,dolce e gabbana | MODA,8,92.70833333333334,100.0,PRIORITY,ROI_NOT_AVAILABLE,SPONSOR_FIT + SVI,1,3
enel,1000000.0,26271.0,75300.0,23900.0,ENERGIA,ENERGIA,2025,1125471.0,4,0.888516896481562,0.0233422273874671,0.0669053223050616,0.0212355538259093,13.815511557963774,10.176259012252157,11.229248693912288,10.081675578048475,13.93371306118739,1125471.0,0.888516896481562,0.0233422273874671,0.0669053223050616,0.0212355538259093,Inter,35000000.0,2886796.0,14300000.0,4010000.0,2025,56196796.0,4,0.6228113076055083,0.0513694054728671,0.2544629056788219,0.0713563812428025,17.370858648025116,14.875658140966744,16.475770165160203,15.20430204865928,17.8443703203572,WORKBOOK,,94.73749144344596,73.42944111239464,Serie A,Italy,54.34,15,107.45,,,,0,enel | ENERGIA,11,89.58333333333334,85.41666666666666,PRIORITY,ROI_NOT_AVAILABLE,SPONSOR_FIT + SVI,1,1
enel,1000000.0,26271.0,75300.0,23900.0,ENERGIA,ENERGIA,2025,1125471.0,4,0.888516896481562,0.0233422273874671,0.0669053223050616,0.0212355538259093,13.815511557963774,10.176259012252157,11.229248693912288,10.081675578048475,13.93371306118739,1125471.0,0.888516896481562,0.0233422273874671,0.0669053223050616,0.0212355538259093,Tottenham Hotspur,37000000.0,8700983.0,17400000.0,4900000.0,2025,68000983.0,4,0.5441097814718355,0.1279537826681123,0.2558786539894577,0.0720577818705944,17.426428497635523,15.978946680677376,16.67198082165602,15.404745967162468,18.03503273362392,WORKBOOK,,91.5267861719259,65.55928849902736,Premier League,England,75.82,6,145.22,,,,0,enel | ENERGIA,17,83.33333333333334,94.79166666666666,PRIORITY,ROI_NOT_AVAILABLE,SPONSOR_FIT + SVI,1,2
enel,1000000.0,26271.0,75300.0,23900.0,ENERGIA,ENERGIA,2025,1125471.0,4,0.888516896481562,0.0233422273874671,0.0669053223050616,0.0212355538259093,13.815511557963774,10.176259012252157,11.229248693912288,10.081675578048475,13.93371306118739,1125471.0,0.888516896481562,0.0233422273874671,0.0669053223050616,0.0212355538259093,Athletic Bilbao,4300000.0,984531.0,1600000.0,746000.0,2025,7630531.0,4,0.5635256576508241,0.1290252277331682,0.2096839656375159,0.0977651489784918,15.274125813221904,13.79992168034212,14.285514812209817,13.522482219667571,15.847668125600624,WORKBOOK,,93.63094747923904,67.50087611692621,La Liga,Spain,31.48,41,67.25,,,,0,enel | ENERGIA,14,86.45833333333334,58.333333333333336,STRONG_FIT,ROI_NOT_AVAILABLE,SPONSOR_FIT + SVI,2,3
eni,321598.0,65401.0,59700.0,25400.0,CARBURANTI,CARBURANTI,2025,472099.0,4,0.6812088142529427,0.1385323840974033,0.1264565271267255,0.0538022745229284,12.681060706829378,11.088308118017457,10.997104049659168,10.142543822310389,13.06494610653438,472099.0,0.6812088142529427,0.1385323840974033,0.1264565271267255,0.0538022745229284,Inter,35000000.0,2886796.0,14300000.0,4010000.0,2025,56196796.0,4,0.6228113076055083,0.0513694054728671,0.2544629056788219,0.0713563812428025,17.370858648025116,14.875658140966744,16.475770165160203,15.20430204865928,17.8443703203572,WORKBOOK,,97.21340859236945,85.44395147280295,Serie A,Italy,54.34,15,107.45,,,,0,eni | CARBURANTI,15,85.41666666666666,85.41666666666666,PRIORITY,ROI_NOT_AVAILABLE,SPONSOR_FIT + SVI,1,1
eni,321598.0,65401.0,59700.0,25400.0,CARBURANTI,CARBURANTI,2025,472099.0,4,0.6812088142529427,0.1385323840974033,0.1264565271267255,0.0538022745229284,12.681060706829378,11.088308118017457,10.997104049659168,10.142543822310389,13.06494610653438,472099.0,0.6812088142529427,0.1385323840974033,0.1264565271267255,0.0538022745229284,Tottenham Hotspur,37000000.0,8700983.0,17400000.0,4900000.0,2025,68000983.0,4,0.5441097814718355,0.1279537826681123,0.2558786539894577,0.0720577818705944,17.426428497635523,15.978946680677376,16.67198082165602,15.404745967162468,18.03503273362392,WORKBOOK,,96.81336748030618,85.23223657896018,Premier League,England,75.82,6,145.22,,,,0,eni | CARBURANTI,17,83.33333333333334,94.79166666666666,PRIORITY,ROI_NOT_AVAILABLE,SPONSOR_FIT + SVI,1,2
eni,321598.0,65401.0,59700.0,25400.0,CARBURANTI,CARBURANTI,2025,472099.0,4,0.6812088142529427,0.1385323840974033,0.1264565271267255,0.0538022745229284,12.681060706829378,11.088308118017457,10.997104049659168,10.142543822310389,13.06494610653438,472099.0,0.6812088142529427,0.1385323840974033,0.1264565271267255,0.0538022745229284,SV Werder Bremen,1100000.0,476903.0,582000.0,167000.0,2025,2325903.0,4,0.4729345978744599,0.205039935027385,0.2502253963299415,0.0718000707682134,13.910821646859096,13.07507049175376,13.274227444925158,12.025755079404917,14.659619338638072,WORKBOOK,,94.34893775421276,79.17257836215173,Bundesliga,Germany,46.73,23,94.08,,,,0,eni | CARBURANTI,22,78.125,77.08333333333334,PRIORITY,ROI_NOT_AVAILABLE,SPONSOR_FIT + SVI,1,3
eni,321588.0,65400.0,59600.0,25400.0,ENERGIA,ENERGIA,2025,471988.0,4,0.6813478308770562,0.1385628448180886,0.1262743968066984,0.0538149274981567,12.68102961172188,11.088292827848267,10.995427631436174,10.142543822310389,13.06471095921138,471988.0,0.6813478308770562,0.1385628448180886,0.1262743968066984,0.0538149274981567,Inter,35000000.0,2886796.0,14300000.0,4010000.0,2025,56196796.0,4,0.6228113076055083,0.0513694054728671,0.2544629056788219,0.0713563812428025,17.370858648025116,14.875658140966744,16.475770165160203,15.20430204865928,17.8443703203572,WORKBOOK,,97.20746322878094,85.42700373832307,Serie A,Italy,54.34,15,107.45,,,,0,eni | ENERGIA,15,85.41666666666666,85.41666666666666,PRIORITY,ROI_NOT_AVAILABLE,SPONSOR_FIT + SVI,1,1
eni,321588.0,65400.0,59600.0,25400.0,ENERGIA,ENERGIA,2025,471988.0,4,0.6813478308770562,0.1385628448180886,0.1262743968066984,0.0538149274981567,12.68102961172188,11.088292827848267,10.995427631436174,10.142543822310389,13.06471095921138,471988.0,0.6813478308770562,0.1385628448180886,0.1262743968066984,0.0538149274981567,Tottenham Hotspur,37000000.0,8700983.0,17400000.0,4900000.0,2025,68000983.0,4,0.5441097814718355,0.1279537826681123,0.2558786539894577,0.0720577818705944,17.426428497635523,15.978946680677376,16.67198082165602,15.404745967162468,18.03503273362392,WORKBOOK,,96.80631861607876,85.21528884448031,Premier League,England,75.82,6,145.22,,,,0,eni | ENERGIA,17,83.33333333333334,94.79166666666666,PRIORITY,ROI_NOT_AVAILABLE,SPONSOR_FIT + SVI,1,2
eni,321588.0,65400.0,59600.0,25400.0,ENERGIA,ENERGIA,2025,471988.0,4,0.6813478308770562,0.1385628448180886,0.1262743968066984,0.0538149274981567,12.68102961172188,11.088292827848267,10.995427631436174,10.142543822310389,13.06471095921138,471988.0,0.6813478308770562,0.1385628448180886,0.1262743968066984,0.0538149274981567,SV Werder Bremen,1100000.0,476903.0,582000.0,167000.0,2025,2325903.0,4,0.4729345978744599,0.205039935027385,0.2502253963299415,0.0718000707682134,13.910821646859096,13.07507049175376,13.274227444925158,12.025755079404917,14.659619338638072,WORKBOOK,,94.34122573763896,79.15867669974037,Bundesliga,Germany,46.73,23,94.08,,,,0,eni | ENERGIA,22,78.125,77.08333333333334,PRIORITY,ROI_NOT_AVAILABLE,SPONSOR_FIT + SVI,1,3
etihad,5000000.0,814281.0,2600000.0,343000.0,AVIAZIONE,AVIAZIONE,2025,8757281.0,4,0.5709534728873037,0.0929833129712293,0.2968958059013979,0.039167408240069,15.424948670398354,13.610062022335551,14.77102238760702,12.745488641595722,15.985396140795045,8757281.0,0.5709534728873037,0.0929833129712293,0.2968958059013979,0.039167408240069,Tottenham Hotspur,37000000.0,8700983.0,17400000.0,4900000.0,2025,68000983.0,4,0.5441097814718355,0.1279537826681123,0.2558786539894577,0.0720577818705944,17.426428497635523,15.978946680677376,16.67198082165602,15.404745967162468,18.03503273362392,WORKBOOK,,99.54675465602487,93.21391566725916,Premier League,England,75.82,6,145.22,,,,0,etihad | AVIAZIONE,4,96.875,94.79166666666666,PRIORITY,ROI_NOT_AVAILABLE,SPONSOR_FIT + SVI,1,1
etihad,5000000.0,814281.0,2600000.0,343000.0,AVIAZIONE,AVIAZIONE,2025,8757281.0,4,0.5709534728873037,0.0929833129712293,0.2968958059013979,0.039167408240069,15.424948670398354,13.610062022335551,14.77102238760702,12.745488641595722,15.985396140795045,8757281.0,0.5709534728873037,0.0929833129712293,0.2968958059013979,0.039167408240069,Milan,29000000.0,7920765.0,18200000.0,2190000.0,2025,57310765.0,4,0.5060131373224559,0.138207280953238,0.317566865492024,0.038212716232282,17.182806422433504,15.884998476285524,16.716932206992077,14.599412558413585,17.863999052343328,WORKBOOK,,99.33528882080466,93.41049724273653,Serie A,Italy,48.15,22,96.56,-81.99956062385442,18.00043937614558,36.26878184590585,1,etihad | AVIAZIONE,5,95.83333333333334,78.125,PRIORITY,ROI_AVAILABLE,SPONSOR_FIT + SVI + ROI_PROXY,1,2
etihad,5000000.0,814281.0,2600000.0,343000.0,AVIAZIONE,AVIAZIONE,2025,8757281.0,4,0.5709534728873037,0.0929833129712293,0.2968958059013979,0.039167408240069,15.424948670398354,13.610062022335551,14.77102238760702,12.745488641595722,15.985396140795045,8757281.0,0.5709534728873037,0.0929833129712293,0.2968958059013979,0.039167408240069,Inter,35000000.0,2886796.0,14300000.0,4010000.0,2025,56196796.0,4,0.6228113076055083,0.0513694054728671,0.2544629056788219,0.0713563812428025,17.370858648025116,14.875658140966744,16.475770165160203,15.20430204865928,17.8443703203572,WORKBOOK,,99.26213606842693,91.5953192279062,Serie A,Italy,54.34,15,107.45,,,,0,etihad | AVIAZIONE,7,93.75,85.41666666666666,PRIORITY,ROI_NOT_AVAILABLE,SPONSOR_FIT + SVI,1,3
fastweb,430166.0,27904.0,29400.0,24900.0,COMPAGNIE TELEFONICHE,COMPAGNIE TELEFONICHE ,2025,512370.0,4,0.8395612545621328,0.0544606436754689,0.0573804086890333,0.0485976930733649,12.971928784365849,10.236561163222534,10.288783966353764,10.122663242288953,13.146804250994023,512370.0,0.8395612545621328,0.0544606436754689,0.0573804086890333,0.0485976930733649,Inter,35000000.0,2886796.0,14300000.0,4010000.0,2025,56196796.0,4,0.6228113076055083,0.0513694054728671,0.2544629056788219,0.0713563812428025,17.370858648025116,14.875658140966744,16.475770165160203,15.20430204865928,17.8443703203572,WORKBOOK,,94.87568542636144,78.01588148407738,Serie A,Italy,54.34,15,107.45,,,,0,fastweb | COMPAGNIE TELEFONICHE,11,89.58333333333334,85.41666666666666,PRIORITY,ROI_NOT_AVAILABLE,SPONSOR_FIT + SVI,1,1
fastweb,430166.0,27904.0,29400.0,24900.0,COMPAGNIE TELEFONICHE,COMPAGNIE TELEFONICHE ,2025,512370.0,4,0.8395612545621328,0.0544606436754689,0.0573804086890333,0.0485976930733649,12.971928784365849,10.236561163222534,10.288783966353764,10.122663242288953,13.146804250994023,512370.0,0.8395612545621328,0.0544606436754689,0.0573804086890333,0.0485976930733649,Tottenham Hotspur,37000000.0,8700983.0,17400000.0,4900000.0,2025,68000983.0,4,0.5441097814718355,0.1279537826681123,0.2558786539894577,0.0720577818705944,17.426428497635523,15.978946680677376,16.67198082165602,15.404745967162468,18.03503273362392,WORKBOOK,,92.18751159960011,70.45485269097027,Premier League,England,75.82,6,145.22,,,,0,fastweb | COMPAGNIE TELEFONICHE,18,82.29166666666666,94.79166666666666,PRIORITY,ROI_NOT_AVAILABLE,SPONSOR_FIT + SVI,1,2
fastweb,430166.0,27904.0,29400.0,24900.0,COMPAGNIE TELEFONICHE,COMPAGNIE TELEFONICHE ,2025,512370.0,4,0.8395612545621328,0.0544606436754689,0.0573804086890333,0.0485976930733649,12.971928784365849,10.236561163222534,10.288783966353764,10.122663242288953,13.146804250994023,512370.0,0.8395612545621328,0.0544606436754689,0.0573804086890333,0.0485976930733649,Athletic Bilbao,4300000.0,984531.0,1600000.0,746000.0,2025,7630531.0,4,0.5635256576508241,0.1290252277331682,0.2096839656375159,0.0977651489784918,15.274125813221904,13.79992168034212,14.285514812209817,13.522482219667571,15.847668125600624,WORKBOOK,,94.47808873006052,72.39644030886913,La Liga,Spain,31.48,41,67.25,,,,0,fastweb | COMPAGNIE TELEFONICHE,12,88.54166666666666,58.333333333333336,STRONG_FIT,ROI_NOT_AVAILABLE,SPONSOR_FIT + SVI,2,3
fedex,3100000.0,321302.0,365000.0,127000.0,LOGISTICA,LOGISTICA,2025,3913302.0,4,0.7921698861984073,0.0821050867017163,0.0932716156330382,0.0324534114668379,14.946912992035967,12.68013988212852,12.807655372286902,11.751950239425476,15.179892332388391,3913302.0,0.7921698861984073,0.0821050867017163,0.0932716156330382,0.0324534114668379,Inter,35000000.0,2886796.0,14300000.0,4010000.0,2025,56196796.0,4,0.6228113076055083,0.0513694054728671,0.2544629056788219,0.0713563812428025,17.370858648025116,14.875658140966744,16.475770165160203,15.20430204865928,17.8443703203572,WORKBOOK,,96.16663689508606,79.99057401782518,Serie A,Italy,54.34,15,107.45,,,,0,fedex | LOGISTICA,11,89.58333333333334,85.41666666666666,PRIORITY,ROI_NOT_AVAILABLE,SPONSOR_FIT + SVI,1,1
fedex,3100000.0,321302.0,365000.0,127000.0,LOGISTICA,LOGISTICA,2025,3913302.0,4,0.7921698861984073,0.0821050867017163,0.0932716156330382,0.0324534114668379,14.946912992035967,12.68013988212852,12.807655372286902,11.751950239425476,15.179892332388391,3913302.0,0.7921698861984073,0.0821050867017163,0.0932716156330382,0.0324534114668379,Tottenham Hotspur,37000000.0,8700983.0,17400000.0,4900000.0,2025,68000983.0,4,0.5441097814718355,0.1279537826681123,0.2558786539894577,0.0720577818705944,17.426428497635523,15.978946680677376,16.67198082165602,15.404745967162468,18.03503273362392,WORKBOOK,,94.16678936575342,75.19398952734282,Premier League,England,75.82,6,145.22,,,,0,fedex | LOGISTICA,17,83.33333333333334,94.79166666666666,PRIORITY,ROI_NOT_AVAILABLE,SPONSOR_FIT + SVI,1,2
fedex,3100000.0,321302.0,365000.0,127000.0,LOGISTICA,LOGISTICA,2025,3913302.0,4,0.7921698861984073,0.0821050867017163,0.0932716156330382,0.0324534114668379,14.946912992035967,12.68013988212852,12.807655372286902,11.751950239425476,15.179892332388391,3913302.0,0.7921698861984073,0.0821050867017163,0.0932716156330382,0.0324534114668379,Athletic Bilbao,4300000.0,984531.0,1600000.0,746000.0,2025,7630531.0,4,0.5635256576508241,0.1290252277331682,0.2096839656375159,0.0977651489784918,15.274125813221904,13.79992168034212,14.285514812209817,13.522482219667571,15.847668125600624,WORKBOOK,,96.00186267403588,77.13557714524167,La Liga,Spain,31.48,41,67.25,,,,0,fedex | LOGISTICA,12,88.54166666666666,58.333333333333336,STRONG_FIT,ROI_NOT_AVAILABLE,SPONSOR_FIT + SVI,2,3
generali,287247.0,11669.0,27000.0,35000.0,ASSICURAZIONI,ASSICURAZIONI,2025,360916.0,4,0.7958832526127964,0.0323316228706956,0.0748096509991244,0.0969754735173835,12.56810123311061,9.3647767252806,10.203629181337648,10.463131911491969,12.79640329398257,360916.0,0.7958832526127964,0.0323316228706956,0.0748096509991244,0.0969754735173835,Inter,35000000.0,2886796.0,14300000.0,4010000.0,2025,56196796.0,4,0.6228113076055083,0.0513694054728671,0.2544629056788219,0.0713563812428025,17.370858648025116,14.875658140966744,16.475770165160203,15.20430204865928,17.8443703203572,WORKBOOK,,95.7005742401672,80.13089627181309,Serie A,Italy,54.34,15,107.45,,,,0,generali | ASSICURAZIONI,12,88.54166666666666,85.41666666666666,PRIORITY,ROI_NOT_AVAILABLE,SPONSOR_FIT + SVI,1,1
generali,287247.0,11669.0,27000.0,35000.0,ASSICURAZIONI,ASSICURAZIONI,2025,360916.0,4,0.7958832526127964,0.0323316228706956,0.0748096509991244,0.0969754735173835,12.56810123311061,9.3647767252806,10.203629181337648,10.463131911491969,12.79640329398257,360916.0,0.7958832526127964,0.0323316228706956,0.0748096509991244,0.0969754735173835,Tottenham Hotspur,37000000.0,8700983.0,17400000.0,4900000.0,2025,68000983.0,4,0.5441097814718355,0.1279537826681123,0.2558786539894577,0.0720577818705944,17.426428497635523,15.978946680677376,16.67198082165602,15.404745967162468,18.03503273362392,WORKBOOK,,92.8842355772481,72.330883721225,Premier League,England,75.82,6,145.22,,,,0,generali | ASSICURAZIONI,18,82.29166666666666,94.79166666666666,PRIORITY,ROI_NOT_AVAILABLE,SPONSOR_FIT + SVI,1,2
generali,287247.0,11669.0,27000.0,35000.0,ASSICURAZIONI,ASSICURAZIONI,2025,360916.0,4,0.7958832526127964,0.0323316228706956,0.0748096509991244,0.0969754735173835,12.56810123311061,9.3647767252806,10.203629181337648,10.463131911491969,12.79640329398257,360916.0,0.7958832526127964,0.0323316228706956,0.0748096509991244,0.0969754735173835,Athletic Bilbao,4300000.0,984531.0,1600000.0,746000.0,2025,7630531.0,4,0.5635256576508241,0.1290252277331682,0.2096839656375159,0.0977651489784918,15.274125813221904,13.79992168034212,14.285514812209817,13.522482219667571,15.847668125600624,WORKBOOK,,95.22114146901777,76.76424050380277,La Liga,Spain,31.48,41,67.25,,,,0,generali | ASSICURAZIONI,13,87.5,58.333333333333336,STRONG_FIT,ROI_NOT_AVAILABLE,SPONSOR_FIT + SVI,2,3
google,34000000.0,31573943.0,15700000.0,13900000.0,TECNOLOGIA,TECNOLOGIA,2025,95173943.0,4,0.3572406367570586,0.3317498677132668,0.1649611175613476,0.1460483779683269,17.341871111992198,17.267842781461038,16.5691713340128,16.447399470043365,18.371216764820613,95173943.0,0.3572406367570586,0.3317498677132668,0.1649611175613476,0.1460483779683269,Leeds United,1700000.0,1064588.0,1300000.0,508000.0,2025,4572588.0,4,0.3717807071181571,0.2328195761350027,0.2843028936785907,0.1110968230682493,14.346139397261563,13.878099367148158,14.077875591662238,13.138238695062618,15.335590123245812,WORKBOOK,,95.54711862656742,86.61181535216583,Premier League,England,59.11,10,115.84,,,,0,google | TECNOLOGIA,4,96.875,90.625,PRIORITY,ROI_NOT_AVAILABLE,SPONSOR_FIT + SVI,1,1
google,34000000.0,31573943.0,15700000.0,13900000.0,TECNOLOGIA,TECNOLOGIA,2025,95173943.0,4,0.3572406367570586,0.3317498677132668,0.1649611175613476,0.1460483779683269,17.341871111992198,17.267842781461038,16.5691713340128,16.447399470043365,18.371216764820613,95173943.0,0.3572406367570586,0.3317498677132668,0.1649611175613476,0.1460483779683269,FC Köln,821503.0,573780.0,664000.0,122000.0,2025,2181283.0,4,0.3766145887534997,0.2630470232427429,0.3044080020795101,0.0559303859242473,13.61889208558942,13.260003069398389,13.406038934481533,11.711784520403112,14.595424252203944,WORKBOOK,,94.54955858700198,84.11791634853965,Bundesliga,Germany,49.39,20,98.76,,,,0,google | TECNOLOGIA,11,89.58333333333334,80.20833333333334,PRIORITY,ROI_NOT_AVAILABLE,SPONSOR_FIT + SVI,1,2
google,34000000.0,31573943.0,15700000.0,13900000.0,TECNOLOGIA,TECNOLOGIA,2025,95173943.0,4,0.3572406367570586,0.3317498677132668,0.1649611175613476,0.1460483779683269,17.341871111992198,17.267842781461038,16.5691713340128,16.447399470043365,18.371216764820613,95173943.0,0.3572406367570586,0.3317498677132668,0.1649611175613476,0.1460483779683269,SV Werder Bremen,1100000.0,476903.0,582000.0,167000.0,2025,2325903.0,4,0.4729345978744599,0.205039935027385,0.2502253963299415,0.0718000707682134,13.910821646859096,13.07507049175376,13.274227444925158,12.025755079404917,14.659619338638072,WORKBOOK,,93.45858886136232,79.90417601140048,Bundesliga,Germany,46.73,23,94.08,,,,0,google | TECNOLOGIA,13,87.5,77.08333333333334,PRIORITY,ROI_NOT_AVAILABLE,SPONSOR_FIT + SVI,1,3
guinness,6000000.0,68435.0,448000.0,64900.0,BIRRA,BIRRA,2025,6581335.0,4,0.9116691370367866,0.0103983462321854,0.0680712955654134,0.0098612211656145,15.607270193858982,11.13365428094454,13.012550743537489,11.080618310893968,15.699748322205446,6581335.0,0.9116691370367866,0.0103983462321854,0.0680712955654134,0.0098612211656145,Inter,35000000.0,2886796.0,14300000.0,4010000.0,2025,56196796.0,4,0.6228113076055083,0.0513694054728671,0.2544629056788219,0.0713563812428025,17.370858648025116,14.875658140966744,16.475770165160203,15.20430204865928,17.8443703203572,WORKBOOK,,94.51662357608124,71.11421705687218,Serie A,Italy,54.34,15,107.45,,,,0,guinness | BIRRA,11,89.58333333333334,85.41666666666666,PRIORITY,ROI_NOT_AVAILABLE,SPONSOR_FIT + SVI,1,1
guinness,6000000.0,68435.0,448000.0,64900.0,BIRRA,BIRRA,2025,6581335.0,4,0.9116691370367866,0.0103983462321854,0.0680712955654134,0.0098612211656145,15.607270193858982,11.13365428094454,13.012550743537489,11.080618310893968,15.699748322205446,6581335.0,0.9116691370367866,0.0103983462321854,0.0680712955654134,0.0098612211656145,Tottenham Hotspur,37000000.0,8700983.0,17400000.0,4900000.0,2025,68000983.0,4,0.5441097814718355,0.1279537826681123,0.2558786539894577,0.0720577818705944,17.426428497635523,15.978946680677376,16.67198082165602,15.404745967162468,18.03503273362392,WORKBOOK,,91.09284547008566,63.2440644435049,Premier League,England,75.82,6,145.22,,,,0,guinness | BIRRA,17,83.33333333333334,94.79166666666666,PRIORITY,ROI_NOT_AVAILABLE,SPONSOR_FIT + SVI,1,2
guinness,6000000.0,68435.0,448000.0,64900.0,BIRRA,BIRRA,2025,6581335.0,4,0.9116691370367866,0.0103983462321854,0.0680712955654134,0.0098612211656145,15.607270193858982,11.13365428094454,13.012550743537489,11.080618310893968,15.699748322205446,6581335.0,0.9116691370367866,0.0103983462321854,0.0680712955654134,0.0098612211656145,Brest,900485.0,156703.0,395000.0,32000.0,2025,1484188.0,4,0.6067189601317353,0.10558163790571,0.2661387910426442,0.0215606109199104,13.710689896558916,11.962113954502044,12.886643575525625,10.373522431293592,14.210379053090625,WORKBOOK,,93.29254388997164,69.50498230949486,Ligue 1,France,28.92,46,62.75,,,,0,guinness | BIRRA,14,86.45833333333334,53.125,STRONG_FIT,ROI_NOT_AVAILABLE,SPONSOR_FIT + SVI,2,3
hera,6439.0,7110.0,13300.0,11300.0,ENERGIA,ENERGIA,2025,38149.0,4,0.1687855513906,0.186374479016488,0.3486329916904768,0.2962069779024351,8.770283819098399,8.869398159883518,9.495594499353295,9.332646496360152,10.549281036712603,38149.0,0.1687855513906,0.186374479016488,0.3486329916904768,0.2962069779024351,Leeds United,1700000.0,1064588.0,1300000.0,508000.0,2025,4572588.0,4,0.3717807071181571,0.2328195761350027,0.2843028936785907,0.1110968230682493,14.346139397261563,13.878099367148158,14.077875591662238,13.138238695062618,15.335590123245812,WORKBOOK,,85.37239385859388,75.05597471539281,Premier League,England,59.11,10,115.84,,,,0,hera | ENERGIA,8,92.70833333333334,90.625,PRIORITY,ROI_NOT_AVAILABLE,SPONSOR_FIT + SVI,1,1
hera,6439.0,7110.0,13300.0,11300.0,ENERGIA,ENERGIA,2025,38149.0,4,0.1687855513906,0.186374479016488,0.3486329916904768,0.2962069779024351,8.770283819098399,8.869398159883518,9.495594499353295,9.332646496360152,10.549281036712603,38149.0,0.1687855513906,0.186374479016488,0.3486329916904768,0.2962069779024351,Juventus,46000000.0,9430488.0,60000000.0,12900000.0,2025,128330488.0,4,0.3584495057791723,0.0734859513664438,0.4675428336250073,0.1005217092293765,17.6441519761925,16.059458509044603,17.909855136853043,16.372737946851277,18.670119439701967,WORKBOOK,,84.93213116502439,69.14262036768972,Serie A,Italy,58.68,12,115.08,-65.58713963636363,34.41286036363637,80.13946124053157,1,hera | ENERGIA,12,88.54166666666666,88.54166666666666,PRIORITY,ROI_RELATIVELY_STRONG,SPONSOR_FIT + SVI + ROI_PROXY,1,2
hera,6439.0,7110.0,13300.0,11300.0,ENERGIA,ENERGIA,2025,38149.0,4,0.1687855513906,0.186374479016488,0.3486329916904768,0.2962069779024351,8.770283819098399,8.869398159883518,9.495594499353295,9.332646496360152,10.549281036712603,38149.0,0.1687855513906,0.186374479016488,0.3486329916904768,0.2962069779024351,Barcelona,123000000.0,46132210.0,146000000.0,25100000.0,2025,340232210.0,4,0.3615177998579264,0.1355903663559661,0.4291186892622541,0.0737731445238532,18.627694921466773,17.64702198414912,18.79911718652193,17.038378443942648,19.64513891598361,WORKBOOK,,84.8434709051244,72.67820539608962,La Liga,Spain,91.92,2,173.54,-59.50436463636013,40.49563536363987,96.398821883193,1,hera | ENERGIA,13,87.5,98.95833333333334,PRIORITY,ROI_RELATIVELY_STRONG,SPONSOR_FIT + SVI + ROI_PROXY,1,3
honda,5600000.0,1160996.0,6100000.0,664000.0,AUTO,AUTO,2025,13524996.0,4,0.4140481816038984,0.0858407647588213,0.4510167692471036,0.0490942843901765,15.53827733427679,13.964789676697364,15.623799493077952,13.406038934481533,16.420050160885335,13524996.0,0.4140481816038984,0.0858407647588213,0.4510167692471036,0.0490942843901765,PSG,54000000.0,14613125.0,65700000.0,9930000.0,2025,144243125.0,4,0.374367929147403,0.101308987863373,0.4554809804626737,0.0688421025265502,17.804494623047066,16.49743072387907,18.00060949867554,16.111071136726284,18.787010808837476,WORKBOOK,,99.74570902170976,96.03197475435046,Ligue 1,France,87.38,4,165.55,-85.78582743410401,14.214172565895996,26.148026506911407,1,honda | AUTO,2,98.95833333333334,96.875,PRIORITY,ROI_AVAILABLE,SPONSOR_FIT + SVI + ROI_PROXY,1,1
honda,5600000.0,1160996.0,6100000.0,664000.0,AUTO,AUTO,2025,13524996.0,4,0.4140481816038984,0.0858407647588213,0.4510167692471036,0.0490942843901765,15.53827733427679,13.964789676697364,15.623799493077952,13.406038934481533,16.420050160885335,13524996.0,0.4140481816038984,0.0858407647588213,0.4510167692471036,0.0490942843901765,Borussia Dortmund,16000000.0,4062923.0,20800000.0,1570000.0,2025,42432923.0,4,0.3770657043824202,0.0957493076779085,0.4901854156971463,0.0369995722425249,16.588099342704055,15.21741346940481,16.85046359274847,14.266586814266963,17.563435128308676,WORKBOOK,,99.60115628349688,95.09228106308704,Bundesliga,Germany,68.72,8,132.75,-92.09067523851078,7.909324761489218,9.295061495237812,1,honda | AUTO,3,97.91666666666666,92.70833333333334,PRIORITY,ROI_AVAILABLE,SPONSOR_FIT + SVI + ROI_PROXY,1,2
honda,5600000.0,1160996.0,6100000.0,664000.0,AUTO,AUTO,2025,13524996.0,4,0.4140481816038984,0.0858407647588213,0.4510167692471036,0.0490942843901765,15.53827733427679,13.964789676697364,15.623799493077952,13.406038934481533,16.420050160885335,13524996.0,0.4140481816038984,0.0858407647588213,0.4510167692471036,0.0490942843901765,Manchester City,56000000.0,17645421.0,56300000.0,9010000.0,2025,138955421.0,4,0.4030069470985231,0.1269862008478244,0.4051659128865508,0.0648409391671016,17.840862266556567,16.68598693092907,17.846205110871907,16.013845740572307,18.749663734622136,WORKBOOK,,99.56312661787209,94.3107909134072,Premier League,England,58.36,13,114.51,,,,0,honda | AUTO,4,96.875,87.5,PRIORITY,ROI_NOT_AVAILABLE,SPONSOR_FIT + SVI,1,3
hp,4600000.0,1097129.0,1700000.0,280000.0,TECNOLOGIA,TECNOLOGIA,2025,7677129.0,4,0.5991823245382486,0.1429087618561574,0.2214369460250049,0.036471967580589,15.341567078850604,13.908208237249877,14.346139397261563,12.54254845357358,15.853756337364722,7677129.0,0.5991823245382486,0.1429087618561574,0.2214369460250049,0.036471967580589,Tottenham Hotspur,37000000.0,8700983.0,17400000.0,4900000.0,2025,68000983.0,4,0.5441097814718355,0.1279537826681123,0.2558786539894577,0.0720577818705944,17.426428497635523,15.978946680677376,16.67198082165602,15.404745967162468,18.03503273362392,WORKBOOK,,99.46203034061426,92.99724777455418,Premier League,England,75.82,6,145.22,,,,0,hp | TECNOLOGIA,4,96.875,94.79166666666666,PRIORITY,ROI_NOT_AVAILABLE,SPONSOR_FIT + SVI,1,1
hp,4600000.0,1097129.0,1700000.0,280000.0,TECNOLOGIA,TECNOLOGIA,2025,7677129.0,4,0.5991823245382486,0.1429087618561574,0.2214369460250049,0.036471967580589,15.341567078850604,13.908208237249877,14.346139397261563,12.54254845357358,15.853756337364722,7677129.0,0.5991823245382486,0.1429087618561574,0.2214369460250049,0.036471967580589,Inter,35000000.0,2886796.0,14300000.0,4010000.0,2025,56196796.0,4,0.6228113076055083,0.0513694054728671,0.2544629056788219,0.0713563812428025,17.370858648025116,14.875658140966744,16.475770165160203,15.20430204865928,17.8443703203572,WORKBOOK,,98.79499791108135,90.84606436167095,Serie A,Italy,54.34,15,107.45,,,,0,hp | TECNOLOGIA,13,87.5,85.41666666666666,PRIORITY,ROI_NOT_AVAILABLE,SPONSOR_FIT + SVI,1,2
hp,4600000.0,1097129.0,1700000.0,280000.0,TECNOLOGIA,TECNOLOGIA,2025,7677129.0,4,0.5991823245382486,0.1429087618561574,0.2214369460250049,0.036471967580589,15.341567078850604,13.908208237249877,14.346139397261563,12.54254845357358,15.853756337364722,7677129.0,0.5991823245382486,0.1429087618561574,0.2214369460250049,0.036471967580589,Milan,29000000.0,7920765.0,18200000.0,2190000.0,2025,57310765.0,4,0.5060131373224559,0.138207280953238,0.317566865492024,0.038212716232282,17.182806422433504,15.884998476285524,16.716932206992077,14.599412558413585,17.863999052343328,WORKBOOK,,97.98309065198669,90.2129331881288,Serie A,Italy,48.15,22,96.56,-81.99956062385442,18.00043937614558,36.26878184590585,1,hp | TECNOLOGIA,21,79.16666666666666,78.125,PRIORITY,ROI_AVAILABLE,SPONSOR_FIT + SVI + ROI_PROXY,1,3
hsbc,3000000.0,193849.0,76300.0,61300.0,BANCHE,BANCHE,2025,3331449.0,4,0.9005090577703576,0.0581875934465753,0.0229029470359594,0.0184004017471076,14.914123179965662,12.174839943099077,11.242441323346558,11.023551435004949,15.018918202617565,3331449.0,0.9005090577703576,0.0581875934465753,0.0229029470359594,0.0184004017471076,Inter,35000000.0,2886796.0,14300000.0,4010000.0,2025,56196796.0,4,0.6228113076055083,0.0513694054728671,0.2544629056788219,0.0713563812428025,17.370858648025116,14.875658140966744,16.475770165160203,15.20430204865928,17.8443703203572,WORKBOOK,,93.20508988865012,71.54840618614425,Serie A,Italy,54.34,15,107.45,,,,0,hsbc | BANCHE,11,89.58333333333334,85.41666666666666,PRIORITY,ROI_NOT_AVAILABLE,SPONSOR_FIT + SVI,1,1
hsbc,3000000.0,193849.0,76300.0,61300.0,BANCHE,BANCHE,2025,3331449.0,4,0.9005090577703576,0.0581875934465753,0.0229029470359594,0.0184004017471076,14.914123179965662,12.174839943099077,11.242441323346558,11.023551435004949,15.018918202617565,3331449.0,0.9005090577703576,0.0581875934465753,0.0229029470359594,0.0184004017471076,Tottenham Hotspur,37000000.0,8700983.0,17400000.0,4900000.0,2025,68000983.0,4,0.5441097814718355,0.1279537826681123,0.2558786539894577,0.0720577818705944,17.426428497635523,15.978946680677376,16.67198082165602,15.404745967162468,18.03503273362392,WORKBOOK,,90.29799850658044,64.36007237014779,Premier League,England,75.82,6,145.22,,,,0,hsbc | BANCHE,18,82.29166666666666,94.79166666666666,PRIORITY,ROI_NOT_AVAILABLE,SPONSOR_FIT + SVI,1,2
hsbc,3000000.0,193849.0,76300.0,61300.0,BANCHE,BANCHE,2025,3331449.0,4,0.9005090577703576,0.0581875934465753,0.0229029470359594,0.0184004017471076,14.914123179965662,12.174839943099077,11.242441323346558,11.023551435004949,15.018918202617565,3331449.0,0.9005090577703576,0.0581875934465753,0.0229029470359594,0.0184004017471076,Athletic Bilbao,4300000.0,984531.0,1600000.0,746000.0,2025,7630531.0,4,0.5635256576508241,0.1290252277331682,0.2096839656375159,0.0977651489784918,15.274125813221904,13.79992168034212,14.285514812209817,13.522482219667571,15.847668125600624,WORKBOOK,,92.77305091796978,66.30165998804665,La Liga,Spain,31.48,41,67.25,,,,0,hsbc | BANCHE,13,87.5,58.333333333333336,STRONG_FIT,ROI_NOT_AVAILABLE,SPONSOR_FIT + SVI,2,3
huawei,58000000.0,10220067.0,2000000.0,2160000.0,TECNOLOGIA,TECNOLOGIA,2025,72380067.0,4,0.8013255914781068,0.1412000212710496,0.0276319169475209,0.0298424703033226,17.87595358575207,16.139863796338048,14.508658238524095,14.585619242623205,18.097441515585476,72380067.0,0.8013255914781068,0.1412000212710496,0.0276319169475209,0.0298424703033226,Inter,35000000.0,2886796.0,14300000.0,4010000.0,2025,56196796.0,4,0.6228113076055083,0.0513694054728671,0.2544629056788219,0.0713563812428025,17.370858648025116,14.875658140966744,16.475770165160203,15.20430204865928,17.8443703203572,WORKBOOK,,93.25504958007984,73.1655100329219,Serie A,Italy,54.34,15,107.45,,,,0,huawei | TECNOLOGIA,13,87.5,85.41666666666666,PRIORITY,ROI_NOT_AVAILABLE,SPONSOR_FIT + SVI,1,1
huawei,58000000.0,10220067.0,2000000.0,2160000.0,TECNOLOGIA,TECNOLOGIA,2025,72380067.0,4,0.8013255914781068,0.1412000212710496,0.0276319169475209,0.0298424703033226,17.87595358575207,16.139863796338048,14.508658238524095,14.585619242623205,18.097441515585476,72380067.0,0.8013255914781068,0.1412000212710496,0.0276319169475209,0.0298424703033226,Tottenham Hotspur,37000000.0,8700983.0,17400000.0,4900000.0,2025,68000983.0,4,0.5441097814718355,0.1279537826681123,0.2558786539894577,0.0720577818705944,17.426428497635523,15.978946680677376,16.67198082165602,15.404745967162468,18.03503273362392,WORKBOOK,,91.87901031294324,72.95379513907913,Premier League,England,75.82,6,145.22,,,,0,huawei | TECNOLOGIA,18,82.29166666666666,94.79166666666666,PRIORITY,ROI_NOT_AVAILABLE,SPONSOR_FIT + SVI,1,2
huawei,58000000.0,10220067.0,2000000.0,2160000.0,TECNOLOGIA,TECNOLOGIA,2025,72380067.0,4,0.8013255914781068,0.1412000212710496,0.0276319169475209,0.0298424703033226,17.87595358575207,16.139863796338048,14.508658238524095,14.585619242623205,18.097441515585476,72380067.0,0.8013255914781068,0.1412000212710496,0.0276319169475209,0.0298424703033226,SV Werder Bremen,1100000.0,476903.0,582000.0,167000.0,2025,2325903.0,4,0.4729345978744599,0.205039935027385,0.2502253963299415,0.0718000707682134,13.910821646859096,13.07507049175376,13.274227444925158,12.025755079404917,14.659619338638072,WORKBOOK,,88.63296986190305,67.16090063963532,Bundesliga,Germany,46.73,23,94.08,,,,0,huawei | TECNOLOGIA,22,78.125,77.08333333333334,PRIORITY,ROI_NOT_AVAILABLE,SPONSOR_FIT + SVI,1,3
hublot,5000000.0,651070.0,6000000.0,49300.0,OROLOGERIA,OROLOGERIA,2025,11700370.0,4,0.4273369132771015,0.0556452488254645,0.5128042959325217,0.0042135419649122,15.424948670398354,13.386373978223803,15.607270193858982,10.805699643800724,16.27513110866696,11700370.0,0.4273369132771015,0.0556452488254645,0.5128042959325217,0.0042135419649122,Borussia Dortmund,16000000.0,4062923.0,20800000.0,1570000.0,2025,42432923.0,4,0.3770657043824202,0.0957493076779085,0.4901854156971463,0.0369995722425249,16.588099342704055,15.21741346940481,16.85046359274847,14.266586814266963,17.563435128308676,WORKBOOK,,99.53838118365944,92.71099108699433,Bundesliga,Germany,68.72,8,132.75,-92.09067523851078,7.909324761489218,9.295061495237812,1,hublot | OROLOGERIA,1,100.0,92.70833333333334,PRIORITY,ROI_AVAILABLE,SPONSOR_FIT + SVI + ROI_PROXY,1,1
hublot,5000000.0,651070.0,6000000.0,49300.0,OROLOGERIA,OROLOGERIA,2025,11700370.0,4,0.4273369132771015,0.0556452488254645,0.5128042959325217,0.0042135419649122,15.424948670398354,13.386373978223803,15.607270193858982,10.805699643800724,16.27513110866696,11700370.0,0.4273369132771015,0.0556452488254645,0.5128042959325217,0.0042135419649122,PSG,54000000.0,14613125.0,65700000.0,9930000.0,2025,144243125.0,4,0.374367929147403,0.101308987863373,0.4554809804626737,0.0688421025265502,17.804494623047066,16.49743072387907,18.00060949867554,16.111071136726284,18.787010808837476,WORKBOOK,,99.03636031296192,88.97077004004534,Ligue 1,France,87.38,4,165.55,-85.78582743410401,14.214172565895996,26.148026506911407,1,hublot | OROLOGERIA,3,97.91666666666666,96.875,PRIORITY,ROI_AVAILABLE,SPONSOR_FIT + SVI + ROI_PROXY,1,2
hublot,5000000.0,651070.0,6000000.0,49300.0,OROLOGERIA,OROLOGERIA,2025,11700370.0,4,0.4273369132771015,0.0556452488254645,0.5128042959325217,0.0042135419649122,15.424948670398354,13.386373978223803,15.607270193858982,10.805699643800724,16.27513110866696,11700370.0,0.4273369132771015,0.0556452488254645,0.5128042959325217,0.0042135419649122,Bayer Leverkusen,3000000.0,482000.0,4600000.0,500000.0,2025,8582000.0,4,0.3495688650664181,0.0561640643206711,0.536005593101841,0.0582614775110696,14.914123179965662,13.085701467719382,15.341567078850604,13.122365377402328,,MANUAL_ESTIMATE_2025,"Manual 2025 approximation from public social-media sources; Facebook=3.0m, X=482k, Instagram=4.6m, YouTube=500k.",98.97110381300726,92.22319517893166,Bundesliga,Germany,52.23,17,103.75,,,,0,hublot | OROLOGERIA,5,95.83333333333334,83.33333333333334,PRIORITY,ROI_NOT_AVAILABLE,SPONSOR_FIT + SVI,1,3
iliad,344757.0,28818.0,138000.0,19200.0,COMPAGNIE TELEFONICHE,COMPAGNIE TELEFONICHE ,2025,530775.0,4,0.6495351137487636,0.0542941924544298,0.2599971739437615,0.036173519853045,12.750598000607486,10.268790170825218,11.8350162104899,9.862717639992916,13.182095365647813,530775.0,0.6495351137487636,0.0542941924544298,0.2599971739437615,0.036173519853045,Inter,35000000.0,2886796.0,14300000.0,4010000.0,2025,56196796.0,4,0.6228113076055083,0.0513694054728671,0.2544629056788219,0.0713563812428025,17.370858648025116,14.875658140966744,16.475770165160203,15.20430204865928,17.8443703203572,WORKBOOK,,99.85241572782552,96.48171386102426,Serie A,Italy,54.34,15,107.45,,,,0,iliad | COMPAGNIE TELEFONICHE,3,97.91666666666666,85.41666666666666,PRIORITY,ROI_NOT_AVAILABLE,SPONSOR_FIT + SVI,1,1
iliad,344757.0,28818.0,138000.0,19200.0,COMPAGNIE TELEFONICHE,COMPAGNIE TELEFONICHE ,2025,530775.0,4,0.6495351137487636,0.0542941924544298,0.2599971739437615,0.036173519853045,12.750598000607486,10.268790170825218,11.8350162104899,9.862717639992916,13.182095365647813,530775.0,0.6495351137487636,0.0542941924544298,0.2599971739437615,0.036173519853045,Tottenham Hotspur,37000000.0,8700983.0,17400000.0,4900000.0,2025,68000983.0,4,0.5441097814718355,0.1279537826681123,0.2558786539894577,0.0720577818705944,17.426428497635523,15.978946680677376,16.67198082165602,15.404745967162468,18.03503273362392,WORKBOOK,,98.75442302692304,89.04561477687682,Premier League,England,75.82,6,145.22,,,,0,iliad | COMPAGNIE TELEFONICHE,6,94.79166666666666,94.79166666666666,PRIORITY,ROI_NOT_AVAILABLE,SPONSOR_FIT + SVI,1,2
iliad,344757.0,28818.0,138000.0,19200.0,COMPAGNIE TELEFONICHE,COMPAGNIE TELEFONICHE ,2025,530775.0,4,0.6495351137487636,0.0542941924544298,0.2599971739437615,0.036173519853045,12.750598000607486,10.268790170825218,11.8350162104899,9.862717639992916,13.182095365647813,530775.0,0.6495351137487636,0.0542941924544298,0.2599971739437615,0.036173519853045,Bayern Munich,64000000.0,6494125.0,44100000.0,5120000.0,2025,119714125.0,4,0.5346069229508214,0.0542469403673125,0.3683775828458003,0.0427685538360657,17.974393656948944,15.68640863398211,17.60197036309281,15.448665192328171,18.600617175261277,WORKBOOK,,97.54554989119752,88.50245571149404,Bundesliga,Germany,90.74,3,171.46,-85.76043760399334,14.239562396006654,26.21589395300713,1,iliad | COMPAGNIE TELEFONICHE,15,85.41666666666666,97.91666666666666,PRIORITY,ROI_AVAILABLE,SPONSOR_FIT + SVI + ROI_PROXY,1,3
intel,35000000.0,4469933.0,1800000.0,567000.0,TECNOLOGIA,TECNOLOGIA,2025,41836933.0,4,0.8365814004578204,0.1068417945455036,0.0430241863092593,0.0135526186874166,17.370858648025116,15.312884201380076,14.403297778421797,13.248116346376763,17.549290095877193,41836933.0,0.8365814004578204,0.1068417945455036,0.0430241863092593,0.0135526186874166,Inter,35000000.0,2886796.0,14300000.0,4010000.0,2025,56196796.0,4,0.6228113076055083,0.0513694054728671,0.2544629056788219,0.0713563812428025,17.370858648025116,14.875658140966744,16.475770165160203,15.20430204865928,17.8443703203572,WORKBOOK,,93.95848961322883,73.07575180750516,Serie A,Italy,54.34,15,107.45,,,,0,intel | TECNOLOGIA,12,88.54166666666666,85.41666666666666,PRIORITY,ROI_NOT_AVAILABLE,SPONSOR_FIT + SVI,1,1
intel,35000000.0,4469933.0,1800000.0,567000.0,TECNOLOGIA,TECNOLOGIA,2025,41836933.0,4,0.8365814004578204,0.1068417945455036,0.0430241863092593,0.0135526186874166,17.370858648025116,15.312884201380076,14.403297778421797,13.248116346376763,17.549290095877193,41836933.0,0.8365814004578204,0.1068417945455036,0.0430241863092593,0.0135526186874166,Tottenham Hotspur,37000000.0,8700983.0,17400000.0,4900000.0,2025,68000983.0,4,0.5441097814718355,0.1279537826681123,0.2558786539894577,0.0720577818705944,17.426428497635523,15.978946680677376,16.67198082165602,15.404745967162468,18.03503273362392,WORKBOOK,,91.98435383560135,70.75283810140152,Premier League,England,75.82,6,145.22,,,,0,intel | TECNOLOGIA,17,83.33333333333334,94.79166666666666,PRIORITY,ROI_NOT_AVAILABLE,SPONSOR_FIT + SVI,1,2
intel,35000000.0,4469933.0,1800000.0,567000.0,TECNOLOGIA,TECNOLOGIA,2025,41836933.0,4,0.8365814004578204,0.1068417945455036,0.0430241863092593,0.0135526186874166,17.370858648025116,15.312884201380076,14.403297778421797,13.248116346376763,17.549290095877193,41836933.0,0.8365814004578204,0.1068417945455036,0.0430241863092593,0.0135526186874166,SV Werder Bremen,1100000.0,476903.0,582000.0,167000.0,2025,2325903.0,4,0.4729345978744599,0.205039935027385,0.2502253963299415,0.0718000707682134,13.910821646859096,13.07507049175376,13.274227444925158,12.025755079404917,14.659619338638072,WORKBOOK,,88.01981254359494,63.63531974166396,Bundesliga,Germany,46.73,23,94.08,,,,0,intel | TECNOLOGIA,23,77.08333333333334,77.08333333333334,PRIORITY,ROI_NOT_AVAILABLE,SPONSOR_FIT + SVI,1,3
ita airways,93321.0,14971.0,139000.0,9740.0,AVIAZIONE,AVIAZIONE,2025,257032.0,4,0.3630715241681969,0.0582456659093031,0.5407886955709795,0.0378941143515204,11.443811157538802,9.61393706902432,11.842236406331557,9.184099060770956,12.456959760303445,257032.0,0.3630715241681969,0.0582456659093031,0.5407886955709795,0.0378941143515204,Bayer Leverkusen,3000000.0,482000.0,4600000.0,500000.0,2025,8582000.0,4,0.3495688650664181,0.0561640643206711,0.536005593101841,0.0582614775110696,14.914123179965662,13.085701467719382,15.341567078850604,13.122365377402328,,MANUAL_ESTIMATE_2025,"Manual 2025 approximation from public social-media sources; Facebook=3.0m, X=482k, Instagram=4.6m, YouTube=500k.",99.93804364160532,97.96326368404507,Bundesliga,Germany,52.23,17,103.75,,,,0,ita airways | AVIAZIONE,2,98.95833333333334,83.33333333333334,PRIORITY,ROI_NOT_AVAILABLE,SPONSOR_FIT + SVI,1,1
ita airways,93321.0,14971.0,139000.0,9740.0,AVIAZIONE,AVIAZIONE,2025,257032.0,4,0.3630715241681969,0.0582456659093031,0.5407886955709795,0.0378941143515204,11.443811157538802,9.61393706902432,11.842236406331557,9.184099060770956,12.456959760303445,257032.0,0.3630715241681969,0.0582456659093031,0.5407886955709795,0.0378941143515204,RB Leipzig,1400000.0,278845.0,2200000.0,225000.0,2025,4103845.0,4,0.3411434886064167,0.067947254343183,0.5360826249529405,0.0548266320974598,14.151983508870948,12.538414937085085,14.603968372873895,12.323860125621126,15.227435140762214,WORKBOOK,,99.91704247806828,97.33658938201806,Bundesliga,Germany,49.99,19,99.8,,,,0,ita airways | AVIAZIONE,3,97.91666666666666,81.25,PRIORITY,ROI_NOT_AVAILABLE,SPONSOR_FIT + SVI,1,2
ita airways,93321.0,14971.0,139000.0,9740.0,AVIAZIONE,AVIAZIONE,2025,257032.0,4,0.3630715241681969,0.0582456659093031,0.5407886955709795,0.0378941143515204,11.443811157538802,9.61393706902432,11.842236406331557,9.184099060770956,12.456959760303445,257032.0,0.3630715241681969,0.0582456659093031,0.5407886955709795,0.0378941143515204,Borussia Dortmund,16000000.0,4062923.0,20800000.0,1570000.0,2025,42432923.0,4,0.3770657043824202,0.0957493076779085,0.4901854156971463,0.0369995722425249,16.588099342704055,15.21741346940481,16.85046359274847,14.266586814266963,17.563435128308676,WORKBOOK,,99.58959834126526,94.85021780171714,Bundesliga,Germany,68.72,8,132.75,-92.09067523851078,7.909324761489218,9.295061495237812,1,ita airways | AVIAZIONE,4,96.875,92.70833333333334,PRIORITY,ROI_AVAILABLE,SPONSOR_FIT + SVI + ROI_PROXY,1,3
jd sports,4000000.0,37450.0,2700000.0,632000.0,E-COMMERCE/RETAIL,E-COMMERCERETAIL,2025,7369450.0,4,0.5427813473189994,0.0050817903642741,0.3663774094403246,0.0857594528764019,15.201805169084134,10.53078869085856,14.80876270134486,13.356646255406224,15.812853770210452,7369450.0,0.5427813473189994,0.0050817903642741,0.3663774094403246,0.0857594528764019,Bayern Munich,64000000.0,6494125.0,44100000.0,5120000.0,2025,119714125.0,4,0.5346069229508214,0.0542469403673125,0.3683775828458003,0.0427685538360657,17.974393656948944,15.68640863398211,17.60197036309281,15.448665192328171,18.600617175261277,WORKBOOK,,99.50386406810154,94.88346765914858,Bundesliga,Germany,90.74,3,171.46,-85.76043760399334,14.239562396006654,26.21589395300713,1,jd sports | E-COMMERCE/RETAIL,1,100.0,97.91666666666666,PRIORITY,ROI_AVAILABLE,SPONSOR_FIT + SVI + ROI_PROXY,1,1
jd sports,4000000.0,37450.0,2700000.0,632000.0,E-COMMERCE/RETAIL,E-COMMERCERETAIL,2025,7369450.0,4,0.5427813473189994,0.0050817903642741,0.3663774094403246,0.0857594528764019,15.201805169084134,10.53078869085856,14.80876270134486,13.356646255406224,15.812853770210452,7369450.0,0.5427813473189994,0.0050817903642741,0.3663774094403246,0.0857594528764019,Inter,35000000.0,2886796.0,14300000.0,4010000.0,2025,56196796.0,4,0.6228113076055083,0.0513694054728671,0.2544629056788219,0.0713563812428025,17.370858648025116,14.875658140966744,16.475770165160203,15.20430204865928,17.8443703203572,WORKBOOK,,97.6620673323343,87.3682424604898,Serie A,Italy,54.34,15,107.45,,,,0,jd sports | E-COMMERCE/RETAIL,4,96.875,85.41666666666666,PRIORITY,ROI_NOT_AVAILABLE,SPONSOR_FIT + SVI,1,2
jd sports,4000000.0,37450.0,2700000.0,632000.0,E-COMMERCE/RETAIL,E-COMMERCERETAIL,2025,7369450.0,4,0.5427813473189994,0.0050817903642741,0.3663774094403246,0.0857594528764019,15.201805169084134,10.53078869085856,14.80876270134486,13.356646255406224,15.812853770210452,7369450.0,0.5427813473189994,0.0050817903642741,0.3663774094403246,0.0857594528764019,Milan,29000000.0,7920765.0,18200000.0,2190000.0,2025,57310765.0,4,0.5060131373224559,0.138207280953238,0.317566865492024,0.038212716232282,17.182806422433504,15.884998476285524,16.716932206992077,14.599412558413585,17.863999052343328,WORKBOOK,,97.33936205266576,86.68745094110362,Serie A,Italy,48.15,22,96.56,-81.99956062385442,18.00043937614558,36.26878184590585,1,jd sports | E-COMMERCE/RETAIL,9,91.66666666666666,78.125,PRIORITY,ROI_AVAILABLE,SPONSOR_FIT + SVI + ROI_PROXY,1,3
konami,2600000.0,1406871.0,731000.0,201000.0,TECNOLOGIA,TECNOLOGIA,2025,4938871.0,4,0.5264361025019686,0.2848568022934796,0.1480095349726688,0.0406975602318829,14.77102238760702,14.156879358255251,13.502170106720037,12.211065162153217,15.412647523009568,4938871.0,0.5264361025019686,0.2848568022934796,0.1480095349726688,0.0406975602318829,SV Werder Bremen,1100000.0,476903.0,582000.0,167000.0,2025,2325903.0,4,0.4729345978744599,0.205039935027385,0.2502253963299415,0.0718000707682134,13.910821646859096,13.07507049175376,13.274227444925158,12.025755079404917,14.659619338638072,WORKBOOK,,97.3361122572387,86.66816281063969,Bundesliga,Germany,46.73,23,94.08,,,,0,konami | TECNOLOGIA,6,94.79166666666666,77.08333333333334,PRIORITY,ROI_NOT_AVAILABLE,SPONSOR_FIT + SVI,1,1
konami,2600000.0,1406871.0,731000.0,201000.0,TECNOLOGIA,TECNOLOGIA,2025,4938871.0,4,0.5264361025019686,0.2848568022934796,0.1480095349726688,0.0406975602318829,14.77102238760702,14.156879358255251,13.502170106720037,12.211065162153217,15.412647523009568,4938871.0,0.5264361025019686,0.2848568022934796,0.1480095349726688,0.0406975602318829,Arsenal,47000000.0,21411952.0,31700000.0,5180000.0,2025,105291952.0,4,0.4463778960048152,0.2033579166620445,0.3010676447521839,0.0491965425809562,17.665658180950928,16.879459875462175,17.27182727039325,15.46031580728584,18.47224755443098,WORKBOOK,,95.10749722395148,83.84429078714116,Premier League,England,58.97,11,115.59,,,,0,konami | TECNOLOGIA,18,82.29166666666666,89.58333333333334,PRIORITY,ROI_NOT_AVAILABLE,SPONSOR_FIT + SVI,1,2
konami,2600000.0,1406871.0,731000.0,201000.0,TECNOLOGIA,TECNOLOGIA,2025,4938871.0,4,0.5264361025019686,0.2848568022934796,0.1480095349726688,0.0406975602318829,14.77102238760702,14.156879358255251,13.502170106720037,12.211065162153217,15.412647523009568,4938871.0,0.5264361025019686,0.2848568022934796,0.1480095349726688,0.0406975602318829,Tottenham Hotspur,37000000.0,8700983.0,17400000.0,4900000.0,2025,68000983.0,4,0.5441097814718355,0.1279537826681123,0.2558786539894577,0.0720577818705944,17.426428497635523,15.978946680677376,16.67198082165602,15.404745967162468,18.03503273362392,WORKBOOK,,95.0911990598953,84.30969803746326,Premier League,England,75.82,6,145.22,,,,0,konami | TECNOLOGIA,19,81.25,94.79166666666666,PRIORITY,ROI_NOT_AVAILABLE,SPONSOR_FIT + SVI,1,3
lenovo,6600000.0,713664.0,1300000.0,390000.0,TECNOLOGIA,TECNOLOGIA,2025,9003664.0,4,0.7330349066779924,0.079263730854461,0.1443856634365742,0.0433156990309722,15.702580358511794,13.478168943543674,14.077875591662238,12.873904582205109,16.01314227463025,9003664.0,0.7330349066779924,0.079263730854461,0.1443856634365742,0.0433156990309722,Inter,35000000.0,2886796.0,14300000.0,4010000.0,2025,56196796.0,4,0.6228113076055083,0.0513694054728671,0.2544629056788219,0.0713563812428025,17.370858648025116,14.875658140966744,16.475770165160203,15.20430204865928,17.8443703203572,WORKBOOK,,98.00759329402356,86.1882075545922,Serie A,Italy,54.34,15,107.45,,,,0,lenovo | TECNOLOGIA,10,90.625,85.41666666666666,PRIORITY,ROI_NOT_AVAILABLE,SPONSOR_FIT + SVI,1,1
lenovo,6600000.0,713664.0,1300000.0,390000.0,TECNOLOGIA,TECNOLOGIA,2025,9003664.0,4,0.7330349066779924,0.079263730854461,0.1443856634365742,0.0433156990309722,15.702580358511794,13.478168943543674,14.077875591662238,12.873904582205109,16.01314227463025,9003664.0,0.7330349066779924,0.079263730854461,0.1443856634365742,0.0433156990309722,Tottenham Hotspur,37000000.0,8700983.0,17400000.0,4900000.0,2025,68000983.0,4,0.5441097814718355,0.1279537826681123,0.2558786539894577,0.0720577818705944,17.426428497635523,15.978946680677376,16.67198082165602,15.404745967162468,18.03503273362392,WORKBOOK,,96.40747862475352,81.1074874793843,Premier League,England,75.82,6,145.22,,,,0,lenovo | TECNOLOGIA,17,83.33333333333334,94.79166666666666,PRIORITY,ROI_NOT_AVAILABLE,SPONSOR_FIT + SVI,1,2
lenovo,6600000.0,713664.0,1300000.0,390000.0,TECNOLOGIA,TECNOLOGIA,2025,9003664.0,4,0.7330349066779924,0.079263730854461,0.1443856634365742,0.0433156990309722,15.702580358511794,13.478168943543674,14.077875591662238,12.873904582205109,16.01314227463025,9003664.0,0.7330349066779924,0.079263730854461,0.1443856634365742,0.0433156990309722,Milan,29000000.0,7920765.0,18200000.0,2190000.0,2025,57310765.0,4,0.5060131373224559,0.138207280953238,0.317566865492024,0.038212716232282,17.182806422433504,15.884998476285524,16.716932206992077,14.599412558413585,17.863999052343328,WORKBOOK,,92.86949776044852,76.78752478457731,Serie A,Italy,48.15,22,96.56,-81.99956062385442,18.00043937614558,36.26878184590585,1,lenovo | TECNOLOGIA,25,75.0,78.125,PRIORITY,ROI_AVAILABLE,SPONSOR_FIT + SVI + ROI_PROXY,1,3
lg,45000000.0,350910.0,57700.0,471000.0,TECNOLOGIA,TECNOLOGIA,2025,45879610.0,4,0.9808278666710548,0.0076484957043008,0.0012576392868204,0.0102659983378237,17.622173069956816,12.768287909042352,10.96302978336854,13.062615496138552,17.64153137154957,45879610.0,0.9808278666710548,0.0076484957043008,0.0012576392868204,0.0102659983378237,Inter,35000000.0,2886796.0,14300000.0,4010000.0,2025,56196796.0,4,0.6228113076055083,0.0513694054728671,0.2544629056788219,0.0713563812428025,17.370858648025116,14.875658140966744,16.475770165160203,15.20430204865928,17.8443703203572,WORKBOOK,,92.00031370123956,64.19834409344534,Serie A,Italy,54.34,15,107.45,,,,0,lg | TECNOLOGIA,11,89.58333333333334,85.41666666666666,PRIORITY,ROI_NOT_AVAILABLE,SPONSOR_FIT + SVI,1,1
lg,45000000.0,350910.0,57700.0,471000.0,TECNOLOGIA,TECNOLOGIA,2025,45879610.0,4,0.9808278666710548,0.0076484957043008,0.0012576392868204,0.0102659983378237,17.622173069956816,12.768287909042352,10.96302978336854,13.062615496138552,17.64153137154957,45879610.0,0.9808278666710548,0.0076484957043008,0.0012576392868204,0.0102659983378237,Tottenham Hotspur,37000000.0,8700983.0,17400000.0,4900000.0,2025,68000983.0,4,0.5441097814718355,0.1279537826681123,0.2558786539894577,0.0720577818705944,17.426428497635523,15.978946680677376,16.67198082165602,15.404745967162468,18.03503273362392,WORKBOOK,,88.23760416562811,56.32819148007806,Premier League,England,75.82,6,145.22,,,,0,lg | TECNOLOGIA,18,82.29166666666666,94.79166666666666,PRIORITY,ROI_NOT_AVAILABLE,SPONSOR_FIT + SVI,1,2
lg,45000000.0,350910.0,57700.0,471000.0,TECNOLOGIA,TECNOLOGIA,2025,45879610.0,4,0.9808278666710548,0.0076484957043008,0.0012576392868204,0.0102659983378237,17.622173069956816,12.768287909042352,10.96302978336854,13.062615496138552,17.64153137154957,45879610.0,0.9808278666710548,0.0076484957043008,0.0012576392868204,0.0102659983378237,Athletic Bilbao,4300000.0,984531.0,1600000.0,746000.0,2025,7630531.0,4,0.5635256576508241,0.1290252277331682,0.2096839656375159,0.0977651489784918,15.274125813221904,13.79992168034212,14.285514812209817,13.522482219667571,15.847668125600624,WORKBOOK,,90.86088998837194,58.269779097976915,La Liga,Spain,31.48,41,67.25,,,,0,lg | TECNOLOGIA,14,86.45833333333334,58.333333333333336,STRONG_FIT,ROI_NOT_AVAILABLE,SPONSOR_FIT + SVI,2,3
lidl,2600000.0,30115.0,1100000.0,130000.0,E-COMMERCE/RETAIL,E-COMMERCERETAIL,2025,3860115.0,4,0.6735550624787086,0.0078015810409793,0.2849656033563766,0.0336777531239354,14.77102238760702,10.312811870970013,13.910821646859096,11.775297421715829,15.166207792802938,3860115.0,0.6735550624787086,0.0078015810409793,0.2849656033563766,0.0336777531239354,Inter,35000000.0,2886796.0,14300000.0,4010000.0,2025,56196796.0,4,0.6228113076055083,0.0513694054728671,0.2544629056788219,0.0713563812428025,17.370858648025116,14.875658140966744,16.475770165160203,15.20430204865928,17.8443703203572,WORKBOOK,,99.60309980137755,91.87535474492452,Serie A,Italy,54.34,15,107.45,,,,0,lidl | E-COMMERCE/RETAIL,1,100.0,85.41666666666666,PRIORITY,ROI_NOT_AVAILABLE,SPONSOR_FIT + SVI,1,1
lidl,2600000.0,30115.0,1100000.0,130000.0,E-COMMERCE/RETAIL,E-COMMERCERETAIL,2025,3860115.0,4,0.6735550624787086,0.0078015810409793,0.2849656033563766,0.0336777531239354,14.77102238760702,10.312811870970013,13.910821646859096,11.775297421715829,15.166207792802938,3860115.0,0.6735550624787086,0.0078015810409793,0.2849656033563766,0.0336777531239354,Tottenham Hotspur,37000000.0,8700983.0,17400000.0,4900000.0,2025,68000983.0,4,0.5441097814718355,0.1279537826681123,0.2558786539894577,0.0720577818705944,17.426428497635523,15.978946680677376,16.67198082165602,15.404745967162468,18.03503273362392,WORKBOOK,,97.71706778048316,84.1467769626208,Premier League,England,75.82,6,145.22,,,,0,lidl | E-COMMERCE/RETAIL,8,92.70833333333334,94.79166666666666,PRIORITY,ROI_NOT_AVAILABLE,SPONSOR_FIT + SVI,1,2
lidl,2600000.0,30115.0,1100000.0,130000.0,E-COMMERCE/RETAIL,E-COMMERCERETAIL,2025,3860115.0,4,0.6735550624787086,0.0078015810409793,0.2849656033563766,0.0336777531239354,14.77102238760702,10.312811870970013,13.910821646859096,11.775297421715829,15.166207792802938,3860115.0,0.6735550624787086,0.0078015810409793,0.2849656033563766,0.0336777531239354,Bayern Munich,64000000.0,6494125.0,44100000.0,5120000.0,2025,119714125.0,4,0.5346069229508214,0.0542469403673125,0.3683775828458003,0.0427685538360657,17.974393656948944,15.68640863398211,17.60197036309281,15.448665192328171,18.600617175261277,WORKBOOK,,97.67592572665497,86.10518604721128,Bundesliga,Germany,90.74,3,171.46,-85.76043760399334,14.239562396006654,26.21589395300713,1,lidl | E-COMMERCE/RETAIL,9,91.66666666666666,97.91666666666666,PRIORITY,ROI_AVAILABLE,SPONSOR_FIT + SVI + ROI_PROXY,1,3
louis Vuitton,25000000.0,9537021.0,55900000.0,5440000.0,MODA,MODA,2025,95877021.0,4,0.2607506964572877,0.0994713947151111,0.5830385572784953,0.0567393515491058,17.034386422832473,16.070691835363462,17.839074956014414,15.50928980265564,18.37857690739019,95877021.0,0.2607506964572877,0.0994713947151111,0.5830385572784953,0.0567393515491058,RB Leipzig,1400000.0,278845.0,2200000.0,225000.0,2025,4103845.0,4,0.3411434886064167,0.067947254343183,0.5360826249529405,0.0548266320974598,14.151983508870948,12.538414937085085,14.603968372873895,12.323860125621126,15.227435140762214,WORKBOOK,,98.84554521970875,91.9607207850871,Bundesliga,Germany,49.99,19,99.8,,,,0,louis Vuitton | MODA,4,96.875,81.25,PRIORITY,ROI_NOT_AVAILABLE,SPONSOR_FIT + SVI,1,1
louis Vuitton,25000000.0,9537021.0,55900000.0,5440000.0,MODA,MODA,2025,95877021.0,4,0.2607506964572877,0.0994713947151111,0.5830385572784953,0.0567393515491058,17.034386422832473,16.070691835363462,17.839074956014414,15.50928980265564,18.37857690739019,95877021.0,0.2607506964572877,0.0994713947151111,0.5830385572784953,0.0567393515491058,Bayer Leverkusen,3000000.0,482000.0,4600000.0,500000.0,2025,8582000.0,4,0.3495688650664181,0.0561640643206711,0.536005593101841,0.0582614775110696,14.914123179965662,13.085701467719382,15.341567078850604,13.122365377402328,,MANUAL_ESTIMATE_2025,"Manual 2025 approximation from public social-media sources; Facebook=3.0m, X=482k, Instagram=4.6m, YouTube=500k.",98.57076550913128,90.96597054289056,Bundesliga,Germany,52.23,17,103.75,,,,0,louis Vuitton | MODA,5,95.83333333333334,83.33333333333334,PRIORITY,ROI_NOT_AVAILABLE,SPONSOR_FIT + SVI,1,2
louis Vuitton,25000000.0,9537021.0,55900000.0,5440000.0,MODA,MODA,2025,95877021.0,4,0.2607506964572877,0.0994713947151111,0.5830385572784953,0.0567393515491058,17.034386422832473,16.070691835363462,17.839074956014414,15.50928980265564,18.37857690739019,95877021.0,0.2607506964572877,0.0994713947151111,0.5830385572784953,0.0567393515491058,Real Madrid,132000000.0,48892183.0,180000000.0,19000000.0,2025,379892183.0,4,0.3474670075009151,0.1287001554333114,0.4738186465921569,0.0500141904736165,18.6983124881264,17.705128105269083,19.00846741441004,16.759949589762293,19.75539804411099,WORKBOOK,,97.6641900785892,88.40549282381723,La Liga,Spain,100.0,1,187.75,,,,0,louis Vuitton | MODA,8,92.70833333333334,100.0,PRIORITY,ROI_NOT_AVAILABLE,SPONSOR_FIT + SVI,1,3
michelin,5800000.0,79978.0,405000.0,90100.0,PNEUMATICI,PNEUMATICI,2025,6375078.0,4,0.909792789986256,0.012545415130607,0.0635286344731782,0.0141331604099589,15.573368647930426,11.289519379196864,12.91164481522143,11.408686542313973,15.667907041088844,6375078.0,0.909792789986256,0.012545415130607,0.0635286344731782,0.0141331604099589,Inter,35000000.0,2886796.0,14300000.0,4010000.0,2025,56196796.0,4,0.6228113076055083,0.0513694054728671,0.2544629056788219,0.0713563812428025,17.370858648025116,14.875658140966744,16.475770165160203,15.20430204865928,17.8443703203572,WORKBOOK,,94.42730335404956,71.30185176192525,Serie A,Italy,54.34,15,107.45,,,,0,michelin | PNEUMATICI,11,89.58333333333334,85.41666666666666,PRIORITY,ROI_NOT_AVAILABLE,SPONSOR_FIT + SVI,1,1
michelin,5800000.0,79978.0,405000.0,90100.0,PNEUMATICI,PNEUMATICI,2025,6375078.0,4,0.909792789986256,0.012545415130607,0.0635286344731782,0.0141331604099589,15.573368647930426,11.289519379196864,12.91164481522143,11.408686542313973,15.667907041088844,6375078.0,0.909792789986256,0.012545415130607,0.0635286344731782,0.0141331604099589,Tottenham Hotspur,37000000.0,8700983.0,17400000.0,4900000.0,2025,68000983.0,4,0.5441097814718355,0.1279537826681123,0.2558786539894577,0.0720577818705944,17.426428497635523,15.978946680677376,16.67198082165602,15.404745967162468,18.03503273362392,WORKBOOK,,91.02056703762548,63.43169914855796,Premier League,England,75.82,6,145.22,,,,0,michelin | PNEUMATICI,17,83.33333333333334,94.79166666666666,PRIORITY,ROI_NOT_AVAILABLE,SPONSOR_FIT + SVI,1,2
michelin,5800000.0,79978.0,405000.0,90100.0,PNEUMATICI,PNEUMATICI,2025,6375078.0,4,0.909792789986256,0.012545415130607,0.0635286344731782,0.0141331604099589,15.573368647930426,11.289519379196864,12.91164481522143,11.408686542313973,15.667907041088844,6375078.0,0.909792789986256,0.012545415130607,0.0635286344731782,0.0141331604099589,Brest,900485.0,156703.0,395000.0,32000.0,2025,1484188.0,4,0.6067189601317353,0.10558163790571,0.2661387910426442,0.0215606109199104,13.710689896558916,11.962113954502044,12.886643575525625,10.373522431293592,14.210379053090625,WORKBOOK,,93.17757627896074,69.69261701454795,Ligue 1,France,28.92,46,62.75,,,,0,michelin | PNEUMATICI,14,86.45833333333334,53.125,STRONG_FIT,ROI_NOT_AVAILABLE,SPONSOR_FIT + SVI,2,3
nissan,22000000.0,751165.0,7400000.0,266000.0,AUTO,AUTO,2025,30417165.0,4,0.7232758213988714,0.0246954310173219,0.2432836853796203,0.0087450622041863,16.906553056777135,13.529381944936016,15.816990693309524,12.491255347155263,17.230517678062373,30417165.0,0.7232758213988714,0.0246954310173219,0.2432836853796203,0.0087450622041863,Inter,35000000.0,2886796.0,14300000.0,4010000.0,2025,56196796.0,4,0.6228113076055083,0.0513694054728671,0.2544629056788219,0.0713563812428025,17.370858648025116,14.875658140966744,16.475770165160203,15.20430204865928,17.8443703203572,WORKBOOK,,99.26469857214678,89.9535486206637,Serie A,Italy,54.34,15,107.45,,,,0,nissan | AUTO,3,97.91666666666666,85.41666666666666,PRIORITY,ROI_NOT_AVAILABLE,SPONSOR_FIT + SVI,1,1
nissan,22000000.0,751165.0,7400000.0,266000.0,AUTO,AUTO,2025,30417165.0,4,0.7232758213988714,0.0246954310173219,0.2432836853796203,0.0087450622041863,16.906553056777135,13.529381944936016,15.816990693309524,12.491255347155263,17.230517678062373,30417165.0,0.7232758213988714,0.0246954310173219,0.2432836853796203,0.0087450622041863,Tottenham Hotspur,37000000.0,8700983.0,17400000.0,4900000.0,2025,68000983.0,4,0.5441097814718355,0.1279537826681123,0.2558786539894577,0.0720577818705944,17.426428497635523,15.978946680677376,16.67198082165602,15.404745967162468,18.03503273362392,WORKBOOK,,97.2470075328555,82.08339600729641,Premier League,England,75.82,6,145.22,,,,0,nissan | AUTO,12,88.54166666666666,94.79166666666666,PRIORITY,ROI_NOT_AVAILABLE,SPONSOR_FIT + SVI,1,2
nissan,22000000.0,751165.0,7400000.0,266000.0,AUTO,AUTO,2025,30417165.0,4,0.7232758213988714,0.0246954310173219,0.2432836853796203,0.0087450622041863,16.906553056777135,13.529381944936016,15.816990693309524,12.491255347155263,17.230517678062373,30417165.0,0.7232758213988714,0.0246954310173219,0.2432836853796203,0.0087450622041863,Bayern Munich,64000000.0,6494125.0,44100000.0,5120000.0,2025,119714125.0,4,0.5346069229508214,0.0542469403673125,0.3683775828458003,0.0427685538360657,17.974393656948944,15.68640863398211,17.60197036309281,15.448665192328171,18.600617175261277,WORKBOOK,,95.8845084272031,81.133110155195,Bundesliga,Germany,90.74,3,171.46,-85.76043760399334,14.239562396006654,26.21589395300713,1,nissan | AUTO,17,83.33333333333334,97.91666666666666,PRIORITY,ROI_AVAILABLE,SPONSOR_FIT + SVI + ROI_PROXY,1,3
okx,204041.0,5697995.0,663000.0,254000.0,CRIPTOVALUTE,CRIPTOVALUTE,2025,6819036.0,4,0.0299222646720152,0.8356012492088325,0.0972278192987982,0.037248666820354,12.226081133988432,15.555625092039042,13.404531777462488,12.445093483000798,15.735228817503614,6819036.0,0.0299222646720152,0.8356012492088325,0.0972278192987982,0.037248666820354,FC Köln,821503.0,573780.0,664000.0,122000.0,2025,2181283.0,4,0.3766145887534997,0.2630470232427429,0.3044080020795101,0.0559303859242473,13.61889208558942,13.260003069398389,13.406038934481533,11.711784520403112,14.595424252203944,WORKBOOK,,56.29657427275323,42.744577403391034,Bundesliga,Germany,49.39,20,98.76,,,,0,okx | CRIPTOVALUTE,8,92.70833333333334,80.20833333333334,PRIORITY,ROI_NOT_AVAILABLE,SPONSOR_FIT + SVI,1,1
okx,204041.0,5697995.0,663000.0,254000.0,CRIPTOVALUTE,CRIPTOVALUTE,2025,6819036.0,4,0.0299222646720152,0.8356012492088325,0.0972278192987982,0.037248666820354,12.226081133988432,15.555625092039042,13.404531777462488,12.445093483000798,15.735228817503614,6819036.0,0.0299222646720152,0.8356012492088325,0.0972278192987982,0.037248666820354,VfB Stuttgart,630221.0,502745.0,725000.0,92700.0,2025,1950666.0,4,0.3230799121940916,0.257729924036201,0.3716679329008656,0.0475222308688417,13.35382741724851,13.127840351362572,13.493928313146206,11.437134538982278,14.483681923335778,WORKBOOK,,55.93796951082002,42.21286748273685,Bundesliga,Germany,45.64,24,92.16,,,,0,okx | CRIPTOVALUTE,9,91.66666666666666,76.04166666666666,PRIORITY,ROI_NOT_AVAILABLE,SPONSOR_FIT + SVI,1,2
okx,204041.0,5697995.0,663000.0,254000.0,CRIPTOVALUTE,CRIPTOVALUTE,2025,6819036.0,4,0.0299222646720152,0.8356012492088325,0.0972278192987982,0.037248666820354,12.226081133988432,15.555625092039042,13.404531777462488,12.445093483000798,15.735228817503614,6819036.0,0.0299222646720152,0.8356012492088325,0.0972278192987982,0.037248666820354,Leeds United,1700000.0,1064588.0,1300000.0,508000.0,2025,4572588.0,4,0.3717807071181571,0.2328195761350027,0.2843028936785907,0.1110968230682493,14.346139397261563,13.878099367148158,14.077875591662238,13.138238695062618,15.335590123245812,WORKBOOK,,52.732173340464904,39.721832692617035,Premier League,England,59.11,10,115.84,,,,0,okx | CRIPTOVALUTE,14,86.45833333333334,90.625,PRIORITY,ROI_NOT_AVAILABLE,SPONSOR_FIT + SVI,1,3
omega,2100000.0,303587.0,4600000.0,422000.0,OROLOGERIA,OROLOGERIA,2025,7425587.0,4,0.2828059249726654,0.0408839058784174,0.6194796451782196,0.0568305239706975,14.557448378884017,12.623426798030753,15.341567078850604,12.952762962683588,15.820442431436716,7425587.0,0.2828059249726654,0.0408839058784174,0.6194796451782196,0.0568305239706975,RB Leipzig,1400000.0,278845.0,2200000.0,225000.0,2025,4103845.0,4,0.3411434886064167,0.067947254343183,0.5360826249529405,0.0548266320974598,14.151983508870948,12.538414937085085,14.603968372873895,12.323860125621126,15.227435140762214,WORKBOOK,,98.9488619069606,91.45990879014832,Bundesliga,Germany,49.99,19,99.8,,,,0,omega | OROLOGERIA,4,96.875,81.25,PRIORITY,ROI_NOT_AVAILABLE,SPONSOR_FIT + SVI,1,1
omega,2100000.0,303587.0,4600000.0,422000.0,OROLOGERIA,OROLOGERIA,2025,7425587.0,4,0.2828059249726654,0.0408839058784174,0.6194796451782196,0.0568305239706975,14.557448378884017,12.623426798030753,15.341567078850604,12.952762962683588,15.820442431436716,7425587.0,0.2828059249726654,0.0408839058784174,0.6194796451782196,0.0568305239706975,Bayer Leverkusen,3000000.0,482000.0,4600000.0,500000.0,2025,8582000.0,4,0.3495688650664181,0.0561640643206711,0.536005593101841,0.0582614775110696,14.914123179965662,13.085701467719382,15.341567078850604,13.122365377402328,,MANUAL_ESTIMATE_2025,"Manual 2025 approximation from public social-media sources; Facebook=3.0m, X=482k, Instagram=4.6m, YouTube=500k.",98.85672714009618,91.65259479236214,Bundesliga,Germany,52.23,17,103.75,,,,0,omega | OROLOGERIA,5,95.83333333333334,83.33333333333334,PRIORITY,ROI_NOT_AVAILABLE,SPONSOR_FIT + SVI,1,2
omega,2100000.0,303587.0,4600000.0,422000.0,OROLOGERIA,OROLOGERIA,2025,7425587.0,4,0.2828059249726654,0.0408839058784174,0.6194796451782196,0.0568305239706975,14.557448378884017,12.623426798030753,15.341567078850604,12.952762962683588,15.820442431436716,7425587.0,0.2828059249726654,0.0408839058784174,0.6194796451782196,0.0568305239706975,Borussia Dortmund,16000000.0,4062923.0,20800000.0,1570000.0,2025,42432923.0,4,0.3770657043824202,0.0957493076779085,0.4901854156971463,0.0369995722425249,16.588099342704055,15.21741346940481,16.85046359274847,14.266586814266963,17.563435128308676,WORKBOOK,,97.00817527354506,85.08748187907541,Bundesliga,Germany,68.72,8,132.75,-92.09067523851078,7.909324761489218,9.295061495237812,1,omega | OROLOGERIA,7,93.75,92.70833333333334,PRIORITY,ROI_AVAILABLE,SPONSOR_FIT + SVI + ROI_PROXY,1,3
pepsi,36000000.0,2455757.0,2100000.0,975000.0,BEVANDE,BEVANDE,2025,41530757.0,4,0.8668274455002108,0.0591310435299794,0.0505649343208456,0.023476576648964,17.399029524198163,14.713946029192403,14.557448378884017,13.790193775620484,17.541944867306494,41530757.0,0.8668274455002108,0.0591310435299794,0.0505649343208456,0.023476576648964,Inter,35000000.0,2886796.0,14300000.0,4010000.0,2025,56196796.0,4,0.6228113076055083,0.0513694054728671,0.2544629056788219,0.0713563812428025,17.370858648025116,14.875658140966744,16.475770165160203,15.20430204865928,17.8443703203572,WORKBOOK,,94.36617622605274,74.82222240481852,Serie A,Italy,54.34,15,107.45,,,,0,pepsi | BEVANDE,11,89.58333333333334,85.41666666666666,PRIORITY,ROI_NOT_AVAILABLE,SPONSOR_FIT + SVI,1,1
pepsi,36000000.0,2455757.0,2100000.0,975000.0,BEVANDE,BEVANDE,2025,41530757.0,4,0.8668274455002108,0.0591310435299794,0.0505649343208456,0.023476576648964,17.399029524198163,14.713946029192403,14.557448378884017,13.790193775620484,17.541944867306494,41530757.0,0.8668274455002108,0.0591310435299794,0.0505649343208456,0.023476576648964,Tottenham Hotspur,37000000.0,8700983.0,17400000.0,4900000.0,2025,68000983.0,4,0.5441097814718355,0.1279537826681123,0.2558786539894577,0.0720577818705944,17.426428497635523,15.978946680677376,16.67198082165602,15.404745967162468,18.03503273362392,WORKBOOK,,91.6443196784186,67.72823359716247,Premier League,England,75.82,6,145.22,,,,0,pepsi | BEVANDE,17,83.33333333333334,94.79166666666666,PRIORITY,ROI_NOT_AVAILABLE,SPONSOR_FIT + SVI,1,2
pepsi,36000000.0,2455757.0,2100000.0,975000.0,BEVANDE,BEVANDE,2025,41530757.0,4,0.8668274455002108,0.0591310435299794,0.0505649343208456,0.023476576648964,17.399029524198163,14.713946029192403,14.557448378884017,13.790193775620484,17.541944867306494,41530757.0,0.8668274455002108,0.0591310435299794,0.0505649343208456,0.023476576648964,Athletic Bilbao,4300000.0,984531.0,1600000.0,746000.0,2025,7630531.0,4,0.5635256576508241,0.1290252277331682,0.2096839656375159,0.0977651489784918,15.274125813221904,13.79992168034212,14.285514812209817,13.522482219667571,15.847668125600624,WORKBOOK,,93.89092167090988,69.66982121506132,La Liga,Spain,31.48,41,67.25,,,,0,pepsi | BEVANDE,13,87.5,58.333333333333336,STRONG_FIT,ROI_NOT_AVAILABLE,SPONSOR_FIT + SVI,2,3
petronas,1100000.0,36995.0,261000.0,349000.0,CARBURANTI,CARBURANTI,2025,1746995.0,4,0.629652632091105,0.0211763628401913,0.1493993972507076,0.199771607817996,13.910821646859096,10.51856507767415,12.472279517715116,12.762830066509972,14.37340829947419,1746995.0,0.629652632091105,0.0211763628401913,0.1493993972507076,0.199771607817996,Inter,35000000.0,2886796.0,14300000.0,4010000.0,2025,56196796.0,4,0.6228113076055083,0.0513694054728671,0.2544629056788219,0.0713563812428025,17.370858648025116,14.875658140966744,16.475770165160203,15.20430204865928,17.8443703203572,WORKBOOK,,96.90201777659308,86.47434489392099,Serie A,Italy,54.34,15,107.45,,,,0,petronas | CARBURANTI,10,90.625,85.41666666666666,PRIORITY,ROI_NOT_AVAILABLE,SPONSOR_FIT + SVI,1,1
petronas,1100000.0,36995.0,261000.0,349000.0,CARBURANTI,CARBURANTI,2025,1746995.0,4,0.629652632091105,0.0211763628401913,0.1493993972507076,0.199771607817996,13.910821646859096,10.51856507767415,12.472279517715116,12.762830066509972,14.37340829947419,1746995.0,0.629652632091105,0.0211763628401913,0.1493993972507076,0.199771607817996,Tottenham Hotspur,37000000.0,8700983.0,17400000.0,4900000.0,2025,68000983.0,4,0.5441097814718355,0.1279537826681123,0.2558786539894577,0.0720577818705944,17.426428497635523,15.978946680677376,16.67198082165602,15.404745967162468,18.03503273362392,WORKBOOK,,94.88223197249194,78.67433234333289,Premier League,England,75.82,6,145.22,,,,0,petronas | CARBURANTI,17,83.33333333333334,94.79166666666666,PRIORITY,ROI_NOT_AVAILABLE,SPONSOR_FIT + SVI,1,2
petronas,1100000.0,36995.0,261000.0,349000.0,CARBURANTI,CARBURANTI,2025,1746995.0,4,0.629652632091105,0.0211763628401913,0.1493993972507076,0.199771607817996,13.910821646859096,10.51856507767415,12.472279517715116,12.762830066509972,14.37340829947419,1746995.0,0.629652632091105,0.0211763628401913,0.1493993972507076,0.199771607817996,Bayern Munich,64000000.0,6494125.0,44100000.0,5120000.0,2025,119714125.0,4,0.5346069229508214,0.0542469403673125,0.3683775828458003,0.0427685538360657,17.974393656948944,15.68640863398211,17.60197036309281,15.448665192328171,18.600617175261277,WORKBOOK,,90.71903507498548,74.79512368777861,Bundesliga,Germany,90.74,3,171.46,-85.76043760399334,14.239562396006654,26.21589395300713,1,petronas | CARBURANTI,25,75.0,97.91666666666666,PRIORITY,ROI_AVAILABLE,SPONSOR_FIT + SVI + ROI_PROXY,1,3
pirelli,2200000.0,131829.0,431000.0,35000.0,PNEUMATICI,PNEUMATICI,2025,2797829.0,4,0.786323967619179,0.0471183192396676,0.1540480136563028,0.0125096994848505,14.603968372873895,11.789268492752017,12.973865689268807,10.463131911491969,14.84435467467768,2797829.0,0.786323967619179,0.0471183192396676,0.1540480136563028,0.0125096994848505,Inter,35000000.0,2886796.0,14300000.0,4010000.0,2025,56196796.0,4,0.6228113076055083,0.0513694054728671,0.2544629056788219,0.0713563812428025,17.370858648025116,14.875658140966744,16.475770165160203,15.20430204865928,17.8443703203572,WORKBOOK,,97.71752800962048,83.64873399863293,Serie A,Italy,54.34,15,107.45,,,,0,pirelli | PNEUMATICI,9,91.66666666666666,85.41666666666666,PRIORITY,ROI_NOT_AVAILABLE,SPONSOR_FIT + SVI,1,1
pirelli,2200000.0,131829.0,431000.0,35000.0,PNEUMATICI,PNEUMATICI,2025,2797829.0,4,0.786323967619179,0.0471183192396676,0.1540480136563028,0.0125096994848505,14.603968372873895,11.789268492752017,12.973865689268807,10.463131911491969,14.84435467467768,2797829.0,0.786323967619179,0.0471183192396676,0.1540480136563028,0.0125096994848505,Tottenham Hotspur,37000000.0,8700983.0,17400000.0,4900000.0,2025,68000983.0,4,0.5441097814718355,0.1279537826681123,0.2558786539894577,0.0720577818705944,17.426428497635523,15.978946680677376,16.67198082165602,15.404745967162468,18.03503273362392,WORKBOOK,,95.4381245918876,75.77858138526565,Premier League,England,75.82,6,145.22,,,,0,pirelli | PNEUMATICI,17,83.33333333333334,94.79166666666666,PRIORITY,ROI_NOT_AVAILABLE,SPONSOR_FIT + SVI,1,2
pirelli,2200000.0,131829.0,431000.0,35000.0,PNEUMATICI,PNEUMATICI,2025,2797829.0,4,0.786323967619179,0.0471183192396676,0.1540480136563028,0.0125096994848505,14.603968372873895,11.789268492752017,12.973865689268807,10.463131911491969,14.84435467467768,2797829.0,0.786323967619179,0.0471183192396676,0.1540480136563028,0.0125096994848505,Milan,29000000.0,7920765.0,18200000.0,2190000.0,2025,57310765.0,4,0.5060131373224559,0.138207280953238,0.317566865492024,0.038212716232282,17.182806422433504,15.884998476285524,16.716932206992077,14.599412558413585,17.863999052343328,WORKBOOK,,92.012776197988,71.96891697032768,Serie A,Italy,48.15,22,96.56,-81.99956062385442,18.00043937614558,36.26878184590585,1,pirelli | PNEUMATICI,25,75.0,78.125,PRIORITY,ROI_AVAILABLE,SPONSOR_FIT + SVI + ROI_PROXY,1,3
poste italiane,682422.0,83840.0,106000.0,56800.0,LOGISTICA,LOGISTICA,2025,929062.0,4,0.7345279432373727,0.0902415554613147,0.1140935696433607,0.0611369316579517,13.433404979163718,11.336677426964654,11.571203807011967,10.947309210188068,13.741931830351335,929062.0,0.7345279432373727,0.0902415554613147,0.1140935696433607,0.0611369316579517,Inter,35000000.0,2886796.0,14300000.0,4010000.0,2025,56196796.0,4,0.6228113076055083,0.0513694054728671,0.2544629056788219,0.0713563812428025,17.370858648025116,14.875658140966744,16.475770165160203,15.20430204865928,17.8443703203572,WORKBOOK,,97.2042077142692,84.9411214379688,Serie A,Italy,54.34,15,107.45,,,,0,poste italiane | LOGISTICA,12,88.54166666666666,85.41666666666666,PRIORITY,ROI_NOT_AVAILABLE,SPONSOR_FIT + SVI,1,1
poste italiane,682422.0,83840.0,106000.0,56800.0,LOGISTICA,LOGISTICA,2025,929062.0,4,0.7345279432373727,0.0902415554613147,0.1140935696433607,0.0611369316579517,13.433404979163718,11.336677426964654,11.571203807011967,10.947309210188068,13.741931830351335,929062.0,0.7345279432373727,0.0902415554613147,0.1140935696433607,0.0611369316579517,Tottenham Hotspur,37000000.0,8700983.0,17400000.0,4900000.0,2025,68000983.0,4,0.5441097814718355,0.1279537826681123,0.2558786539894577,0.0720577818705944,17.426428497635523,15.978946680677376,16.67198082165602,15.404745967162468,18.03503273362392,WORKBOOK,,95.65706225692878,80.95818382344629,Premier League,England,75.82,6,145.22,,,,0,poste italiane | LOGISTICA,17,83.33333333333334,94.79166666666666,PRIORITY,ROI_NOT_AVAILABLE,SPONSOR_FIT + SVI,1,2
poste italiane,682422.0,83840.0,106000.0,56800.0,LOGISTICA,LOGISTICA,2025,929062.0,4,0.7345279432373727,0.0902415554613147,0.1140935696433607,0.0611369316579517,13.433404979163718,11.336677426964654,11.571203807011967,10.947309210188068,13.741931830351335,929062.0,0.7345279432373727,0.0902415554613147,0.1140935696433607,0.0611369316579517,SV Werder Bremen,1100000.0,476903.0,582000.0,167000.0,2025,2325903.0,4,0.4729345978744599,0.205039935027385,0.2502253963299415,0.0718000707682134,13.910821646859096,13.07507049175376,13.274227444925158,12.025755079404917,14.659619338638072,WORKBOOK,,91.92747615102806,73.84066546370872,Bundesliga,Germany,46.73,23,94.08,,,,0,poste italiane | LOGISTICA,25,75.0,77.08333333333334,PRIORITY,ROI_NOT_AVAILABLE,SPONSOR_FIT + SVI,1,3
prada,8100000.0,1989266.0,34000000.0,395000.0,MODA,MODA,2025,44484266.0,4,0.1820868529110944,0.0447184179682766,0.7643151850589149,0.0088795440617138,15.90737474309945,14.503276787137665,17.341871111992198,12.886643575525625,17.610646134060936,44484266.0,0.1820868529110944,0.0447184179682766,0.7643151850589149,0.0088795440617138,RB Leipzig,1400000.0,278845.0,2200000.0,225000.0,2025,4103845.0,4,0.3411434886064167,0.067947254343183,0.5360826249529405,0.0548266320974598,14.151983508870948,12.538414937085085,14.603968372873895,12.323860125621126,15.227435140762214,WORKBOOK,,94.17279973095496,77.17674398940255,Bundesliga,Germany,49.99,19,99.8,,,,0,prada | MODA,5,95.83333333333334,81.25,PRIORITY,ROI_NOT_AVAILABLE,SPONSOR_FIT + SVI,1,1
prada,8100000.0,1989266.0,34000000.0,395000.0,MODA,MODA,2025,44484266.0,4,0.1820868529110944,0.0447184179682766,0.7643151850589149,0.0088795440617138,15.90737474309945,14.503276787137665,17.341871111992198,12.886643575525625,17.610646134060936,44484266.0,0.1820868529110944,0.0447184179682766,0.7643151850589149,0.0088795440617138,Bayer Leverkusen,3000000.0,482000.0,4600000.0,500000.0,2025,8582000.0,4,0.3495688650664181,0.0561640643206711,0.536005593101841,0.0582614775110696,14.914123179965662,13.085701467719382,15.341567078850604,13.122365377402328,,MANUAL_ESTIMATE_2025,"Manual 2025 approximation from public social-media sources; Facebook=3.0m, X=482k, Instagram=4.6m, YouTube=500k.",93.836404634713,77.1690408042926,Bundesliga,Germany,52.23,17,103.75,,,,0,prada | MODA,6,94.79166666666666,83.33333333333334,PRIORITY,ROI_NOT_AVAILABLE,SPONSOR_FIT + SVI,1,2
prada,8100000.0,1989266.0,34000000.0,395000.0,MODA,MODA,2025,44484266.0,4,0.1820868529110944,0.0447184179682766,0.7643151850589149,0.0088795440617138,15.90737474309945,14.503276787137665,17.341871111992198,12.886643575525625,17.610646134060936,44484266.0,0.1820868529110944,0.0447184179682766,0.7643151850589149,0.0088795440617138,Real Madrid,132000000.0,48892183.0,180000000.0,19000000.0,2025,379892183.0,4,0.3474670075009151,0.1287001554333114,0.4738186465921569,0.0500141904736165,18.6983124881264,17.705128105269083,19.00846741441004,16.759949589762293,19.75539804411099,WORKBOOK,,90.8606760411976,70.95034615332419,La Liga,Spain,100.0,1,187.75,,,,0,prada | MODA,9,91.66666666666666,100.0,PRIORITY,ROI_NOT_AVAILABLE,SPONSOR_FIT + SVI,1,3
qatar,30000000.0,1895672.0,8000000.0,6360000.0,AVIAZIONE,AVIAZIONE,2025,46255672.0,4,0.6485691095353668,0.0409824767003709,0.1729517625427644,0.1374966512214977,17.216707972959764,14.455084478568295,15.894952224644102,15.665539092548997,17.64969467386011,46255672.0,0.6485691095353668,0.0409824767003709,0.1729517625427644,0.1374966512214977,Inter,35000000.0,2886796.0,14300000.0,4010000.0,2025,56196796.0,4,0.6228113076055083,0.0513694054728671,0.2544629056788219,0.0713563812428025,17.370858648025116,14.875658140966744,16.475770165160203,15.20430204865928,17.8443703203572,WORKBOOK,,98.7409162785476,90.81019280914462,Serie A,Italy,54.34,15,107.45,,,,0,qatar | AVIAZIONE,7,93.75,85.41666666666666,PRIORITY,ROI_NOT_AVAILABLE,SPONSOR_FIT + SVI,1,1
qatar,30000000.0,1895672.0,8000000.0,6360000.0,AVIAZIONE,AVIAZIONE,2025,46255672.0,4,0.6485691095353668,0.0409824767003709,0.1729517625427644,0.1374966512214977,17.216707972959764,14.455084478568295,15.894952224644102,15.665539092548997,17.64969467386011,46255672.0,0.6485691095353668,0.0409824767003709,0.1729517625427644,0.1374966512214977,Tottenham Hotspur,37000000.0,8700983.0,17400000.0,4900000.0,2025,68000983.0,4,0.5441097814718355,0.1279537826681123,0.2558786539894577,0.0720577818705944,17.426428497635523,15.978946680677376,16.67198082165602,15.404745967162468,18.03503273362392,WORKBOOK,,97.04767997556888,83.01018025855653,Premier League,England,75.82,6,145.22,,,,0,qatar | AVIAZIONE,16,84.375,94.79166666666666,PRIORITY,ROI_NOT_AVAILABLE,SPONSOR_FIT + SVI,1,2
qatar,30000000.0,1895672.0,8000000.0,6360000.0,AVIAZIONE,AVIAZIONE,2025,46255672.0,4,0.6485691095353668,0.0409824767003709,0.1729517625427644,0.1374966512214977,17.216707972959764,14.455084478568295,15.894952224644102,15.665539092548997,17.64969467386011,46255672.0,0.6485691095353668,0.0409824767003709,0.1729517625427644,0.1374966512214977,Milan,29000000.0,7920765.0,18200000.0,2190000.0,2025,57310765.0,4,0.5060131373224559,0.138207280953238,0.317566865492024,0.038212716232282,17.182806422433504,15.884998476285524,16.716932206992077,14.599412558413585,17.863999052343328,WORKBOOK,,93.43629827200728,75.81600927978734,Serie A,Italy,48.15,22,96.56,-81.99956062385442,18.00043937614558,36.26878184590585,1,qatar | AVIAZIONE,24,76.04166666666666,78.125,PRIORITY,ROI_AVAILABLE,SPONSOR_FIT + SVI + ROI_PROXY,1,3
razer,10000000.0,3080422.0,7400000.0,2000000.0,TECNOLOGIA,TECNOLOGIA,2025,22480422.0,4,0.4448315071665469,0.1370268760968989,0.3291753153032447,0.0889663014333093,16.118095750958314,14.94057748318214,15.816990693309524,14.508658238524095,16.92815539953871,22480422.0,0.4448315071665469,0.1370268760968989,0.3291753153032447,0.0889663014333093,Aston Villa,7100000.0,2368453.0,4400000.0,757000.0,2025,14625453.0,4,0.4854550488111376,0.1619404882706881,0.3008453823618318,0.0517590805563424,15.775605482856603,14.677747979582506,15.29711532616119,13.537119853422675,16.49827399333542,WORKBOOK,,99.40360178260738,93.446284618162,Premier League,England,55.92,14,110.23,,,,0,razer | TECNOLOGIA,4,96.875,86.45833333333334,PRIORITY,ROI_NOT_AVAILABLE,SPONSOR_FIT + SVI,1,1
razer,10000000.0,3080422.0,7400000.0,2000000.0,TECNOLOGIA,TECNOLOGIA,2025,22480422.0,4,0.4448315071665469,0.1370268760968989,0.3291753153032447,0.0889663014333093,16.118095750958314,14.94057748318214,15.816990693309524,14.508658238524095,16.92815539953871,22480422.0,0.4448315071665469,0.1370268760968989,0.3291753153032447,0.0889663014333093,Manchester United,85000000.0,37785441.0,65300000.0,10600000.0,2025,198685441.0,4,0.4278119200490387,0.1901772007542314,0.3286602162259086,0.0533506629708213,18.258161826219297,17.447434454132203,17.994502609560595,16.176364653421913,19.107233438607444,WORKBOOK,,99.33976639140558,94.68496753426676,Premier League,England,86.47,5,163.96,-72.08777100106478,27.912228998935213,62.76316345479866,1,razer | TECNOLOGIA,5,95.83333333333334,95.83333333333334,PRIORITY,ROI_RELATIVELY_STRONG,SPONSOR_FIT + SVI + ROI_PROXY,1,2
razer,10000000.0,3080422.0,7400000.0,2000000.0,TECNOLOGIA,TECNOLOGIA,2025,22480422.0,4,0.4448315071665469,0.1370268760968989,0.3291753153032447,0.0889663014333093,16.118095750958314,14.94057748318214,15.816990693309524,14.508658238524095,16.92815539953871,22480422.0,0.4448315071665469,0.1370268760968989,0.3291753153032447,0.0889663014333093,Milan,29000000.0,7920765.0,18200000.0,2190000.0,2025,57310765.0,4,0.5060131373224559,0.138207280953238,0.317566865492024,0.038212716232282,17.182806422433504,15.884998476285524,16.716932206992077,14.599412558413585,17.863999052343328,WORKBOOK,,99.2866131231318,93.7637964987752,Serie A,Italy,48.15,22,96.56,-81.99956062385442,18.00043937614558,36.26878184590585,1,razer | TECNOLOGIA,8,92.70833333333334,78.125,PRIORITY,ROI_AVAILABLE,SPONSOR_FIT + SVI + ROI_PROXY,1,3
reebok,10000000.0,644395.0,4300000.0,168000.0,ABBIGLIAMENTO SPORTIVO,ABBIGLIAMENTO SPORTIVO,2025,15112395.0,4,0.6617084849886468,0.0426401639184259,0.2845346485451181,0.0111167025478092,16.118095750958314,13.376068722941048,15.274125813221904,12.031725210748633,16.531025892161075,15112395.0,0.6617084849886468,0.0426401639184259,0.2845346485451181,0.0111167025478092,Inter,35000000.0,2886796.0,14300000.0,4010000.0,2025,56196796.0,4,0.6228113076055083,0.0513694054728671,0.2544629056788219,0.0713563812428025,17.370858648025116,14.875658140966744,16.475770165160203,15.20430204865928,17.8443703203572,WORKBOOK,,99.56474072009384,93.10310797505656,Serie A,Italy,54.34,15,107.45,,,,0,reebok | ABBIGLIAMENTO SPORTIVO,3,97.91666666666666,85.41666666666666,PRIORITY,ROI_NOT_AVAILABLE,SPONSOR_FIT + SVI,1,1
reebok,10000000.0,644395.0,4300000.0,168000.0,ABBIGLIAMENTO SPORTIVO,ABBIGLIAMENTO SPORTIVO,2025,15112395.0,4,0.6617084849886468,0.0426401639184259,0.2845346485451181,0.0111167025478092,16.118095750958314,13.376068722941048,15.274125813221904,12.031725210748633,16.531025892161075,15112395.0,0.6617084849886468,0.0426401639184259,0.2845346485451181,0.0111167025478092,Tottenham Hotspur,37000000.0,8700983.0,17400000.0,4900000.0,2025,68000983.0,4,0.5441097814718355,0.1279537826681123,0.2558786539894577,0.0720577818705944,17.426428497635523,15.978946680677376,16.67198082165602,15.404745967162468,18.03503273362392,WORKBOOK,,98.30994820199768,85.37453019275284,Premier League,England,75.82,6,145.22,,,,0,reebok | ABBIGLIAMENTO SPORTIVO,6,94.79166666666666,94.79166666666666,PRIORITY,ROI_NOT_AVAILABLE,SPONSOR_FIT + SVI,1,2
reebok,10000000.0,644395.0,4300000.0,168000.0,ABBIGLIAMENTO SPORTIVO,ABBIGLIAMENTO SPORTIVO,2025,15112395.0,4,0.6617084849886468,0.0426401639184259,0.2845346485451181,0.0111167025478092,16.118095750958314,13.376068722941048,15.274125813221904,12.031725210748633,16.531025892161075,15112395.0,0.6617084849886468,0.0426401639184259,0.2845346485451181,0.0111167025478092,Bayern Munich,64000000.0,6494125.0,44100000.0,5120000.0,2025,119714125.0,4,0.5346069229508214,0.0542469403673125,0.3683775828458003,0.0427685538360657,17.974393656948944,15.68640863398211,17.60197036309281,15.448665192328171,18.600617175261277,WORKBOOK,,97.92041149349004,87.28984379621747,Bundesliga,Germany,90.74,3,171.46,-85.76043760399334,14.239562396006654,26.21589395300713,1,reebok | ABBIGLIAMENTO SPORTIVO,10,90.625,97.91666666666666,PRIORITY,ROI_AVAILABLE,SPONSOR_FIT + SVI + ROI_PROXY,1,3
renault,18000000.0,131698.0,180000.0,87400.0,AUTO,AUTO,2025,18399098.0,4,0.9783088279653708,0.007157850890299,0.0097830882796537,0.0047502328646763,16.705882371415992,11.78827429468812,12.100717685412471,11.37826200322577,16.72781225398897,18399098.0,0.9783088279653708,0.007157850890299,0.0097830882796537,0.0047502328646763,Inter,35000000.0,2886796.0,14300000.0,4010000.0,2025,56196796.0,4,0.6228113076055083,0.0513694054728671,0.2544629056788219,0.0713563812428025,17.370858648025116,14.875658140966744,16.475770165160203,15.20430204865928,17.8443703203572,WORKBOOK,,92.26434507292215,64.45024796401374,Serie A,Italy,54.34,15,107.45,,,,0,renault | AUTO,11,89.58333333333334,85.41666666666666,PRIORITY,ROI_NOT_AVAILABLE,SPONSOR_FIT + SVI,1,1
renault,18000000.0,131698.0,180000.0,87400.0,AUTO,AUTO,2025,18399098.0,4,0.9783088279653708,0.007157850890299,0.0097830882796537,0.0047502328646763,16.705882371415992,11.78827429468812,12.100717685412471,11.37826200322577,16.72781225398897,18399098.0,0.9783088279653708,0.007157850890299,0.0097830882796537,0.0047502328646763,Tottenham Hotspur,37000000.0,8700983.0,17400000.0,4900000.0,2025,68000983.0,4,0.5441097814718355,0.1279537826681123,0.2558786539894577,0.0720577818705944,17.426428497635523,15.978946680677376,16.67198082165602,15.404745967162468,18.03503273362392,WORKBOOK,,88.52247832870701,56.58009535064645,Premier League,England,75.82,6,145.22,,,,0,renault | AUTO,17,83.33333333333334,94.79166666666666,PRIORITY,ROI_NOT_AVAILABLE,SPONSOR_FIT + SVI,1,2
renault,18000000.0,131698.0,180000.0,87400.0,AUTO,AUTO,2025,18399098.0,4,0.9783088279653708,0.007157850890299,0.0097830882796537,0.0047502328646763,16.705882371415992,11.78827429468812,12.100717685412471,11.37826200322577,16.72781225398897,18399098.0,0.9783088279653708,0.007157850890299,0.0097830882796537,0.0047502328646763,Athletic Bilbao,4300000.0,984531.0,1600000.0,746000.0,2025,7630531.0,4,0.5635256576508241,0.1290252277331682,0.2096839656375159,0.0977651489784918,15.274125813221904,13.79992168034212,14.285514812209817,13.522482219667571,15.847668125600624,WORKBOOK,,91.0561317417292,58.52168296854532,La Liga,Spain,31.48,41,67.25,,,,0,renault | AUTO,14,86.45833333333334,58.333333333333336,STRONG_FIT,ROI_NOT_AVAILABLE,SPONSOR_FIT + SVI,2,3
repsol,226143.0,55460.0,120000.0,28700.0,CARBURANTI,CARBURANTI,2025,430303.0,4,0.5255436285594105,0.1288859245694313,0.2788732590755816,0.0666971877955766,12.32892724349058,10.923435350020556,11.695255355062796,10.264687244346277,12.972247214623597,430303.0,0.5255436285594105,0.1288859245694313,0.2788732590755816,0.0666971877955766,Tottenham Hotspur,37000000.0,8700983.0,17400000.0,4900000.0,2025,68000983.0,4,0.5441097814718355,0.1279537826681123,0.2558786539894577,0.0720577818705944,17.426428497635523,15.978946680677376,16.67198082165602,15.404745967162468,18.03503273362392,WORKBOOK,,99.88653740269402,97.60732530125571,Premier League,England,75.82,6,145.22,,,,0,repsol | CARBURANTI,1,100.0,94.79166666666666,PRIORITY,ROI_NOT_AVAILABLE,SPONSOR_FIT + SVI,1,1
repsol,226143.0,55460.0,120000.0,28700.0,CARBURANTI,CARBURANTI,2025,430303.0,4,0.5255436285594105,0.1288859245694313,0.2788732590755816,0.0666971877955766,12.32892724349058,10.923435350020556,11.695255355062796,10.264687244346277,12.972247214623597,430303.0,0.5255436285594105,0.1288859245694313,0.2788732590755816,0.0666971877955766,Milan,29000000.0,7920765.0,18200000.0,2190000.0,2025,57310765.0,4,0.5060131373224559,0.138207280953238,0.317566865492024,0.038212716232282,17.182806422433504,15.884998476285524,16.716932206992077,14.599412558413585,17.863999052343328,WORKBOOK,,99.63149222025103,95.19850371997508,Serie A,Italy,48.15,22,96.56,-81.99956062385442,18.00043937614558,36.26878184590585,1,repsol | CARBURANTI,3,97.91666666666666,78.125,PRIORITY,ROI_AVAILABLE,SPONSOR_FIT + SVI + ROI_PROXY,1,2
repsol,226143.0,55460.0,120000.0,28700.0,CARBURANTI,CARBURANTI,2025,430303.0,4,0.5255436285594105,0.1288859245694313,0.2788732590755816,0.0666971877955766,12.32892724349058,10.923435350020556,11.695255355062796,10.264687244346277,12.972247214623597,430303.0,0.5255436285594105,0.1288859245694313,0.2788732590755816,0.0666971877955766,Aston Villa,7100000.0,2368453.0,4400000.0,757000.0,2025,14625453.0,4,0.4854550488111376,0.1619404882706881,0.3008453823618318,0.0517590805563424,15.775605482856603,14.677747979582506,15.29711532616119,13.537119853422675,16.49827399333542,WORKBOOK,,99.57071612236948,94.4973313012493,Premier League,England,55.92,14,110.23,,,,0,repsol | CARBURANTI,4,96.875,86.45833333333334,PRIORITY,ROI_NOT_AVAILABLE,SPONSOR_FIT + SVI,1,3
richard mille,359591.0,80543.0,2700000.0,2270000.0,OROLOGERIA,OROLOGERIA,2025,5410134.0,4,0.0664661910407394,0.0148874316236899,0.4990634243070504,0.4195829530285201,12.79272533439109,11.296558897935045,14.80876270134486,14.635290829986122,15.503784604300602,5410134.0,0.0664661910407394,0.0148874316236899,0.4990634243070504,0.4195829530285201,Juventus,46000000.0,9430488.0,60000000.0,12900000.0,2025,128330488.0,4,0.3584495057791723,0.0734859513664438,0.4675428336250073,0.1005217092293765,17.6441519761925,16.059458509044603,17.909855136853043,16.372737946851277,18.670119439701967,WORKBOOK,,76.10735985321196,64.94181655188133,Serie A,Italy,58.68,12,115.08,-65.58713963636363,34.41286036363637,80.13946124053157,1,richard mille | OROLOGERIA,3,97.91666666666666,88.54166666666666,PRIORITY,ROI_RELATIVELY_STRONG,SPONSOR_FIT + SVI + ROI_PROXY,1,1
richard mille,359591.0,80543.0,2700000.0,2270000.0,OROLOGERIA,OROLOGERIA,2025,5410134.0,4,0.0664661910407394,0.0148874316236899,0.4990634243070504,0.4195829530285201,12.79272533439109,11.296558897935045,14.80876270134486,14.635290829986122,15.503784604300602,5410134.0,0.0664661910407394,0.0148874316236899,0.4990634243070504,0.4195829530285201,Bayer Leverkusen,3000000.0,482000.0,4600000.0,500000.0,2025,8582000.0,4,0.3495688650664181,0.0561640643206711,0.536005593101841,0.0582614775110696,14.914123179965662,13.085701467719382,15.341567078850604,13.122365377402328,,MANUAL_ESTIMATE_2025,"Manual 2025 approximation from public social-media sources; Facebook=3.0m, X=482k, Instagram=4.6m, YouTube=500k.",74.73573591929188,63.86785244825495,Bundesliga,Germany,52.23,17,103.75,,,,0,richard mille | OROLOGERIA,5,95.83333333333334,83.33333333333334,PRIORITY,ROI_NOT_AVAILABLE,SPONSOR_FIT + SVI,1,2
richard mille,359591.0,80543.0,2700000.0,2270000.0,OROLOGERIA,OROLOGERIA,2025,5410134.0,4,0.0664661910407394,0.0148874316236899,0.4990634243070504,0.4195829530285201,12.79272533439109,11.296558897935045,14.80876270134486,14.635290829986122,15.503784604300602,5410134.0,0.0664661910407394,0.0148874316236899,0.4990634243070504,0.4195829530285201,RB Leipzig,1400000.0,278845.0,2200000.0,225000.0,2025,4103845.0,4,0.3411434886064167,0.067947254343183,0.5360826249529405,0.0548266320974598,14.151983508870948,12.538414937085085,14.603968372873895,12.323860125621126,15.227435140762214,WORKBOOK,,74.73301416694798,63.52436790689397,Bundesliga,Germany,49.99,19,99.8,,,,0,richard mille | OROLOGERIA,6,94.79166666666666,81.25,PRIORITY,ROI_NOT_AVAILABLE,SPONSOR_FIT + SVI,1,3
rolex,8100000.0,896443.0,17500000.0,2530000.0,OROLOGERIA,OROLOGERIA,2025,29026443.0,4,0.2790558939653749,0.0308836670066669,0.6028985363449458,0.0871619026830121,15.90737474309945,13.706191104934076,16.677711496036597,14.74373025596054,17.18371783452606,29026443.0,0.2790558939653749,0.0308836670066669,0.6028985363449458,0.0871619026830121,RB Leipzig,1400000.0,278845.0,2200000.0,225000.0,2025,4103845.0,4,0.3411434886064167,0.067947254343183,0.5360826249529405,0.0548266320974598,14.151983508870948,12.538414937085085,14.603968372873895,12.323860125621126,15.227435140762214,WORKBOOK,,98.85214311901588,90.08488180224424,Bundesliga,Germany,49.99,19,99.8,,,,0,rolex | OROLOGERIA,4,96.875,81.25,PRIORITY,ROI_NOT_AVAILABLE,SPONSOR_FIT + SVI,1,1
rolex,8100000.0,896443.0,17500000.0,2530000.0,OROLOGERIA,OROLOGERIA,2025,29026443.0,4,0.2790558939653749,0.0308836670066669,0.6028985363449458,0.0871619026830121,15.90737474309945,13.706191104934076,16.677711496036597,14.74373025596054,17.18371783452606,29026443.0,0.2790558939653749,0.0308836670066669,0.6028985363449458,0.0871619026830121,Bayer Leverkusen,3000000.0,482000.0,4600000.0,500000.0,2025,8582000.0,4,0.3495688650664181,0.0561640643206711,0.536005593101841,0.0582614775110696,14.914123179965662,13.085701467719382,15.341567078850604,13.122365377402328,,MANUAL_ESTIMATE_2025,"Manual 2025 approximation from public social-media sources; Facebook=3.0m, X=482k, Instagram=4.6m, YouTube=500k.",98.81441635376892,90.42066315849527,Bundesliga,Germany,52.23,17,103.75,,,,0,rolex | OROLOGERIA,5,95.83333333333334,83.33333333333334,PRIORITY,ROI_NOT_AVAILABLE,SPONSOR_FIT + SVI,1,2
rolex,8100000.0,896443.0,17500000.0,2530000.0,OROLOGERIA,OROLOGERIA,2025,29026443.0,4,0.2790558939653749,0.0308836670066669,0.6028985363449458,0.0871619026830121,15.90737474309945,13.706191104934076,16.677711496036597,14.74373025596054,17.18371783452606,29026443.0,0.2790558939653749,0.0308836670066669,0.6028985363449458,0.0871619026830121,Juventus,46000000.0,9430488.0,60000000.0,12900000.0,2025,128330488.0,4,0.3584495057791723,0.0734859513664438,0.4675428336250073,0.1005217092293765,17.6441519761925,16.059458509044603,17.909855136853043,16.372737946851277,18.670119439701967,WORKBOOK,,97.28743634049316,86.46442972800614,Serie A,Italy,58.68,12,115.08,-65.58713963636363,34.41286036363637,80.13946124053157,1,rolex | OROLOGERIA,7,93.75,88.54166666666666,PRIORITY,ROI_RELATIVELY_STRONG,SPONSOR_FIT + SVI + ROI_PROXY,1,3
santander,7974.0,99229.0,29300.0,20500.0,BANCHE,BANCHE,2025,157003.0,4,0.0507888384298389,0.63201977032286,0.1866206378222072,0.1305707534250937,8.984066927653044,11.505195666908287,10.285376924115589,9.928228944424577,11.9640265617129,157003.0,0.0507888384298389,0.63201977032286,0.1866206378222072,0.1305707534250937,VfB Stuttgart,630221.0,502745.0,725000.0,92700.0,2025,1950666.0,4,0.3230799121940916,0.257729924036201,0.3716679329008656,0.0475222308688417,13.35382741724851,13.127840351362572,13.493928313146206,11.437134538982278,14.483681923335778,WORKBOOK,,67.81221799855281,54.266163115708885,Bundesliga,Germany,45.64,24,92.16,,,,0,santander | BANCHE,7,93.75,76.04166666666666,PRIORITY,ROI_NOT_AVAILABLE,SPONSOR_FIT + SVI,1,1
santander,7974.0,99229.0,29300.0,20500.0,BANCHE,BANCHE,2025,157003.0,4,0.0507888384298389,0.63201977032286,0.1866206378222072,0.1305707534250937,8.984066927653044,11.505195666908287,10.285376924115589,9.928228944424577,11.9640265617129,157003.0,0.0507888384298389,0.63201977032286,0.1866206378222072,0.1305707534250937,FC Köln,821503.0,573780.0,664000.0,122000.0,2025,2181283.0,4,0.3766145887534997,0.2630470232427429,0.3044080020795101,0.0559303859242473,13.61889208558942,13.260003069398389,13.406038934481533,11.711784520403112,14.595424252203944,WORKBOOK,,66.85385748179382,55.63868854190363,Bundesliga,Germany,49.39,20,98.76,,,,0,santander | BANCHE,8,92.70833333333334,80.20833333333334,PRIORITY,ROI_NOT_AVAILABLE,SPONSOR_FIT + SVI,1,2
santander,7974.0,99229.0,29300.0,20500.0,BANCHE,BANCHE,2025,157003.0,4,0.0507888384298389,0.63201977032286,0.1866206378222072,0.1305707534250937,8.984066927653044,11.505195666908287,10.285376924115589,9.928228944424577,11.9640265617129,157003.0,0.0507888384298389,0.63201977032286,0.1866206378222072,0.1305707534250937,Leeds United,1700000.0,1064588.0,1300000.0,508000.0,2025,4572588.0,4,0.3717807071181571,0.2328195761350027,0.2843028936785907,0.1110968230682493,14.346139397261563,13.878099367148158,14.077875591662238,13.138238695062618,15.335590123245812,WORKBOOK,,64.87818358499354,58.13258754552984,Premier League,England,59.11,10,115.84,,,,0,santander | BANCHE,13,87.5,90.625,PRIORITY,ROI_NOT_AVAILABLE,SPONSOR_FIT + SVI,1,3
shell,9900000.0,557426.0,487000.0,1580000.0,CARBURANTI,CARBURANTI,2025,12524426.0,4,0.7904553869374932,0.0445071095473756,0.0388840175190463,0.1261534859960847,16.108045416114916,13.23108683203876,13.096021455450709,14.272936037914342,16.343191455385714,12524426.0,0.7904553869374932,0.0445071095473756,0.0388840175190463,0.1261534859960847,Inter,35000000.0,2886796.0,14300000.0,4010000.0,2025,56196796.0,4,0.6228113076055083,0.0513694054728671,0.2544629056788219,0.0713563812428025,17.370858648025116,14.875658140966744,16.475770165160203,15.20430204865928,17.8443703203572,WORKBOOK,,94.28744137238331,77.75588159147328,Serie A,Italy,54.34,15,107.45,,,,0,shell | CARBURANTI,14,86.45833333333334,85.41666666666666,PRIORITY,ROI_NOT_AVAILABLE,SPONSOR_FIT + SVI,1,1
shell,9900000.0,557426.0,487000.0,1580000.0,CARBURANTI,CARBURANTI,2025,12524426.0,4,0.7904553869374932,0.0445071095473756,0.0388840175190463,0.1261534859960847,16.108045416114916,13.23108683203876,13.096021455450709,14.272936037914342,16.343191455385714,12524426.0,0.7904553869374932,0.0445071095473756,0.0388840175190463,0.1261534859960847,Tottenham Hotspur,37000000.0,8700983.0,17400000.0,4900000.0,2025,68000983.0,4,0.5441097814718355,0.1279537826681123,0.2558786539894577,0.0720577818705944,17.426428497635523,15.978946680677376,16.67198082165602,15.404745967162468,18.03503273362392,WORKBOOK,,91.55378262629078,69.9558690408852,Premier League,England,75.82,6,145.22,,,,0,shell | CARBURANTI,19,81.25,94.79166666666666,PRIORITY,ROI_NOT_AVAILABLE,SPONSOR_FIT + SVI,1,2
shell,9900000.0,557426.0,487000.0,1580000.0,CARBURANTI,CARBURANTI,2025,12524426.0,4,0.7904553869374932,0.0445071095473756,0.0388840175190463,0.1261534859960847,16.108045416114916,13.23108683203876,13.096021455450709,14.272936037914342,16.343191455385714,12524426.0,0.7904553869374932,0.0445071095473756,0.0388840175190463,0.1261534859960847,SV Werder Bremen,1100000.0,476903.0,582000.0,167000.0,2025,2325903.0,4,0.4729345978744599,0.205039935027385,0.2502253963299415,0.0718000707682134,13.910821646859096,13.07507049175376,13.274227444925158,12.025755079404917,14.659619338638072,WORKBOOK,,86.67632783329132,62.81257957090955,Bundesliga,Germany,46.73,23,94.08,,,,0,shell | CARBURANTI,25,75.0,77.08333333333334,PRIORITY,ROI_NOT_AVAILABLE,SPONSOR_FIT + SVI,1,3
socios.com,272882.0,292516.0,340000.0,9820.0,CRIPTOVALUTE,CRIPTOVALUTE,2025,915218.0,4,0.2981606568052639,0.3196134691406856,0.371496189978781,0.0107296840752694,12.516798410875545,12.586278063623286,12.73670383776449,9.192278229157774,13.726918659881685,915218.0,0.2981606568052639,0.3196134691406856,0.371496189978781,0.0107296840752694,VfB Stuttgart,630221.0,502745.0,725000.0,92700.0,2025,1950666.0,4,0.3230799121940916,0.257729924036201,0.3716679329008656,0.0475222308688417,13.35382741724851,13.127840351362572,13.493928313146206,11.437134538982278,14.483681923335778,WORKBOOK,,99.13268524184365,93.81164548955154,Bundesliga,Germany,45.64,24,92.16,,,,0,socios.com | CRIPTOVALUTE,2,98.95833333333334,76.04166666666666,PRIORITY,ROI_NOT_AVAILABLE,SPONSOR_FIT + SVI,1,1
socios.com,272882.0,292516.0,340000.0,9820.0,CRIPTOVALUTE,CRIPTOVALUTE,2025,915218.0,4,0.2981606568052639,0.3196134691406856,0.371496189978781,0.0107296840752694,12.516798410875545,12.586278063623286,12.73670383776449,9.192278229157774,13.726918659881685,915218.0,0.2981606568052639,0.3196134691406856,0.371496189978781,0.0107296840752694,FC Köln,821503.0,573780.0,664000.0,122000.0,2025,2181283.0,4,0.3766145887534997,0.2630470232427429,0.3044080020795101,0.0559303859242473,13.61889208558942,13.260003069398389,13.406038934481533,11.711784520403112,14.595424252203944,WORKBOOK,,97.56048087818004,87.63453662027864,Bundesliga,Germany,49.39,20,98.76,,,,0,socios.com | CRIPTOVALUTE,11,89.58333333333334,80.20833333333334,PRIORITY,ROI_NOT_AVAILABLE,SPONSOR_FIT + SVI,1,2
socios.com,272882.0,292516.0,340000.0,9820.0,CRIPTOVALUTE,CRIPTOVALUTE,2025,915218.0,4,0.2981606568052639,0.3196134691406856,0.371496189978781,0.0107296840752694,12.516798410875545,12.586278063623286,12.73670383776449,9.192278229157774,13.726918659881685,915218.0,0.2981606568052639,0.3196134691406856,0.371496189978781,0.0107296840752694,Crystal Palace,2500000.0,1498124.0,2300000.0,387000.0,2025,6685124.0,4,0.3739646414935609,0.2240981618291598,0.344047470174076,0.0578897265032032,14.731801689838347,14.219724884170786,14.648420115681892,12.866182555987908,15.715395466922272,WORKBOOK,,97.25141337038175,87.70359728837693,Premier League,England,52.7,16,104.57,,,,0,socios.com | CRIPTOVALUTE,14,86.45833333333334,84.375,PRIORITY,ROI_NOT_AVAILABLE,SPONSOR_FIT + SVI,1,3
sony,8500000.0,6139391.0,3200000.0,726000.0,TECNOLOGIA,TECNOLOGIA,2025,18565391.0,4,0.4578411518507744,0.3306900996590914,0.1723637277555856,0.0391050207345484,15.955576839107596,15.63023627241894,14.978661680269909,13.495306671216452,16.736809760371745,18565391.0,0.4578411518507744,0.3306900996590914,0.1723637277555856,0.0391050207345484,SV Werder Bremen,1100000.0,476903.0,582000.0,167000.0,2025,2325903.0,4,0.4729345978744599,0.205039935027385,0.2502253963299415,0.0718000707682134,13.910821646859096,13.07507049175376,13.274227444925158,12.025755079404917,14.659619338638072,WORKBOOK,,96.64333287718976,87.43498353682936,Bundesliga,Germany,46.73,23,94.08,,,,0,sony | TECNOLOGIA,10,90.625,77.08333333333334,PRIORITY,ROI_NOT_AVAILABLE,SPONSOR_FIT + SVI,1,1
sony,8500000.0,6139391.0,3200000.0,726000.0,TECNOLOGIA,TECNOLOGIA,2025,18565391.0,4,0.4578411518507744,0.3306900996590914,0.1723637277555856,0.0391050207345484,15.955576839107596,15.63023627241894,14.978661680269909,13.495306671216452,16.736809760371745,18565391.0,0.4578411518507744,0.3306900996590914,0.1723637277555856,0.0391050207345484,FC Köln,821503.0,573780.0,664000.0,122000.0,2025,2181283.0,4,0.3766145887534997,0.2630470232427429,0.3044080020795101,0.0559303859242473,13.61889208558942,13.260003069398389,13.406038934481533,11.711784520403112,14.595424252203944,WORKBOOK,,95.81180306236892,85.11303604863767,Bundesliga,Germany,49.39,20,98.76,,,,0,sony | TECNOLOGIA,13,87.5,80.20833333333334,PRIORITY,ROI_NOT_AVAILABLE,SPONSOR_FIT + SVI,1,2
sony,8500000.0,6139391.0,3200000.0,726000.0,TECNOLOGIA,TECNOLOGIA,2025,18565391.0,4,0.4578411518507744,0.3306900996590914,0.1723637277555856,0.0391050207345484,15.955576839107596,15.63023627241894,14.978661680269909,13.495306671216452,16.736809760371745,18565391.0,0.4578411518507744,0.3306900996590914,0.1723637277555856,0.0391050207345484,Arsenal,47000000.0,21411952.0,31700000.0,5180000.0,2025,105291952.0,4,0.4463778960048152,0.2033579166620445,0.3010676447521839,0.0491965425809562,17.665658180950928,16.879459875462175,17.27182727039325,15.46031580728584,18.47224755443098,WORKBOOK,,95.20079750690856,86.12045611569941,Premier League,England,58.97,11,115.59,,,,0,sony | TECNOLOGIA,16,84.375,89.58333333333334,PRIORITY,ROI_NOT_AVAILABLE,SPONSOR_FIT + SVI,1,3
tag heuer,3500000.0,435061.0,3400000.0,72300.0,OROLOGERIA,OROLOGERIA,2025,7407361.0,4,0.4725029602310458,0.0587336029660225,0.4590028756530159,0.0097605611499156,15.068273812173889,12.9832438286502,15.039286283703994,11.18859323930985,15.817984928489194,7407361.0,0.4725029602310458,0.0587336029660225,0.4590028756530159,0.0097605611499156,Manchester City,56000000.0,17645421.0,56300000.0,9010000.0,2025,138955421.0,4,0.4030069470985231,0.1269862008478244,0.4051659128865508,0.0648409391671016,17.840862266556567,16.68598693092907,17.846205110871907,16.013845740572307,18.749663734622136,WORKBOOK,,98.69441355684326,87.66670241010121,Premier League,England,58.36,13,114.51,,,,0,tag heuer | OROLOGERIA,3,97.91666666666666,87.5,PRIORITY,ROI_NOT_AVAILABLE,SPONSOR_FIT + SVI,1,1
tag heuer,3500000.0,435061.0,3400000.0,72300.0,OROLOGERIA,OROLOGERIA,2025,7407361.0,4,0.4725029602310458,0.0587336029660225,0.4590028756530159,0.0097605611499156,15.068273812173889,12.9832438286502,15.039286283703994,11.18859323930985,15.817984928489194,7407361.0,0.4725029602310458,0.0587336029660225,0.4590028756530159,0.0097605611499156,Borussia Dortmund,16000000.0,4062923.0,20800000.0,1570000.0,2025,42432923.0,4,0.3770657043824202,0.0957493076779085,0.4901854156971463,0.0369995722425249,16.588099342704055,15.21741346940481,16.85046359274847,14.266586814266963,17.563435128308676,WORKBOOK,,98.67354606851389,90.45627441513744,Bundesliga,Germany,68.72,8,132.75,-92.09067523851078,7.909324761489218,9.295061495237812,1,tag heuer | OROLOGERIA,4,96.875,92.70833333333334,PRIORITY,ROI_AVAILABLE,SPONSOR_FIT + SVI + ROI_PROXY,1,2
tag heuer,3500000.0,435061.0,3400000.0,72300.0,OROLOGERIA,OROLOGERIA,2025,7407361.0,4,0.4725029602310458,0.0587336029660225,0.4590028756530159,0.0097605611499156,15.068273812173889,12.9832438286502,15.039286283703994,11.18859323930985,15.817984928489194,7407361.0,0.4725029602310458,0.0587336029660225,0.4590028756530159,0.0097605611499156,PSG,54000000.0,14613125.0,65700000.0,9930000.0,2025,144243125.0,4,0.374367929147403,0.101308987863373,0.4554809804626737,0.0688421025265502,17.804494623047066,16.49743072387907,18.00060949867554,16.111071136726284,18.787010808837476,WORKBOOK,,98.56445871378926,89.8343073726015,Ligue 1,France,87.38,4,165.55,-85.78582743410401,14.214172565895996,26.148026506911407,1,tag heuer | OROLOGERIA,5,95.83333333333334,96.875,PRIORITY,ROI_AVAILABLE,SPONSOR_FIT + SVI + ROI_PROXY,1,3
tim,2300000.0,402475.0,159000.0,93200.0,COMPAGNIE TELEFONICHE,COMPAGNIE TELEFONICHE ,2025,2954675.0,4,0.7784274074136749,0.1362163351299212,0.0538130251212062,0.0315432323351976,14.648420115681892,12.905390746733785,11.976665770490769,11.442513730229855,14.898899558140869,2954675.0,0.7784274074136749,0.1362163351299212,0.0538130251212062,0.0315432323351976,Inter,35000000.0,2886796.0,14300000.0,4010000.0,2025,56196796.0,4,0.6228113076055083,0.0513694054728671,0.2544629056788219,0.0713563812428025,17.370858648025116,14.875658140966744,16.475770165160203,15.20430204865928,17.8443703203572,WORKBOOK,,94.40208438027685,75.95369705347794,Serie A,Italy,54.34,15,107.45,,,,0,tim | COMPAGNIE TELEFONICHE,14,86.45833333333334,85.41666666666666,PRIORITY,ROI_NOT_AVAILABLE,SPONSOR_FIT + SVI,1,1
tim,2300000.0,402475.0,159000.0,93200.0,COMPAGNIE TELEFONICHE,COMPAGNIE TELEFONICHE ,2025,2954675.0,4,0.7784274074136749,0.1362163351299212,0.0538130251212062,0.0315432323351976,14.648420115681892,12.905390746733785,11.976665770490769,11.442513730229855,14.898899558140869,2954675.0,0.7784274074136749,0.1362163351299212,0.0538130251212062,0.0315432323351976,Tottenham Hotspur,37000000.0,8700983.0,17400000.0,4900000.0,2025,68000983.0,4,0.5441097814718355,0.1279537826681123,0.2558786539894577,0.0720577818705944,17.426428497635523,15.978946680677376,16.67198082165602,15.404745967162468,18.03503273362392,WORKBOOK,,93.1468330672386,75.74198215963517,Premier League,England,75.82,6,145.22,,,,0,tim | COMPAGNIE TELEFONICHE,17,83.33333333333334,94.79166666666666,PRIORITY,ROI_NOT_AVAILABLE,SPONSOR_FIT + SVI,1,2
tim,2300000.0,402475.0,159000.0,93200.0,COMPAGNIE TELEFONICHE,COMPAGNIE TELEFONICHE ,2025,2954675.0,4,0.7784274074136749,0.1362163351299212,0.0538130251212062,0.0315432323351976,14.648420115681892,12.905390746733785,11.976665770490769,11.442513730229855,14.898899558140869,2954675.0,0.7784274074136749,0.1362163351299212,0.0538130251212062,0.0315432323351976,SV Werder Bremen,1100000.0,476903.0,582000.0,167000.0,2025,2325903.0,4,0.4729345978744599,0.205039935027385,0.2502253963299415,0.0718000707682134,13.910821646859096,13.07507049175376,13.274227444925158,12.025755079404917,14.659619338638072,WORKBOOK,,89.95864404205834,69.45071904607852,Bundesliga,Germany,46.73,23,94.08,,,,0,tim | COMPAGNIE TELEFONICHE,22,78.125,77.08333333333334,PRIORITY,ROI_NOT_AVAILABLE,SPONSOR_FIT + SVI,1,3
tissot,1600000.0,112116.0,2000000.0,61400.0,OROLOGERIA,OROLOGERIA,2025,3773516.0,4,0.4240077423813759,0.0297112825280189,0.5300096779767198,0.0162712971138853,14.285514812209817,11.627298247874728,14.508658238524095,11.02518140064756,15.143518015798277,3773516.0,0.4240077423813759,0.0297112825280189,0.5300096779767198,0.0162712971138853,Borussia Dortmund,16000000.0,4062923.0,20800000.0,1570000.0,2025,42432923.0,4,0.3770657043824202,0.0957493076779085,0.4901854156971463,0.0369995722425249,16.588099342704055,15.21741346940481,16.85046359274847,14.266586814266963,17.563435128308676,WORKBOOK,,99.31887433359668,91.32336997214708,Bundesliga,Germany,68.72,8,132.75,-92.09067523851078,7.909324761489218,9.295061495237812,1,tissot | OROLOGERIA,2,98.95833333333334,92.70833333333334,PRIORITY,ROI_AVAILABLE,SPONSOR_FIT + SVI + ROI_PROXY,1,1
tissot,1600000.0,112116.0,2000000.0,61400.0,OROLOGERIA,OROLOGERIA,2025,3773516.0,4,0.4240077423813759,0.0297112825280189,0.5300096779767198,0.0162712971138853,14.285514812209817,11.627298247874728,14.508658238524095,11.02518140064756,15.143518015798277,3773516.0,0.4240077423813759,0.0297112825280189,0.5300096779767198,0.0162712971138853,Bayer Leverkusen,3000000.0,482000.0,4600000.0,500000.0,2025,8582000.0,4,0.3495688650664181,0.0561640643206711,0.536005593101841,0.0582614775110696,14.914123179965662,13.085701467719382,15.341567078850604,13.122365377402328,,MANUAL_ESTIMATE_2025,"Manual 2025 approximation from public social-media sources; Facebook=3.0m, X=482k, Instagram=4.6m, YouTube=500k.",99.21923033715204,92.55611226850422,Bundesliga,Germany,52.23,17,103.75,,,,0,tissot | OROLOGERIA,3,97.91666666666666,83.33333333333334,PRIORITY,ROI_NOT_AVAILABLE,SPONSOR_FIT + SVI,1,2
tissot,1600000.0,112116.0,2000000.0,61400.0,OROLOGERIA,OROLOGERIA,2025,3773516.0,4,0.4240077423813759,0.0297112825280189,0.5300096779767198,0.0162712971138853,14.285514812209817,11.627298247874728,14.508658238524095,11.02518140064756,15.143518015798277,3773516.0,0.4240077423813759,0.0297112825280189,0.5300096779767198,0.0162712971138853,RB Leipzig,1400000.0,278845.0,2200000.0,225000.0,2025,4103845.0,4,0.3411434886064167,0.067947254343183,0.5360826249529405,0.0548266320974598,14.151983508870948,12.538414937085085,14.603968372873895,12.323860125621126,15.227435140762214,WORKBOOK,,99.03723688314513,91.71357462250408,Bundesliga,Germany,49.99,19,99.8,,,,0,tissot | OROLOGERIA,4,96.875,81.25,PRIORITY,ROI_NOT_AVAILABLE,SPONSOR_FIT + SVI,1,3
turkish Airlines,10000000.0,1758943.0,2800000.0,602000.0,AVIAZIONE,AVIAZIONE,2025,15160943.0,4,0.6595895782999778,0.1160180471623697,0.1846850819239937,0.0397072926136586,16.118095750958314,14.380224186942302,14.845130332288226,13.308014385419147,16.534233205369144,15160943.0,0.6595895782999778,0.1160180471623697,0.1846850819239937,0.0397072926136586,Inter,35000000.0,2886796.0,14300000.0,4010000.0,2025,56196796.0,4,0.6228113076055083,0.0513694054728671,0.2544629056788219,0.0713563812428025,17.370858648025116,14.875658140966744,16.475770165160203,15.20430204865928,17.8443703203572,WORKBOOK,,98.82427698926134,89.8573087616028,Serie A,Italy,54.34,15,107.45,,,,0,turkish Airlines | AVIAZIONE,11,89.58333333333334,85.41666666666666,PRIORITY,ROI_NOT_AVAILABLE,SPONSOR_FIT + SVI,1,1
turkish Airlines,10000000.0,1758943.0,2800000.0,602000.0,AVIAZIONE,AVIAZIONE,2025,15160943.0,4,0.6595895782999778,0.1160180471623697,0.1846850819239937,0.0397072926136586,16.118095750958314,14.380224186942302,14.845130332288226,13.308014385419147,16.534233205369144,15160943.0,0.6595895782999778,0.1160180471623697,0.1846850819239937,0.0397072926136586,Tottenham Hotspur,37000000.0,8700983.0,17400000.0,4900000.0,2025,68000983.0,4,0.5441097814718355,0.1279537826681123,0.2558786539894577,0.0720577818705944,17.426428497635523,15.978946680677376,16.67198082165602,15.404745967162468,18.03503273362392,WORKBOOK,,98.41194683587428,88.45202031718577,Premier League,England,75.82,6,145.22,,,,0,turkish Airlines | AVIAZIONE,14,86.45833333333334,94.79166666666666,PRIORITY,ROI_NOT_AVAILABLE,SPONSOR_FIT + SVI,1,2
turkish Airlines,10000000.0,1758943.0,2800000.0,602000.0,AVIAZIONE,AVIAZIONE,2025,15160943.0,4,0.6595895782999778,0.1160180471623697,0.1846850819239937,0.0397072926136586,16.118095750958314,14.380224186942302,14.845130332288226,13.308014385419147,16.534233205369144,15160943.0,0.6595895782999778,0.1160180471623697,0.1846850819239937,0.0397072926136586,Milan,29000000.0,7920765.0,18200000.0,2190000.0,2025,57310765.0,4,0.5060131373224559,0.138207280953238,0.317566865492024,0.038212716232282,17.182806422433504,15.884998476285524,16.716932206992077,14.599412558413585,17.863999052343328,WORKBOOK,,95.89480482548322,84.49289826411015,Serie A,Italy,48.15,22,96.56,-81.99956062385442,18.00043937614558,36.26878184590585,1,turkish Airlines | AVIAZIONE,25,75.0,78.125,PRIORITY,ROI_AVAILABLE,SPONSOR_FIT + SVI + ROI_PROXY,1,3
u-power,31300.0,1359.0,39600.0,2710.0,ABBIGLIAMENTO SPORTIVO,ABBIGLIAMENTO SPORTIVO,2025,74969.0,4,0.417505902439675,0.0181274926969814,0.5282183302431672,0.0361482746201763,10.351405324899678,7.215239978730097,10.586609649448985,7.905072849498666,11.224843312497107,74969.0,0.417505902439675,0.0181274926969814,0.5282183302431672,0.0361482746201763,Bayer Leverkusen,3000000.0,482000.0,4600000.0,500000.0,2025,8582000.0,4,0.3495688650664181,0.0561640643206711,0.536005593101841,0.0582614775110696,14.914123179965662,13.085701467719382,15.341567078850604,13.122365377402328,,MANUAL_ESTIMATE_2025,"Manual 2025 approximation from public social-media sources; Facebook=3.0m, X=482k, Instagram=4.6m, YouTube=500k.",99.34007919062256,93.2062962626743,Bundesliga,Germany,52.23,17,103.75,,,,0,u-power | ABBIGLIAMENTO SPORTIVO,1,100.0,83.33333333333334,PRIORITY,ROI_NOT_AVAILABLE,SPONSOR_FIT + SVI,1,1
u-power,31300.0,1359.0,39600.0,2710.0,ABBIGLIAMENTO SPORTIVO,ABBIGLIAMENTO SPORTIVO,2025,74969.0,4,0.417505902439675,0.0181274926969814,0.5282183302431672,0.0361482746201763,10.351405324899678,7.215239978730097,10.586609649448985,7.905072849498666,11.224843312497107,74969.0,0.417505902439675,0.0181274926969814,0.5282183302431672,0.0361482746201763,Borussia Dortmund,16000000.0,4062923.0,20800000.0,1570000.0,2025,42432923.0,4,0.3770657043824202,0.0957493076779085,0.4901854156971463,0.0369995722425249,16.588099342704055,15.21741346940481,16.85046359274847,14.266586814266963,17.563435128308676,WORKBOOK,,99.19110310502464,92.15268873967244,Bundesliga,Germany,68.72,8,132.75,-92.09067523851078,7.909324761489218,9.295061495237812,1,u-power | ABBIGLIAMENTO SPORTIVO,3,97.91666666666666,92.70833333333334,PRIORITY,ROI_AVAILABLE,SPONSOR_FIT + SVI + ROI_PROXY,1,2
u-power,31300.0,1359.0,39600.0,2710.0,ABBIGLIAMENTO SPORTIVO,ABBIGLIAMENTO SPORTIVO,2025,74969.0,4,0.417505902439675,0.0181274926969814,0.5282183302431672,0.0361482746201763,10.351405324899678,7.215239978730097,10.586609649448985,7.905072849498666,11.224843312497107,74969.0,0.417505902439675,0.0181274926969814,0.5282183302431672,0.0361482746201763,RB Leipzig,1400000.0,278845.0,2200000.0,225000.0,2025,4103845.0,4,0.3411434886064167,0.067947254343183,0.5360826249529405,0.0548266320974598,14.151983508870948,12.538414937085085,14.603968372873895,12.323860125621126,15.227435140762214,WORKBOOK,,99.11847348732312,92.36375861667416,Bundesliga,Germany,49.99,19,99.8,,,,0,u-power | ABBIGLIAMENTO SPORTIVO,4,96.875,81.25,PRIORITY,ROI_NOT_AVAILABLE,SPONSOR_FIT + SVI,1,3
ubs,253638.0,503493.0,171000.0,39200.0,BANCHE,BANCHE,2025,967331.0,4,0.2622039405332818,0.5204971204272374,0.1767750645849249,0.0405238744545558,12.443667275210393,13.129327074485838,12.049424683420916,10.576457535657257,13.782297045397458,967331.0,0.2622039405332818,0.5204971204272374,0.1767750645849249,0.0405238744545558,FC Köln,821503.0,573780.0,664000.0,122000.0,2025,2181283.0,4,0.3766145887534997,0.2630470232427429,0.3044080020795101,0.0559303859242473,13.61889208558942,13.260003069398389,13.406038934481533,11.711784520403112,14.595424252203944,WORKBOOK,,86.28945961307015,74.25499028155056,Bundesliga,Germany,49.39,20,98.76,,,,0,ubs | BANCHE,8,92.70833333333334,80.20833333333334,PRIORITY,ROI_NOT_AVAILABLE,SPONSOR_FIT + SVI,1,1
ubs,253638.0,503493.0,171000.0,39200.0,BANCHE,BANCHE,2025,967331.0,4,0.2622039405332818,0.5204971204272374,0.1767750645849249,0.0405238744545558,12.443667275210393,13.129327074485838,12.049424683420916,10.576457535657257,13.782297045397458,967331.0,0.2622039405332818,0.5204971204272374,0.1767750645849249,0.0405238744545558,VfB Stuttgart,630221.0,502745.0,725000.0,92700.0,2025,1950666.0,4,0.3230799121940916,0.257729924036201,0.3716679329008656,0.0475222308688417,13.35382741724851,13.127840351362572,13.493928313146206,11.437134538982278,14.483681923335778,WORKBOOK,,84.13719133712357,73.72328036089635,Bundesliga,Germany,45.64,24,92.16,,,,0,ubs | BANCHE,13,87.5,76.04166666666666,PRIORITY,ROI_NOT_AVAILABLE,SPONSOR_FIT + SVI,1,2
ubs,253638.0,503493.0,171000.0,39200.0,BANCHE,BANCHE,2025,967331.0,4,0.2622039405332818,0.5204971204272374,0.1767750645849249,0.0405238744545558,12.443667275210393,13.129327074485838,12.049424683420916,10.576457535657257,13.782297045397458,967331.0,0.2622039405332818,0.5204971204272374,0.1767750645849249,0.0405238744545558,Leeds United,1700000.0,1064588.0,1300000.0,508000.0,2025,4572588.0,4,0.3717807071181571,0.2328195761350027,0.2843028936785907,0.1110968230682493,14.346139397261563,13.878099367148158,14.077875591662238,13.138238695062618,15.335590123245812,WORKBOOK,,83.82281823229853,71.23224557077654,Premier League,England,59.11,10,115.84,,,,0,ubs | BANCHE,14,86.45833333333334,90.625,PRIORITY,ROI_NOT_AVAILABLE,SPONSOR_FIT + SVI,1,3
unipolsai,161224.0,27597.0,8271.0,14900.0,ASSICURAZIONI,ASSICURAZIONI,2025,211992.0,4,0.7605192648779199,0.1301794407336126,0.0390156232310653,0.0702856711574021,11.990556183878578,10.2254985853115,9.02063159674821,9.60918360377546,12.26430853424109,211992.0,0.7605192648779199,0.1301794407336126,0.0390156232310653,0.0702856711574021,Inter,35000000.0,2886796.0,14300000.0,4010000.0,2025,56196796.0,4,0.6228113076055083,0.0513694054728671,0.2544629056788219,0.0713563812428025,17.370858648025116,14.875658140966744,16.475770165160203,15.20430204865928,17.8443703203572,WORKBOOK,,94.09753734820818,78.3482007466843,Serie A,Italy,54.34,15,107.45,,,,0,unipolsai | ASSICURAZIONI,15,85.41666666666666,85.41666666666666,PRIORITY,ROI_NOT_AVAILABLE,SPONSOR_FIT + SVI,1,1
unipolsai,161224.0,27597.0,8271.0,14900.0,ASSICURAZIONI,ASSICURAZIONI,2025,211992.0,4,0.7605192648779199,0.1301794407336126,0.0390156232310653,0.0702856711574021,11.990556183878578,10.2254985853115,9.02063159674821,9.60918360377546,12.26430853424109,211992.0,0.7605192648779199,0.1301794407336126,0.0390156232310653,0.0702856711574021,Tottenham Hotspur,37000000.0,8700983.0,17400000.0,4900000.0,2025,68000983.0,4,0.5441097814718355,0.1279537826681123,0.2558786539894577,0.0720577818705944,17.426428497635523,15.978946680677376,16.67198082165602,15.404745967162468,18.03503273362392,WORKBOOK,,92.78549950453504,78.13648585284153,Premier League,England,75.82,6,145.22,,,,0,unipolsai | ASSICURAZIONI,18,82.29166666666666,94.79166666666666,PRIORITY,ROI_NOT_AVAILABLE,SPONSOR_FIT + SVI,1,2
unipolsai,161224.0,27597.0,8271.0,14900.0,ASSICURAZIONI,ASSICURAZIONI,2025,211992.0,4,0.7605192648779199,0.1301794407336126,0.0390156232310653,0.0702856711574021,11.990556183878578,10.2254985853115,9.02063159674821,9.60918360377546,12.26430853424109,211992.0,0.7605192648779199,0.1301794407336126,0.0390156232310653,0.0702856711574021,SV Werder Bremen,1100000.0,476903.0,582000.0,167000.0,2025,2325903.0,4,0.4729345978744599,0.205039935027385,0.2502253963299415,0.0718000707682134,13.910821646859096,13.07507049175376,13.274227444925158,12.025755079404917,14.659619338638072,WORKBOOK,,89.5525424127874,71.24153329965401,Bundesliga,Germany,46.73,23,94.08,,,,0,unipolsai | ASSICURAZIONI,23,77.08333333333334,77.08333333333334,PRIORITY,ROI_NOT_AVAILABLE,SPONSOR_FIT + SVI,1,3
ups,2000000.0,279764.0,253000.0,59600.0,LOGISTICA,LOGISTICA,2025,2592364.0,4,0.7714965953855245,0.1079184867557179,0.0975943193162688,0.0229905985424886,14.508658238524095,12.541705244039658,12.441148720271016,10.995427631436174,14.768081144441627,2592364.0,0.7714965953855245,0.1079184867557179,0.0975943193162688,0.0229905985424886,Inter,35000000.0,2886796.0,14300000.0,4010000.0,2025,56196796.0,4,0.6228113076055083,0.0513694054728671,0.2544629056788219,0.0713563812428025,17.370858648025116,14.875658140966744,16.475770165160203,15.20430204865928,17.8443703203572,WORKBOOK,,96.17025076054016,79.47656309371331,Serie A,Italy,54.34,15,107.45,,,,0,ups | LOGISTICA,11,89.58333333333334,85.41666666666666,PRIORITY,ROI_NOT_AVAILABLE,SPONSOR_FIT + SVI,1,1
ups,2000000.0,279764.0,253000.0,59600.0,LOGISTICA,LOGISTICA,2025,2592364.0,4,0.7714965953855245,0.1079184867557179,0.0975943193162688,0.0229905985424886,14.508658238524095,12.541705244039658,12.441148720271016,10.995427631436174,14.768081144441627,2592364.0,0.7714965953855245,0.1079184867557179,0.0975943193162688,0.0229905985424886,Tottenham Hotspur,37000000.0,8700983.0,17400000.0,4900000.0,2025,68000983.0,4,0.5441097814718355,0.1279537826681123,0.2558786539894577,0.0720577818705944,17.426428497635523,15.978946680677376,16.67198082165602,15.404745967162468,18.03503273362392,WORKBOOK,,94.6672528439586,77.2613186086311,Premier League,England,75.82,6,145.22,,,,0,ups | LOGISTICA,17,83.33333333333334,94.79166666666666,PRIORITY,ROI_NOT_AVAILABLE,SPONSOR_FIT + SVI,1,2
ups,2000000.0,279764.0,253000.0,59600.0,LOGISTICA,LOGISTICA,2025,2592364.0,4,0.7714965953855245,0.1079184867557179,0.0975943193162688,0.0229905985424886,14.508658238524095,12.541705244039658,12.441148720271016,10.995427631436174,14.768081144441627,2592364.0,0.7714965953855245,0.1079184867557179,0.0975943193162688,0.0229905985424886,SV Werder Bremen,1100000.0,476903.0,582000.0,167000.0,2025,2325903.0,4,0.4729345978744599,0.205039935027385,0.2502253963299415,0.0718000707682134,13.910821646859096,13.07507049175376,13.274227444925158,12.025755079404917,14.659619338638072,WORKBOOK,,91.070446447385,70.14380024889354,Bundesliga,Germany,46.73,23,94.08,,,,0,ups | LOGISTICA,24,76.04166666666666,77.08333333333334,PRIORITY,ROI_NOT_AVAILABLE,SPONSOR_FIT + SVI,1,3
versace,7500000.0,4924770.0,29400000.0,671000.0,MODA,MODA,2025,42495770.0,4,0.1764881539974449,0.1158884754882662,0.691833563669984,0.0157898068443047,15.830413711839864,15.409788334045356,17.196505266322514,13.416525906265674,17.564915123061255,42495770.0,0.1764881539974449,0.1158884754882662,0.691833563669984,0.0157898068443047,RB Leipzig,1400000.0,278845.0,2200000.0,225000.0,2025,4103845.0,4,0.3411434886064167,0.067947254343183,0.5360826249529405,0.0548266320974598,14.151983508870948,12.538414937085085,14.603968372873895,12.323860125621126,15.227435140762214,WORKBOOK,,94.77973364049406,79.63078401378732,Bundesliga,Germany,49.99,19,99.8,,,,0,versace | MODA,4,96.875,81.25,PRIORITY,ROI_NOT_AVAILABLE,SPONSOR_FIT + SVI,1,1
versace,7500000.0,4924770.0,29400000.0,671000.0,MODA,MODA,2025,42495770.0,4,0.1764881539974449,0.1158884754882662,0.691833563669984,0.0157898068443047,15.830413711839864,15.409788334045356,17.196505266322514,13.416525906265674,17.564915123061255,42495770.0,0.1764881539974449,0.1158884754882662,0.691833563669984,0.0157898068443047,Bayer Leverkusen,3000000.0,482000.0,4600000.0,500000.0,2025,8582000.0,4,0.3495688650664181,0.0561640643206711,0.536005593101841,0.0582614775110696,14.914123179965662,13.085701467719382,15.341567078850604,13.122365377402328,,MANUAL_ESTIMATE_2025,"Manual 2025 approximation from public social-media sources; Facebook=3.0m, X=482k, Instagram=4.6m, YouTube=500k.",94.27333234942682,78.44476182642619,Bundesliga,Germany,52.23,17,103.75,,,,0,versace | MODA,8,92.70833333333334,83.33333333333334,PRIORITY,ROI_NOT_AVAILABLE,SPONSOR_FIT + SVI,1,2
versace,7500000.0,4924770.0,29400000.0,671000.0,MODA,MODA,2025,42495770.0,4,0.1764881539974449,0.1158884754882662,0.691833563669984,0.0157898068443047,15.830413711839864,15.409788334045356,17.196505266322514,13.416525906265674,17.564915123061255,42495770.0,0.1764881539974449,0.1158884754882662,0.691833563669984,0.0157898068443047,SC Freiburg,393528.0,275132.0,619000.0,24300.0,2025,1311960.0,4,0.299954266898381,0.2097106619104241,0.4718131650355194,0.0185219061556754,12.88291004170983,12.525009896097972,13.335862167174314,10.098272780745283,14.0870335224346,WORKBOOK,,93.45682727746414,77.99796013655353,Bundesliga,Germany,45.12,25,91.23,,,,0,versace | MODA,9,91.66666666666666,75.0,PRIORITY,ROI_NOT_AVAILABLE,SPONSOR_FIT + SVI,1,3
wind 3,2000000.0,13237.0,76400.0,61700.0,COMPAGNIE TELEFONICHE,COMPAGNIE TELEFONICHE ,2025,2151337.0,4,0.9296544427953408,0.0061529179296409,0.035512799714782,0.0286798395602362,14.508658238524095,9.490846760678869,11.243751064074187,11.03005541721757,14.581600532120978,2151337.0,0.9296544427953408,0.0061529179296409,0.035512799714782,0.0286798395602362,Inter,35000000.0,2886796.0,14300000.0,4010000.0,2025,56196796.0,4,0.6228113076055083,0.0513694054728671,0.2544629056788219,0.0713563812428025,17.370858648025116,14.875658140966744,16.475770165160203,15.20430204865928,17.8443703203572,WORKBOOK,,93.48352428512024,69.31568648101675,Serie A,Italy,54.34,15,107.45,,,,0,wind 3 | COMPAGNIE TELEFONICHE,11,89.58333333333334,85.41666666666666,PRIORITY,ROI_NOT_AVAILABLE,SPONSOR_FIT + SVI,1,1
wind 3,2000000.0,13237.0,76400.0,61700.0,COMPAGNIE TELEFONICHE,COMPAGNIE TELEFONICHE ,2025,2151337.0,4,0.9296544427953408,0.0061529179296409,0.035512799714782,0.0286798395602362,14.508658238524095,9.490846760678869,11.243751064074187,11.03005541721757,14.581600532120978,2151337.0,0.9296544427953408,0.0061529179296409,0.035512799714782,0.0286798395602362,Tottenham Hotspur,37000000.0,8700983.0,17400000.0,4900000.0,2025,68000983.0,4,0.5441097814718355,0.1279537826681123,0.2558786539894577,0.0720577818705944,17.426428497635523,15.978946680677376,16.67198082165602,15.404745967162468,18.03503273362392,WORKBOOK,,89.87408921023801,61.44553386764948,Premier League,England,75.82,6,145.22,,,,0,wind 3 | COMPAGNIE TELEFONICHE,18,82.29166666666666,94.79166666666666,PRIORITY,ROI_NOT_AVAILABLE,SPONSOR_FIT + SVI,1,2
wind 3,2000000.0,13237.0,76400.0,61700.0,COMPAGNIE TELEFONICHE,COMPAGNIE TELEFONICHE ,2025,2151337.0,4,0.9296544427953408,0.0061529179296409,0.035512799714782,0.0286798395602362,14.508658238524095,9.490846760678869,11.243751064074187,11.03005541721757,14.581600532120978,2151337.0,0.9296544427953408,0.0061529179296409,0.035512799714782,0.0286798395602362,Athletic Bilbao,4300000.0,984531.0,1600000.0,746000.0,2025,7630531.0,4,0.5635256576508241,0.1290252277331682,0.2096839656375159,0.0977651489784918,15.274125813221904,13.79992168034212,14.285514812209817,13.522482219667571,15.847668125600624,WORKBOOK,,92.29426314616992,63.387121485548334,La Liga,Spain,31.48,41,67.25,,,,0,wind 3 | COMPAGNIE TELEFONICHE,14,86.45833333333334,58.333333333333336,STRONG_FIT,ROI_NOT_AVAILABLE,SPONSOR_FIT + SVI,2,3
xiamoi,16000000.0,4345973.0,295000.0,6280000.0,TECNOLOGIA,TECNOLOGIA,2025,26920973.0,4,0.5943321587967865,0.1614344696976591,0.0109579991778157,0.2332753723277386,16.588099342704055,15.28476045726796,12.59473402514672,15.652880697680038,17.108416243364136,26920973.0,0.5943321587967865,0.1614344696976591,0.0109579991778157,0.2332753723277386,Tottenham Hotspur,37000000.0,8700983.0,17400000.0,4900000.0,2025,68000983.0,4,0.5441097814718355,0.1279537826681123,0.2558786539894577,0.0720577818705944,17.426428497635523,15.978946680677376,16.67198082165602,15.404745967162468,18.03503273362392,WORKBOOK,,89.2017043598673,75.5079345188358,Premier League,England,75.82,6,145.22,,,,0,xiamoi | TECNOLOGIA,16,84.375,94.79166666666666,PRIORITY,ROI_NOT_AVAILABLE,SPONSOR_FIT + SVI,1,1
xiamoi,16000000.0,4345973.0,295000.0,6280000.0,TECNOLOGIA,TECNOLOGIA,2025,26920973.0,4,0.5943321587967865,0.1614344696976591,0.0109579991778157,0.2332753723277386,16.588099342704055,15.28476045726796,12.59473402514672,15.652880697680038,17.108416243364136,26920973.0,0.5943321587967865,0.1614344696976591,0.0109579991778157,0.2332753723277386,Inter,35000000.0,2886796.0,14300000.0,4010000.0,2025,56196796.0,4,0.6228113076055083,0.0513694054728671,0.2544629056788219,0.0713563812428025,17.370858648025116,14.875658140966744,16.475770165160203,15.20430204865928,17.8443703203572,WORKBOOK,,89.03083029275093,72.80159446902718,Serie A,Italy,54.34,15,107.45,,,,0,xiamoi | TECNOLOGIA,17,83.33333333333334,85.41666666666666,PRIORITY,ROI_NOT_AVAILABLE,SPONSOR_FIT + SVI,1,2
xiamoi,16000000.0,4345973.0,295000.0,6280000.0,TECNOLOGIA,TECNOLOGIA,2025,26920973.0,4,0.5943321587967865,0.1614344696976591,0.0109579991778157,0.2332753723277386,16.588099342704055,15.28476045726796,12.59473402514672,15.652880697680038,17.108416243364136,26920973.0,0.5943321587967865,0.1614344696976591,0.0109579991778157,0.2332753723277386,SV Werder Bremen,1100000.0,476903.0,582000.0,167000.0,2025,2325903.0,4,0.4729345978744599,0.205039935027385,0.2502253963299415,0.0718000707682134,13.910821646859096,13.07507049175376,13.274227444925158,12.025755079404917,14.659619338638072,WORKBOOK,,87.7258524133291,71.71271375181483,Bundesliga,Germany,46.73,23,94.08,,,,0,xiamoi | TECNOLOGIA,21,79.16666666666666,77.08333333333334,PRIORITY,ROI_NOT_AVAILABLE,SPONSOR_FIT + SVI,1,3
zalando,8700000.0,25004.0,2800000.0,229000.0,E-COMMERCE/RETAIL,E-COMMERCERETAIL,2025,11754004.0,4,0.7401733060495811,0.0021272750970647,0.2382166961998651,0.0194827226534889,15.978833698567334,10.126831083853004,14.845130332288226,12.34148164933907,16.279704591541744,11754004.0,0.7401733060495811,0.0021272750970647,0.2382166961998651,0.0194827226534889,Inter,35000000.0,2886796.0,14300000.0,4010000.0,2025,56196796.0,4,0.6228113076055083,0.0513694054728671,0.2544629056788219,0.0713563812428025,17.370858648025116,14.875658140966744,16.475770165160203,15.20430204865928,17.8443703203572,WORKBOOK,,99.11956414671938,88.26380015559272,Serie A,Italy,54.34,15,107.45,,,,0,zalando | E-COMMERCE/RETAIL,3,97.91666666666666,85.41666666666666,PRIORITY,ROI_NOT_AVAILABLE,SPONSOR_FIT + SVI,1,1
zalando,8700000.0,25004.0,2800000.0,229000.0,E-COMMERCE/RETAIL,E-COMMERCERETAIL,2025,11754004.0,4,0.7401733060495811,0.0021272750970647,0.2382166961998651,0.0194827226534889,15.978833698567334,10.126831083853004,14.845130332288226,12.34148164933907,16.279704591541744,11754004.0,0.7401733060495811,0.0021272750970647,0.2382166961998651,0.0194827226534889,Tottenham Hotspur,37000000.0,8700983.0,17400000.0,4900000.0,2025,68000983.0,4,0.5441097814718355,0.1279537826681123,0.2558786539894577,0.0720577818705944,17.426428497635523,15.978946680677376,16.67198082165602,15.404745967162468,18.03503273362392,WORKBOOK,,96.66492536189452,80.39364754222544,Premier League,England,75.82,6,145.22,,,,0,zalando | E-COMMERCE/RETAIL,14,86.45833333333334,94.79166666666666,PRIORITY,ROI_NOT_AVAILABLE,SPONSOR_FIT + SVI,1,2
zalando,8700000.0,25004.0,2800000.0,229000.0,E-COMMERCE/RETAIL,E-COMMERCERETAIL,2025,11754004.0,4,0.7401733060495811,0.0021272750970647,0.2382166961998651,0.0194827226534889,15.978833698567334,10.126831083853004,14.845130332288226,12.34148164933907,16.279704591541744,11754004.0,0.7401733060495811,0.0021272750970647,0.2382166961998651,0.0194827226534889,Bayern Munich,64000000.0,6494125.0,44100000.0,5120000.0,2025,119714125.0,4,0.5346069229508214,0.0542469403673125,0.3683775828458003,0.0427685538360657,17.974393656948944,15.68640863398211,17.60197036309281,15.448665192328171,18.600617175261277,WORKBOOK,,95.38669410920606,79.44336169012402,Bundesliga,Germany,90.74,3,171.46,-85.76043760399334,14.239562396006654,26.21589395300713,1,zalando | E-COMMERCE/RETAIL,18,82.29166666666666,97.91666666666666,PRIORITY,ROI_AVAILABLE,SPONSOR_FIT + SVI + ROI_PROXY,1,3
